qid,question,doc_key,title,author,snippet,llm_gain,human_gain
1,அவன் சென்ற பாதை' என்ற அறிஞர் அண்ணாதுரை அவர்களின் படைப்பு பொன்னியின் எந்த இதழில் இடம் பெற்றுள்ளது,unknown || 21 || பொதுமேடை,பொதுமேடை,NA,"பொதுமேடை….. போத்தனூர்

 1-12-49

 வரிக்காக மதுவிலக்கா? மதுவிலக்கு வெற்றியளிக்கவில்லை என்பது மாநில மக்களும், நாடாளும் அமைச்சர்களும் நன்கறிந்ததொன்றாகும். அதைக் குறித்து முதலமைச்சர் முதல் கடைசிக் கதர்க",0,
1,அவன் சென்ற பாதை' என்ற அறிஞர் அண்ணாதுரை அவர்களின் படைப்பு பொன்னியின் எந்த இதழில் இடம் பெற்றுள்ளது,unknown || 19 || மனப் பாம்பு,மனப் பாம்பு,இளமைப்பித்தன்,"மனப் பாம்பு

இளமைப்பித்தன்



ராமலிங்கம் கையில் ஏதோ ஒரு புத்தகத்தை வைத்துப் படித்துக் கொண்டிருந்தான். பார்வை எழுத்துக்களின்மேல் அழுந்தாமல் மேலோட்டமாக விழுந்து புரண்டு கொண்டிருந்தது. கவனம் முழுவதும் அ",0,
1,அவன் சென்ற பாதை' என்ற அறிஞர் அண்ணாதுரை அவர்களின் படைப்பு பொன்னியின் எந்த இதழில் இடம் பெற்றுள்ளது,unknown || 1 || வாழ்த்தும் வரவேற்பும்,வாழ்த்தும் வரவேற்பும்,NA,"'வாழ்த்தும் வரவேற்பும்'





""முற்போக்குக் கருத்துகளை, கதை, கவிதை, கட்டுரை வடிவிலே நமக்கெல்லாம் வழங்கி வந்த பொன்னி இதழ் மீண்டும் மலர இருப்பது கேட்டு மகிழ்கிறேன். இதழ் திராவிட முன்னேற்றக் கழகத்துக்குத்",1,
1,அவன் சென்ற பாதை' என்ற அறிஞர் அண்ணாதுரை அவர்களின் படைப்பு பொன்னியின் எந்த இதழில் இடம் பெற்றுள்ளது,unknown || 4 || வளரும் இலக்கியம்,வளரும் இலக்கியம்,NA,"வளரும் இலக்கியம்



தனி அரசு



தி. பிரச்சார ஏடுகளில் ஒன்றான தனி அரசு வழக்கமான பகுதிகளைத் தாங்கியபடி திங்கள் மும்முறையாக வெளிவருகிறது. ஆசைத்தம்பியின் 'காதல் மாளிகை' என்ற தொடர் கதையுடன், கலைச்செய்தி, ",1,
1,அவன் சென்ற பாதை' என்ற அறிஞர் அண்ணாதுரை அவர்களின் படைப்பு பொன்னியின் எந்த இதழில் இடம் பெற்றுள்ளது,unknown || 23 || பொது மேடை,பொது மேடை,NA,"பொது மேடை.. 'பொன்னி' தந்த மலர் பற்றி நமக்குக் கிடைத்து வரும் கருத்துரைகள் உண்மையிலேயே உற்சாகத்தை ஊட்டுவனவாய் அமைந்துள்ளன. சில கடிதங்களை மட்டும் வெளியிட்டுள்ளளோம். திருச்சி

25-1-50

முழு வெற்றி

பொ",2,
1,அவன் சென்ற பாதை' என்ற அறிஞர் அண்ணாதுரை அவர்களின் படைப்பு பொன்னியின் எந்த இதழில் இடம் பெற்றுள்ளது,unknown || 2 || வளரும் இலக்கியம்,வளரும் இலக்கியம்,"நா. வேத்தரசன், மு. அண்ணாமலை, சாமி பழனியப்பன்","வளரும் இலக்கியம்



இன்பக்கடல்

சத்திமுத்தப் புலவர்



கவியரசர் பாரதிதாசனார் தமிழ் மக்களுக்கு வழங்கியிருக்கும் இரண்டு நாடகங்கள் இவை. நாடகங்களின் சிறப்பு பற்றி நாம் அதிகம் சொல்லத் தேவையில்லை. ஏனெனில",0,
1,அவன் சென்ற பாதை' என்ற அறிஞர் அண்ணாதுரை அவர்களின் படைப்பு பொன்னியின் எந்த இதழில் இடம் பெற்றுள்ளது,unknown || 4 || மக்கள் மன்றம்,மக்கள் மன்றம்,NA,"மக்கள் மன்றம்



நீடாமங்கலம்

4-4-54



பைந்தமிழ்ப் பாதை நடந்து பூத்துக் குலுங்கிடும் செந்தமிழ்ச் சோலையைக் கண்ணுற்றேன். தும்பியெனப் பறந்து திரிந்து தேன் தமிழ்ச் சுவை திகட்டிட உண்டேன். வாழ்க பொன்னி!",0,
1,அவன் சென்ற பாதை' என்ற அறிஞர் அண்ணாதுரை அவர்களின் படைப்பு பொன்னியின் எந்த இதழில் இடம் பெற்றுள்ளது,unknown || 6 || வளரும் இலக்கியம்,வளரும் இலக்கியம்,நா. வேத்தரசன்,"வளரும் இலக்கியம்

ஓடாதே**

 ஒரு சிறு பையனின் பரிதாபகரமான கதை. அவன் துன்பத்தைத் தாங்கமுடியாமல் கடலில் விழப் போகும்போது `தமிழ்வாணன்' அண்ணா தடுத்து விடுகிறார். அவன் அன்புக்குரிய தங்கச்சியும் ஓடி வருகிறாள",0,
1,அவன் சென்ற பாதை' என்ற அறிஞர் அண்ணாதுரை அவர்களின் படைப்பு பொன்னியின் எந்த இதழில் இடம் பெற்றுள்ளது,unknown || 6 || பார் பார் பட்டணம் பார்,பார் பார் பட்டணம் பார்,மெரீனா,"3 பட்டணம்பார்

""மெரீனா எழுதுகிறது பட்டணத்திலே வெய்யில் கடு மையாகக் கொளுத்துகிறது. ஒரு நாளுக்கொருநாள வெப் பம் கூடிககொண்டே போகி றது. அப்பப்பா தாங்க முடிய வில்லை. விஷ ஏறுவது போலல்லவா ஏறுகிறது! இப் படியே ",0,
1,அவன் சென்ற பாதை' என்ற அறிஞர் அண்ணாதுரை அவர்களின் படைப்பு பொன்னியின் எந்த இதழில் இடம் பெற்றுள்ளது,unknown || 10 || காலமும் கருத்தும்,காலமும் கருத்தும்,NA,"காலமும் கருத்தும்



பெங்களூர்

நோய்வாய்ப்பட்டிருந்த காங்கிரஸ் பெங்களூர்க் காற்றால் குணமாகிவிட்டதாகக் காங்கிரஸ் பத்திரிகைகள் பறைசாற்றுகின்றன. `காங்கிரஸ் பிளவுபட்டுவிடும்; சின்னாபின்னமாகி விடும்' என்",0,
1,அவன் சென்ற பாதை' என்ற அறிஞர் அண்ணாதுரை அவர்களின் படைப்பு பொன்னியின் எந்த இதழில் இடம் பெற்றுள்ளது,unknown || 6 || அனுபவம்,அனுபவம்,ஜெகசிற்பியன்,"அனுபவம்

 ~ஜெகசிற்பியன்~

 ""ஒவ்வொரு தனிமனிதனுடைய வாழ்க்கையும் ஒருஅற்புத இலக்கியமே"" என்றுகூறப்படுகிறது. ''அவ்விதம்தன் வாழ்க்கையிலும். பிறர்வாழ்க்கையிலும் பின்னிப்பினைந்து செல்லும் பல சுவையான நிகழ்ச்சிக",0,
1,அவன் சென்ற பாதை' என்ற அறிஞர் அண்ணாதுரை அவர்களின் படைப்பு பொன்னியின் எந்த இதழில் இடம் பெற்றுள்ளது,unknown || 10 || மணிவிழா,மணிவிழா,NA,"மணிவிழா...... 9

பார் பார் பட்டணம் பார்                                  மெரீனா				11

கலையுலகம்                                                        வண்டு 				13

மன்னா நல்லதோ? திருநாவுக்கரசு 			16",0,
1,அவன் சென்ற பாதை' என்ற அறிஞர் அண்ணாதுரை அவர்களின் படைப்பு பொன்னியின் எந்த இதழில் இடம் பெற்றுள்ளது,unknown || 6 || தமிழர் இல்லம்,தமிழர் இல்லம்,மங்கை,"தமிழர் இல்லம்

-மங்கை-

குழந்தை     வளர்ப்பு

1. ஏனைய நாடுகளைக் காட்டிலும் நமது நாட்டில் குழந்தை மரணமும் பிரசவ மரணமும் பன்மடங்கு அதிகமாக இருப்பதன் காரணம் பழைய வழக்கங்களைத் தாய்மார்கள் இன்னும் கையாண",0,
1,அவன் சென்ற பாதை' என்ற அறிஞர் அண்ணாதுரை அவர்களின் படைப்பு பொன்னியின் எந்த இதழில் இடம் பெற்றுள்ளது,unknown || 1 || வளரும் இலக்கியம்,வளரும் இலக்கியம்,"கோவை இளஞ்சேரன், சாமி பழனியப்பன், மலையன், நாக முத்தையா","வளரும் இலக்கியம்



வரப்பெற்றோம். திராவிடநாடு (பொங்கல் மலர். )

அழகான முந்நிற அட்டையோடு இவ்வாண்டுத் திராவிட நாடு பொங்கல் மலர் திகழ்கின்றது. அண்ணாவின் `இருளில் ஒளி ' 'புதிய பாதை' என்ற கட்டுரைகளுடன் தோ",2,
1,அவன் சென்ற பாதை' என்ற அறிஞர் அண்ணாதுரை அவர்களின் படைப்பு பொன்னியின் எந்த இதழில் இடம் பெற்றுள்ளது,unknown || 6 || பொதுமேடை,பொதுமேடை,NA,"பொதுமேடை                                                                                          27

வளரும் இலக்கியம்             தே. நாராயணன்                                 30

கலையும் ரசிகர்களும",0,
1,அவன் சென்ற பாதை' என்ற அறிஞர் அண்ணாதுரை அவர்களின் படைப்பு பொன்னியின் எந்த இதழில் இடம் பெற்றுள்ளது,unknown || 3 || உயர்திரு உல்லாசம் அவர்கட்கு,உயர்திரு உல்லாசம் அவர்கட்கு,NA,"உயர்திரு உல்லாசம் அவர்கட்கு



3. ஒரே ஒரு கதை



ஆமாம். உண்மையாக நடந்தது, நடக்கிறது என்றால் உலுத்துப்போன உங்கள் உள்ளம் ஒப்புக்கொள்ளாது; நம்பாது. அதனால்தான் கதை என்ற பீடிகையோடு ஆரம்பிக்கின்றேன் இக்கட",0,
1,அவன் சென்ற பாதை' என்ற அறிஞர் அண்ணாதுரை அவர்களின் படைப்பு பொன்னியின் எந்த இதழில் இடம் பெற்றுள்ளது,unknown || 6 || உங்களுக்குத் தெரியுமா?,உங்களுக்குத் தெரியுமா?,வழிப்போக்கன்,"உங்களுக்குத் தெரியுமா? வழிப்போக்கன்

           6. சாம்பார் சாம்பியன்

 இட்டிலி சாம்பாரைப் பற்றிப்பேசுவது மிகவும் சாதாரணமான விஷயம். மேலும் அது,மிருதுவான தன்மையும், கடினமான காய்கறிக் கூட்டுக்களும் கலந",0,
1,அவன் சென்ற பாதை' என்ற அறிஞர் அண்ணாதுரை அவர்களின் படைப்பு பொன்னியின் எந்த இதழில் இடம் பெற்றுள்ளது,unknown || 9 || வளரும் இலக்கியம்,வளரும் இலக்கியம்,"திரு. நா. வேத்தரசன், நாக. முத்தையா","வளரும் இலக்கியம்

மக்கட்பேறு

குடும்ப விளக்கு என்ற தலைப்பிலே,இல்லறம், விருந் தோமபல் திருமணம என மூன்று புத்தகங்களை முன்னர் எழுதித் தமிழ் உலக்கீந்த சுனியரசர் பாரதிதாசனார் நானகாம புத்தகமாக 'மக்க பேறு என்",0,
2,பொன்னி இதழில் 'வளரும் இலக்கியம்' என்ற பகுதி எதை பற்றியது?,unknown || 1 || வாழ்த்தும் வரவேற்பும்,வாழ்த்தும் வரவேற்பும்,NA,"'வாழ்த்தும் வரவேற்பும்'





""முற்போக்குக் கருத்துகளை, கதை, கவிதை, கட்டுரை வடிவிலே நமக்கெல்லாம் வழங்கி வந்த பொன்னி இதழ் மீண்டும் மலர இருப்பது கேட்டு மகிழ்கிறேன். இதழ் திராவிட முன்னேற்றக் கழகத்துக்குத்",0,
2,பொன்னி இதழில் 'வளரும் இலக்கியம்' என்ற பகுதி எதை பற்றியது?,unknown || 12 || தமிழ் அறிவுக் களஞ்சியம்,தமிழ் அறிவுக் களஞ்சியம்,கா.அப்பாத்துரை,"தமிழ் அறிவுக் களஞ்சியம்

அறிஞர் அப்பாத்துரை

7. தேசீயமும் தமிழியக்கமும்



மற்ற எல்லா மொழிகளையும் போலவே தமிழிலும் அறிவுக்களஞ்சியம் ஏற்படுவது இன்றியமையாதது என்றும்; தமிழகத்தின் இன்றைய சூழ்நிலைகளிடையே",0,
2,பொன்னி இதழில் 'வளரும் இலக்கியம்' என்ற பகுதி எதை பற்றியது?,unknown || 15 || வளரும் இலக்கியம்,வளரும் இலக்கியம்,நானா,"வளரும் இலக்கியம்

முதல் இரவு**

சென்னை ஸ்டார் பிரசுர வெளியீடு இந்நூல், புதிய முயற்சி. தோழர் ரகுநாதன் இந்நாவலைத் துணிந்து எழுதி, வெளியிட்டோரும் துணிந்து வெளியிட்டிருக்கிறார்கள். படிக்கின்றவர்களும் துணி",3,
2,பொன்னி இதழில் 'வளரும் இலக்கியம்' என்ற பகுதி எதை பற்றியது?,unknown || 12 || போராட்டச் செய்தி நாட்குறிப்பு,போராட்டச் செய்தி நாட்குறிப்பு,NA,போராட்டச் செய்தி நாட்குறிப்பு. 1948 செப்டம்பர் 11  21-வது நாள் மறியல். ஐந்து மறியல் தொண்டர்கள் கைது. நேற்றுக் கைது செய்யப்பட்ட 11 பேருக்கு சிறைவாசம். சேலத்தில் இந்தி மந்திரி அவினாசிலிங்கத்திற்குக் கரு,0,
2,பொன்னி இதழில் 'வளரும் இலக்கியம்' என்ற பகுதி எதை பற்றியது?,unknown || 21 || பொதுமேடை,பொதுமேடை,NA,"பொதுமேடை….. போத்தனூர்

 1-12-49

 வரிக்காக மதுவிலக்கா? மதுவிலக்கு வெற்றியளிக்கவில்லை என்பது மாநில மக்களும், நாடாளும் அமைச்சர்களும் நன்கறிந்ததொன்றாகும். அதைக் குறித்து முதலமைச்சர் முதல் கடைசிக் கதர்க",0,
2,பொன்னி இதழில் 'வளரும் இலக்கியம்' என்ற பகுதி எதை பற்றியது?,unknown || 17 || வளரும் இலக்கியம்,வளரும் இலக்கியம்,NA,"வளரும் இலக்கியம்

இந்நாள் இலக்கியச் சந்தையில் இடம்பெறும் புத்தகப் பட்டியலின் இடத்தை நாவல் - அதிலும் எட்டணா நாவல்களின் பெயர்கள் அதிகம் அடைத்துக் கொண்டிருக்கும் நிலையிலே, ‘சில்லறை' நாவல்களுக்குத்தான் இன",3,
2,பொன்னி இதழில் 'வளரும் இலக்கியம்' என்ற பகுதி எதை பற்றியது?,unknown || 2 || பொது மேடை,பொது மேடை,NA,"பொது மேடை



	சிதம்பரம் 16-2-49. 'பொன்னி' யின் பொங்கல் மலர் ஒரு தங்க மலர் - பகுத்தறிவு மணம் இருக்கிறது அதில்! பொன் மலர் நாற்றமுடைத்து…. என்று பாடியது இன்று உண்மையாகி விட்டது. கதைகளுக்கேற்ற பட அமைப்பு",0,
2,பொன்னி இதழில் 'வளரும் இலக்கியம்' என்ற பகுதி எதை பற்றியது?,unknown || 10 || அலுவலக அறிவிப்பு,அலுவலக அறிவிப்பு,NA,"அலுவலக அறிவிப்பு



பொன்னி உரிய நாளில் சரிவர வெளிவருவதில்லை என விற்பனையாளர்கள், எழுத்தாளர்கள், பொன்னி அன்பர்கள் ஆகியோரிடை ஒரு பெருங் குறைபாடு எழுந்துள்ளது. உரிய காலத்தில் உங்கள் கையில் தவழத் தவறமாட்ட",2,
2,பொன்னி இதழில் 'வளரும் இலக்கியம்' என்ற பகுதி எதை பற்றியது?,unknown || 2 || பாட்டாளி மக்களே!,பாட்டாளி மக்களே!,சிலம்பின் செல்வன்,"பாட்டாளி மக்களே! ""சிலம்பீன் செல்வன்""



மண்ணினின்றெழுந்து விண்ணை முட்டும் மாட மாளிகைகளை, கண்ணுக்குத் துணையாய் கலத்திற்கு வழிகாட்டும் கலங்கரை விளக்கங்களை, மன்னவன் வாழ்ந்திட்ட மதில் சூழ்ந்த மாப்பேராலயத",0,
2,பொன்னி இதழில் 'வளரும் இலக்கியம்' என்ற பகுதி எதை பற்றியது?,unknown || 4 || காலமும் கருத்தும்,காலமும் கருத்தும்,NA,"காலமும் கருத்தும்

புதுமைப்பித்தன் பரிசு

புதுமைப்பித்தன் நினைவாகச் சிறுகதைப் பரிசுத் திட்டம் ஒன்று வெளியிட்டிருக்கிறோம். சென்ற இதழிலும் இந்த இதழிலும் அப்போட்டி பற்றிய விவரங்களைத் தனியே காணலாம். தமிழ",1,
2,பொன்னி இதழில் 'வளரும் இலக்கியம்' என்ற பகுதி எதை பற்றியது?,unknown || 1 || இன்று...,இன்று...,NA,பொன்னி உங்கள் பொன்மலர்க் கரங்களிலே; புதுமை எழிலொடு புன்னகை புரிகின்றாள். கையிலேந்தியதும் மெய்யிலே ஒரு சிலுசிலுப்பு: கருத்திலே ஒரு புத்துணர்ச்சி; உள்ளத்திலே ஓர் உவகை; உதட்டிலே புன்னகை; இத்தனையும் ஏற்பட,0,
2,பொன்னி இதழில் 'வளரும் இலக்கியம்' என்ற பகுதி எதை பற்றியது?,unknown || 11 || தெலுங்கு இலக்கியம்,தெலுங்கு இலக்கியம்,கா.அப்பாத்துரை,"தெலுங்கு இலக்கியம்

-அறிஞர் கா. அப்பாத்துரை-



தெலுங்கு மொழி சென்னை மாகாணத்தில் ராயலசீமாவிலும் வடசர்க்காரிலும் ஐதராபாத்தில் தெலிங்காணத்திலும் பேசப்படுகிறது. தெலுங்க நாட்டின் மொத்தப் பரப்பு நூறாயிரம",0,
2,பொன்னி இதழில் 'வளரும் இலக்கியம்' என்ற பகுதி எதை பற்றியது?,unknown || 12 || காலமும் சுருத்தும்,காலமும் சுருத்தும்,NA,"காலமும் கருத்தும்



பொங்கல் விழா! விழாக்கொண்டாட வேண்டுமென்று யாரும் விரும்புவது இயற்கை. வீணரின் பேச்சை நம்பி, அவசியமும், காரணமுமின்றி விழாக்கள் நடைபெறுவதும் நம் நாட்டில் இயற்கையாகி விட்டது. ஏதோ கதை க",0,
2,பொன்னி இதழில் 'வளரும் இலக்கியம்' என்ற பகுதி எதை பற்றியது?,unknown || 20 || கி. வா. ஜகந்நாதன்,கி. வா. ஜகந்நாதன்,,,0,
2,பொன்னி இதழில் 'வளரும் இலக்கியம்' என்ற பகுதி எதை பற்றியது?,unknown || பொங்கல் மலர் || கல்கி,கல்கி,எஸ்.ஆறுமுகம்,"கல்கி

பேட்டிக்கட்டுரை

       பூவை. ஆறுமுகம்



""அகில உலகச் சிறுகதைப் போட்டியில், தமிழ்க் கதை ஒன்று கூடப் பரிசு பெறவில்லையே. இது பற்றிய தங்களின கருத்து யாது? ""



"" பெயர்பெற்ற புதுமைப்பித்தன், கு",1,
2,பொன்னி இதழில் 'வளரும் இலக்கியம்' என்ற பகுதி எதை பற்றியது?,unknown || 11 || இலக்கியத்தில் காதல்,இலக்கியத்தில் காதல்,கோவை இளஞ்சேரன்,"இலக்கியத்தில் காதல்

கோவை இளஞ்சேரன்



உலகத்தையே உருட்டிப் பார்க்கும் அறிவு; எந்த அறிவையும் அடகு பெறும் செல்வம்; தனது பற்றுக் கோட்டிலே இமைப்போதில் பரவும் மின்சாரம்; கொடுமைகளையும் குழைய வைக்கும் அழகு; ",0,
2,பொன்னி இதழில் 'வளரும் இலக்கியம்' என்ற பகுதி எதை பற்றியது?,unknown || 16 || இலக்கியத்தில் காதல்,இலக்கியத்தில் காதல்,கா.அப்பாத்துரை,"இலக்கியத்தில் காதல்

கா. அப்பாத்துரை



இலக்கியத்தில் காதல் உண்டு; காதலில் இலக்கியம் உண்டு. ஆனால் இலக்கியத்தில் வரும் காதல் எல்லாம் காதலுமன்று; காதல் கூறும் இலக்கியம் எல்லாம் இலக்கியமுமன்று. இலக்கிய",0,
2,பொன்னி இதழில் 'வளரும் இலக்கியம்' என்ற பகுதி எதை பற்றியது?,unknown || 12 || இலங்கைத் திருமுகம்,இலங்கைத் திருமுகம்,துரைசாமி,"இலங்கைத் திருமுகம்                   துரைசாமி                                            16

கள்வனா? பூபதி                                           17

நம் கருத்து                                  ",0,
3,சிலப்பதிகாரம் குறித்து பொன்னி இதழில் செய்திகள் இருக்கின்றனவா?,unknown || 20 || பொது மேடை,பொது மேடை,NA,"சென்னை

14-11-49



 *பூவையர் விரும்பும் பொன்னி

 ""என்ன கண்டுவிட்டு அப்படி வைத்த விழி வாங்காமல் பார்க்கின் றீர்கள்? '' என்று கேட்டுக்கொண்டே என் வாழ்க்கைத் துணை நலம் மெதுவாகப் 'பொன்னி'யை இழுப்பாள",0,
3,சிலப்பதிகாரம் குறித்து பொன்னி இதழில் செய்திகள் இருக்கின்றனவா?,unknown || 21 || பொதுமேடை,பொதுமேடை,NA,"பொதுமேடை….. போத்தனூர்

 1-12-49

 வரிக்காக மதுவிலக்கா? மதுவிலக்கு வெற்றியளிக்கவில்லை என்பது மாநில மக்களும், நாடாளும் அமைச்சர்களும் நன்கறிந்ததொன்றாகும். அதைக் குறித்து முதலமைச்சர் முதல் கடைசிக் கதர்க",0,
3,சிலப்பதிகாரம் குறித்து பொன்னி இதழில் செய்திகள் இருக்கின்றனவா?,unknown || 2 || பொது மேடை,பொது மேடை,NA,"பொது மேடை



	சிதம்பரம் 16-2-49. 'பொன்னி' யின் பொங்கல் மலர் ஒரு தங்க மலர் - பகுத்தறிவு மணம் இருக்கிறது அதில்! பொன் மலர் நாற்றமுடைத்து…. என்று பாடியது இன்று உண்மையாகி விட்டது. கதைகளுக்கேற்ற பட அமைப்பு",0,
3,சிலப்பதிகாரம் குறித்து பொன்னி இதழில் செய்திகள் இருக்கின்றனவா?,unknown || 1 || மொழிப்போர்,மொழிப்போர்,அருண்மொழி,"மொழிப் போர்

""அருண்மொழி""

 

உலக வாழ்வில் முன்னேற விரும்பும் ஒவ்வொரு மனிதனும் தான் ஈடுபட்ட துறையில் 'வெற்றி' காணவே விரும்புகின்றான். மக்களின் இயல்பான பண்பும் இதுதான். அடிமைக் கட்டு நீங்க ஆபிரகாம் லிங்",0,
3,சிலப்பதிகாரம் குறித்து பொன்னி இதழில் செய்திகள் இருக்கின்றனவா?,unknown || 18 || தமிழர் நெறி,தமிழர் நெறி,NA,"தமிழர் நெறி

தைப் பொங்கல் தொடங்கிய தமிழர் புத்தாண்டு நாட்டிற்கு நல்வாழ்வு விரைவில் தொடங்கும் என்பதற்கான அறிகுறிகளோடு பிறந்திருக்கிறது ஏழை மக்களும் பாட்டாளிகளும் நடுத்தரமக்களும் படும் துயரம் அளவற்ற தேன",0,
3,சிலப்பதிகாரம் குறித்து பொன்னி இதழில் செய்திகள் இருக்கின்றனவா?,unknown || 11 || நமக்குள்ளே,நமக்குள்ளே,சுகி,"நமக்குள்ளே



சுகி



தம்மைப் பற்றிப் பெரிதாக - இமயமலையாக - நினைத்துக் கொள்வது நம்மில் பலருக்கு வழக்கம்! இந்தத் திருக்கூட்டத்தில் என்னைச் சேர்க்க வேண்டாம். நிபுணன், குறிப்பிட்ட தொழிலில் சூரப்புலி என்ற",0,
3,சிலப்பதிகாரம் குறித்து பொன்னி இதழில் செய்திகள் இருக்கின்றனவா?,unknown || 18 || பொதுமேடை,பொதுமேடை,NA,"பொது மேடை

மயிலாப்பூர் - 22-1-49. பொங்கல்மலர் பெற்று மகிழ்ச்சியுற்றேன். எனது வந்தனம். பல சிறந்த கட்டுரைகளுடன் அழகான முறையில் வெளியிட்டிருப்பது போற்றத்தக்கது. புதுவருடம் நல்வருடமாகுக! முத்தையா

திருச்",0,
3,சிலப்பதிகாரம் குறித்து பொன்னி இதழில் செய்திகள் இருக்கின்றனவா?,unknown || 12 || உலக அரங்கில்,உலக அரங்கில்,ஜீவகன்,"உலக அரங்கில்



“ஜீவகன்”







போர்மோசா

ஆங்கில - அமெரிக்கப் பிளவு ஏன்? சென்ற இதழில் எழுதியிருந்தது போல போர்மோசா பிரச்சினை, ஒரு பெரிய போர் ஏற்படுவதற்கான சூழ்நிலையை உண்டாக்கி விட்டது. ஆனால், ஒரு பெரு",0,
3,சிலப்பதிகாரம் குறித்து பொன்னி இதழில் செய்திகள் இருக்கின்றனவா?,unknown || 9 || பொது மேடை,பொது மேடை,NA,"பொது மேடை

கரூர்

17-6-50

★

உற்பத்தி பெருகுமா? 'நாங்கள் கேர்தலிலே வெற்றி பெற்றால் தெருவெல்லாம் தேனும் பாலும வழிந்தோடும் நீங்கன் நடக்கும் பொழுது வேட்டியைத் தூக்கிப் பிடித்துக் கொண்டுதான் செல்லவேண்டும",0,
3,சிலப்பதிகாரம் குறித்து பொன்னி இதழில் செய்திகள் இருக்கின்றனவா?,unknown || 7 || இரண்டு காட்சிகள்,இரண்டு காட்சிகள்,தமிழ்த்தும்பி,"இரண்டு காட்சிகள்

தமிழ்த்தும்பி

எத்தனையோ பாலைக்காட்டு வர்ணனைகளைப் படித்திருப்பீர்கள். இப்போது படிக்கப் போவதைப் போன்ற அற்புதமான விவரிப்பைக் கண்டிருப்பது தேடவும் வானத்தைக் கூரை அருமை. உங்கள் எல்லோருக",0,
3,சிலப்பதிகாரம் குறித்து பொன்னி இதழில் செய்திகள் இருக்கின்றனவா?,unknown || 5 || பொது மேடை,பொது மேடை,NA,"பொது மேடை



தமிழ் உபாத்திமைச் சங்கம்

டர்பன் 9-3-49

   இலக்கியம், கலை, அரசியல், சமயம் ஆகிய எல்லாத் துறைகளிலும், சமுதாய நலமே ஒப்பற்ற நலமாகக் கொண்டும், சமுதாய உணர்வு கொண்டு மக்களும் நாடும் உயர்வுகொ",0,
3,சிலப்பதிகாரம் குறித்து பொன்னி இதழில் செய்திகள் இருக்கின்றனவா?,unknown || 16 || நல்ல பைத்தியம்!,நல்ல பைத்தியம்!,எஸ்.ஆறுமுகம்,"நல்ல பைத்தியம்! ஆறுமுகம்

மாரம்பட், வேலைக்காரன் நீட்டிய கடிதத்தைப் பிரித்துப் படித்ததும் புன்னகை பூத்தார். டெனிஸ், அவருடன் இருபது ஆண்டுகள் வேலைக்காரனாக இருந்திருக்கிறான். அவன் மிகவும் வேடிக்கையானவன்;",0,
3,சிலப்பதிகாரம் குறித்து பொன்னி இதழில் செய்திகள் இருக்கின்றனவா?,unknown || 19 || பொது மேடை,பொது மேடை,NA,"`பொன்னி'யின் அன்பர்கள் நாட்டு நடப்பு, உலக நிகழ்ச்சி எதைப் பற்றியும் தத்தம் கருத்துரையை இப்பகுதிக்கு எழுதி அனுப்பலாம். ஒரே ஒரு நிபந்தனைதான். உங்கள் கருத்துரை ஒரு ‘கார்டுக்குள்' அடங்கி விட

- வேண்டுமென",0,
3,சிலப்பதிகாரம் குறித்து பொன்னி இதழில் செய்திகள் இருக்கின்றனவா?,unknown || 1 || மூன்றவது ஆண்டு,மூன்றவது ஆண்டு,NA,"மூன்றவது ஆண்டு



உங்கள் அருமைப் 'பொன்னி’க்கு இன்று மூன்றாம் ஆண்டு தொடங்குகிறது; அன்பர்களின் ஆர்வம், ஒத்துழைப்பு என்னும் துணை கொண்டு இரண்டு ஆண்டுப் பயணத்தை வெற்றிகரமாக முடித்திருக்கிறள் 'பொன்னி' நல்லா",3,
3,சிலப்பதிகாரம் குறித்து பொன்னி இதழில் செய்திகள் இருக்கின்றனவா?,unknown || 18 || பொது  மேடை,பொது  மேடை,NA,"வாசகர்களின் கருத்துரைகளை வெளியிடுவதற்கென்றே இப்பகுதி ஒவ்வொரு இதழிலும் இடம் பெறுகிறது. `பொன்'னியைப் பற்றி மட்டுமல்ல, உள்நாட்டு, வெளிநாட்டு நடப்புகளில் எதைப் பற்றியும் அன்பர்கள் தந்தம் எண்ணங்களை, எழுதிய",0,
3,சிலப்பதிகாரம் குறித்து பொன்னி இதழில் செய்திகள் இருக்கின்றனவா?,unknown || 10 || காலமும் கருத்தும்,காலமும் கருத்தும்,NA,"காலமும் கருத்தும்



பெங்களூர்

நோய்வாய்ப்பட்டிருந்த காங்கிரஸ் பெங்களூர்க் காற்றால் குணமாகிவிட்டதாகக் காங்கிரஸ் பத்திரிகைகள் பறைசாற்றுகின்றன. `காங்கிரஸ் பிளவுபட்டுவிடும்; சின்னாபின்னமாகி விடும்' என்",0,
3,சிலப்பதிகாரம் குறித்து பொன்னி இதழில் செய்திகள் இருக்கின்றனவா?,unknown || 2 || நினைவுப் பாதையில்,நினைவுப் பாதையில்,இளமைப்பித்தன்,"நினைவுப் பாதையில்

இளமைப்பித்தன்





நான் ஒரு பிரபல கதாசிரியை அல்ல. அப்படியிருந்திருந்தால் காதல் கட்டத்தையோ, அல்லது நெஞ்சு திடுக்கிடும்படியான நிகழ்ச்சிகளைக் கொண்டோ கதையை ஆரம்பித்து இருக்கலாம். ஆனால",0,
3,சிலப்பதிகாரம் குறித்து பொன்னி இதழில் செய்திகள் இருக்கின்றனவா?,unknown || 5 || சிலப்பதிகாரக் காட்சிகள்,சிலப்பதிகாரக் காட்சிகள்,விசு.திருநாவுக்கரசு,"சிலப்பதிகாரக் காட்சிகள்

விசு. திருநாவுக்கரசு

5. மாதவி காதற் கடிதம்

கடற்கரையிலே காதலனை விட்டுப்பிரிந்த மாதவி துன்பமும் தானுமாய் தன் இல்லம் புகுந்தாள். இளவேனிற்காலம் தொடங்கிவிட்டது. நீர்நிலைகளிலும",3,
4,தமிழ்நாட்டு வால்ட் விட்மன்' என்று பாரதிதாசனைக் கூறியவர் யார்?,unknown || 4 || தமிழ்நாட்டு வால்ட் விட்மன் கவிமணி,தமிழ்நாட்டு வால்ட் விட்மன் கவிமணி,NA,"தமிழ்நாட்டு வால்ட் விட்மன்..... கவிமணி 			9

பாரதிதாசன் மணிவிழா 		….. முருகு சுப்பிரமணியன் 	10

மகிழ்ச்சித் திருக்கூத்து...... பாரதிதாசன் 			14

பாச்சுவை பாரதிதாசன் வாழ்க..... 16

பாரதிதாசன்......",1,
4,தமிழ்நாட்டு வால்ட் விட்மன்' என்று பாரதிதாசனைக் கூறியவர் யார்?,unknown || 4 || புரட்சிக் கவிஞருக்குப் புகழ்மாலை,புரட்சிக் கவிஞருக்குப் புகழ்மாலை,"ச. சோமசுந்தர பாரதியார், எஸ். முத்தையா, எஸ். ராமநாதன், பரலி - சு. நெல்லையப்பர், செ. மணவாள ராமாநுஜம், கி. வா. ஜகந்நாதன், சுத்தானந்த பாரதி, சொ. முருகப்பா, தி. ஐ. ர, விந்தன், சி. எம். இராமச்சந்திரன் செட்டியார், கா. அப்பாதுரை, டி. கே. சீனிவாசன், ரா. ஸ்ரீ. தேசிகன், சுகி, பி. கோதண்டராமன், அகிலன், நாரண துரைக்கண்ணன், அ. சிதம்பரநாதன், பெ. ராம. ராம. சித. சிதம்பரம், ப. நீலகண்டன், அழ. வள்ளியப்பா, க. அன்பழகன், டி. எல். ஸ்ரீபால், புலவர் குழந்தை, எம். எம். தண்டபாணி தேசிகர், இளமைப்பித்தன், வி. ஆர். எம். செட்டியார், சாமி சிதம்பரன், டி. கே. ஷண்முகம், ஜி. சுப்பிரமணியம், நா. பாண்டுரங்கன், ஒளவை சு. துரைசாமி, மு. அண்ணாமலை, என். ஜீவரத்தினம், டி. சண்முகம், வ. உ. சி. சுப்பிரமணியம், என். எஸ். இளங்கோ, புலவன். கோ. கணபதி, எஸ். சதாசிவம், பி. ராமசாமி, புலவர் த. முருகேசன், வ. சம்பந்தன், சோம. லெ. இலக்குமணச் செட்டியார், செ. இரா. சுப்பிரமணியம், ஏ. கே. வேலன், மா. தங்கவேலர், ப. கண்ணன், வள்ளிக்கண்ணன், எஸ். எஸ். மாரிசாமி","புரட்சிக் கவிஞருக்குப் புகழ் மாலை

[தமிழ் நாட்டுப் பொது வாழ்வில் பல துறையிலுமுள்ள குறிப்பிடத்தக்க நூற்றுக்கு மேற்பட்ட பெரியவர்களிடம் ""பாரதிதாசன் மணி விழா"" பற்றி அறிவித்து அவர்களின் கருத்துரைகளைக் கேட்",0,
4,தமிழ்நாட்டு வால்ட் விட்மன்' என்று பாரதிதாசனைக் கூறியவர் யார்?,unknown || 4 || எங்களுர்க் கவிராய கேசரி,எங்களுர்க் கவிராய கேசரி,சுகி,"எங்களுர்க் கவிராய கேசரி 		……சுகி				85

இருட்டறையில் உள்ளதடா உலகம் 	….. ஜெகசிற்பியன்			92





விலை அணா 8





தமிழ்நாட்டு வால்ட் விட்மன்

பாரதிதாசனார் ஈடும் எடுப்புமில்லாத புரட்சிக் கவிஞர். தமிழ் ந",3,
4,தமிழ்நாட்டு வால்ட் விட்மன்' என்று பாரதிதாசனைக் கூறியவர் யார்?,unknown || 11 || அந்த நாள்,அந்த நாள்,சிலம்பின் செல்வன்,"அந்தநாள்

சிலம்பீன் செல்வன்



காட்சி 31

[மாதவி மேன்மாட நிலா முற்றத்தில் நின்று மனப் போராட்டத்தால் புலம்புகின்றாள்]



மனம்: ஆம்! நான் நடித்தேன்! வாழ்க்கையை நாசமாக்கிக் கொண்டேன். சோலை வனத்தைப் பால",0,
4,தமிழ்நாட்டு வால்ட் விட்மன்' என்று பாரதிதாசனைக் கூறியவர் யார்?,unknown || 11 || பாரதிதாசன் பரம்பரை,பாரதிதாசன் பரம்பரை,அண.இராமநாதன்,"பாரதிதாசன் பரம்பரை



[இளைஞர் வே. சண்முகம் தூத்துக்குடியைச் சேர்ந்தவர். தமிழழகன் என்ற பெயரில் பாடல்கள் எழுதி வருகிறார். தமிழ் ஆர்வமுடைய இவர் வித்துவான் படிப்புப் படித்துக் கொண்டிருக்கிறார். ""இடிமின்னல",0,
4,தமிழ்நாட்டு வால்ட் விட்மன்' என்று பாரதிதாசனைக் கூறியவர் யார்?,unknown || பொங்கல் மலர் || திருவாங்கூர்த் தமிழகம்,திருவாங்கூர்த் தமிழகம்,கா.அப்பாத்துரை,"திருவாங்கூர்த் தமிழகம் 

                                                       				   கா. அப்பாத்துரை

 

திருவாங்கூர்த் தமிழர் கோரிக்கை பற்றித் தமிழரேஅண்மை வரை ""ஏனோதானோ "" என்றிருந்துவந்தனர், தமிழகத",0,
4,தமிழ்நாட்டு வால்ட் விட்மன்' என்று பாரதிதாசனைக் கூறியவர் யார்?,unknown || 5 || பொறியும் கனலும்,பொறியும் கனலும்,க.சிவானந்தவல்லி,"பொறியும் கனலும்

க. சிவானந்தவல்லி

புதுமைக்கவி பாரதியார் மறைந்தார் - புரட்சிக்கவி பாரதிதாசன் நம்முடன் வாழ்கிறார். அவர்கள் இருவரிடையேயும் உள்ள கருத்து ஒற்றுமை வேற்றுமை பற்றிய உண்மைகளைச் சிறிது ஆராய்வோம",0,
4,தமிழ்நாட்டு வால்ட் விட்மன்' என்று பாரதிதாசனைக் கூறியவர் யார்?,unknown || 3 || இலக்கிய விமரிசகர்கள்,இலக்கிய விமரிசகர்கள்,மு.அண்ணாமலை,"இலக்கிய விமரிசகர்கள்

செத்த பிணம்போல் கிடக்காமல் ஏதோ கலகலப்புடன் சண்டையும் வம்புமாக இருந்தால் தான் அறிவு விரிய இடம் உண்டாகும்



ரஷ்யக் கவிதைகளைப் படித்தேன். அதில் குறிப்பிடத்தக்க ஒரு வசன கவிதை இருந்",0,
4,தமிழ்நாட்டு வால்ட் விட்மன்' என்று பாரதிதாசனைக் கூறியவர் யார்?,unknown || பொங்கல் மலர் || இளைஞருக்கு,இளைஞருக்கு,இளவழகனார்,"இளைஞருக்கு

                                                     		  	இளவழகனார்

 

இளமை என்பது, மென்மை இனிமை வலிமை முதலிய நல்ல கருத்துக்களை நமக்கு நினைப்பூட்டுகின்றது. மென்மை இனிமை முதலிய நல்ல பண்பு",0,
4,தமிழ்நாட்டு வால்ட் விட்மன்' என்று பாரதிதாசனைக் கூறியவர் யார்?,unknown || 4 || பாரதிதாசன்,பாரதிதாசன்,கவியரங்கம்,"பாரதிதாசன்



வாணிதாசன்

முடியரசன்

மு. அண்ணாமலை

கோவை இளஞ்சேரன்

வெ. குருசாமி

சி. திருநாவுக்கரசு

இராம. சேதுராமன்

ஆகிய கவிஞர்கள் கலந்துகொள்ளும்



மணி விழாக் கவியரங்கம்





தமிழ் மக்களின",0,
4,தமிழ்நாட்டு வால்ட் விட்மன்' என்று பாரதிதாசனைக் கூறியவர் யார்?,unknown || 11 || புலிக்குப் பிறந்தவர்,புலிக்குப் பிறந்தவர்,தென்குமரன்,"புலிக்குப் பிறந்தவர். `தென்குமரன்'

[கோட்டை வாயலில் புலிக்கொடி பறக்கிறது. உள்ளே அரசவை குழுமியிருக்கிறது. வைரங்களும் மாணிக்கங்களும் முத்துகளும் அரியாசனத்தை ஒளிமயமாக்கிக் கொண்டிருக்கின்றன - வானத்தை வண்",0,
4,தமிழ்நாட்டு வால்ட் விட்மன்' என்று பாரதிதாசனைக் கூறியவர் யார்?,unknown || 10 || அறம்பாட வந்த அறிஞன்,அறம்பாட வந்த அறிஞன்,முருகு சுப்பிரமணியன்,"அறம்பாட வந்த அறிஞன்

                      முருகு சுப்பிரமணியன்

 ""தமிழரின் உயிர் நிகர் தமிழ்நிலை தாழ்ந்ததால்

   இமை திறவாமல் இருந்த நிலையில்  ",0,
4,தமிழ்நாட்டு வால்ட் விட்மன்' என்று பாரதிதாசனைக் கூறியவர் யார்?,unknown || 10 || பாரதிதாசன் பரம்பரை,பாரதிதாசன் பரம்பரை,சாமி பழனியப்பன்,"பாரதிதாசன் பரம்பரை! கலை மடந்தை



நெஞ்சத்தில் குளிர்வைப்பாள்; இருட்டொழிக்கும்

நிலவாகிப் பாய்ந்திடுவாள்; யாழ்நரம்பில்

சஞ்சரிக்கும் இசையாவாள்; எழுத்திடையே

தாரகையாய் ஒளிவிடுவாள்; புதுமைத்தேவி

கஞ",0,
5,கவிமணி தேசிக விநாயக பிள்ளை பாரதிதாசனை தமிழ்நாட்டு வால்ட் விட்மன் என்று எந்த ஆண்டில் குறிப்பிட்டுள்ளார்?,unknown || 4 || தமிழ்நாட்டு வால்ட் விட்மன் கவிமணி,தமிழ்நாட்டு வால்ட் விட்மன் கவிமணி,NA,"தமிழ்நாட்டு வால்ட் விட்மன்..... கவிமணி 			9

பாரதிதாசன் மணிவிழா 		….. முருகு சுப்பிரமணியன் 	10

மகிழ்ச்சித் திருக்கூத்து...... பாரதிதாசன் 			14

பாச்சுவை பாரதிதாசன் வாழ்க..... 16

பாரதிதாசன்......",2,
5,கவிமணி தேசிக விநாயக பிள்ளை பாரதிதாசனை தமிழ்நாட்டு வால்ட் விட்மன் என்று எந்த ஆண்டில் குறிப்பிட்டுள்ளார்?,unknown || 4 || எங்களுர்க் கவிராய கேசரி,எங்களுர்க் கவிராய கேசரி,சுகி,"எங்களுர்க் கவிராய கேசரி 		……சுகி				85

இருட்டறையில் உள்ளதடா உலகம் 	….. ஜெகசிற்பியன்			92





விலை அணா 8





தமிழ்நாட்டு வால்ட் விட்மன்

பாரதிதாசனார் ஈடும் எடுப்புமில்லாத புரட்சிக் கவிஞர். தமிழ் ந",3,
5,கவிமணி தேசிக விநாயக பிள்ளை பாரதிதாசனை தமிழ்நாட்டு வால்ட் விட்மன் என்று எந்த ஆண்டில் குறிப்பிட்டுள்ளார்?,unknown || 20 || பொது மேடை,பொது மேடை,NA,"சென்னை

14-11-49



 *பூவையர் விரும்பும் பொன்னி

 ""என்ன கண்டுவிட்டு அப்படி வைத்த விழி வாங்காமல் பார்க்கின் றீர்கள்? '' என்று கேட்டுக்கொண்டே என் வாழ்க்கைத் துணை நலம் மெதுவாகப் 'பொன்னி'யை இழுப்பாள",0,
5,கவிமணி தேசிக விநாயக பிள்ளை பாரதிதாசனை தமிழ்நாட்டு வால்ட் விட்மன் என்று எந்த ஆண்டில் குறிப்பிட்டுள்ளார்?,unknown || 10 || கவிமணியின் கருத்துக்கள்,கவிமணியின் கருத்துக்கள்,சோமலெ,"கவிமணியின் கருத்துகள்

""சோமலெ""



[1-10-1954-இல் சென்னை ஒய். பட்டிமன்றத்தில் நடைபெற்ற இரங்கற் கூட்டத்தில் பேசியது. ]

கவிமணி தேசிக விநாயகம் பிள்ளை அவர்களுடைய புலமையைப் பற்றியும், அப்புலவர் பெருமகன்",0,
5,கவிமணி தேசிக விநாயக பிள்ளை பாரதிதாசனை தமிழ்நாட்டு வால்ட் விட்மன் என்று எந்த ஆண்டில் குறிப்பிட்டுள்ளார்?,unknown || 10 || தமிழ் விருந்து,தமிழ் விருந்து,தமிழ்த்தும்பி,"தமிழ் விருந்து

""தமிழ்த்தும்பி""

7. கண்களின் தவறு



இனிய தமிழ்ப்பாடலின் இன்னிசை காற்றிலே மிதந்து வந்து கதவைத் தட்டியது. மூடியிருந்த கதவு திறக்கப்பட்டது. வீட்டிலிருந்து பளபளக்கும் நீள்விழியாள் ஒருத",0,
5,கவிமணி தேசிக விநாயக பிள்ளை பாரதிதாசனை தமிழ்நாட்டு வால்ட் விட்மன் என்று எந்த ஆண்டில் குறிப்பிட்டுள்ளார்?,unknown || 4 || புரட்சிக் கவிஞருக்குப் புகழ்மாலை,புரட்சிக் கவிஞருக்குப் புகழ்மாலை,"ச. சோமசுந்தர பாரதியார், எஸ். முத்தையா, எஸ். ராமநாதன், பரலி - சு. நெல்லையப்பர், செ. மணவாள ராமாநுஜம், கி. வா. ஜகந்நாதன், சுத்தானந்த பாரதி, சொ. முருகப்பா, தி. ஐ. ர, விந்தன், சி. எம். இராமச்சந்திரன் செட்டியார், கா. அப்பாதுரை, டி. கே. சீனிவாசன், ரா. ஸ்ரீ. தேசிகன், சுகி, பி. கோதண்டராமன், அகிலன், நாரண துரைக்கண்ணன், அ. சிதம்பரநாதன், பெ. ராம. ராம. சித. சிதம்பரம், ப. நீலகண்டன், அழ. வள்ளியப்பா, க. அன்பழகன், டி. எல். ஸ்ரீபால், புலவர் குழந்தை, எம். எம். தண்டபாணி தேசிகர், இளமைப்பித்தன், வி. ஆர். எம். செட்டியார், சாமி சிதம்பரன், டி. கே. ஷண்முகம், ஜி. சுப்பிரமணியம், நா. பாண்டுரங்கன், ஒளவை சு. துரைசாமி, மு. அண்ணாமலை, என். ஜீவரத்தினம், டி. சண்முகம், வ. உ. சி. சுப்பிரமணியம், என். எஸ். இளங்கோ, புலவன். கோ. கணபதி, எஸ். சதாசிவம், பி. ராமசாமி, புலவர் த. முருகேசன், வ. சம்பந்தன், சோம. லெ. இலக்குமணச் செட்டியார், செ. இரா. சுப்பிரமணியம், ஏ. கே. வேலன், மா. தங்கவேலர், ப. கண்ணன், வள்ளிக்கண்ணன், எஸ். எஸ். மாரிசாமி","புரட்சிக் கவிஞருக்குப் புகழ் மாலை

[தமிழ் நாட்டுப் பொது வாழ்வில் பல துறையிலுமுள்ள குறிப்பிடத்தக்க நூற்றுக்கு மேற்பட்ட பெரியவர்களிடம் ""பாரதிதாசன் மணி விழா"" பற்றி அறிவித்து அவர்களின் கருத்துரைகளைக் கேட்",1,
5,கவிமணி தேசிக விநாயக பிள்ளை பாரதிதாசனை தமிழ்நாட்டு வால்ட் விட்மன் என்று எந்த ஆண்டில் குறிப்பிட்டுள்ளார்?,unknown || 10 || காலமும் கருத்தும்,காலமும் கருத்தும்,NA,"காலமும் கருத்தும்



பெங்களூர்

நோய்வாய்ப்பட்டிருந்த காங்கிரஸ் பெங்களூர்க் காற்றால் குணமாகிவிட்டதாகக் காங்கிரஸ் பத்திரிகைகள் பறைசாற்றுகின்றன. `காங்கிரஸ் பிளவுபட்டுவிடும்; சின்னாபின்னமாகி விடும்' என்",0,
5,கவிமணி தேசிக விநாயக பிள்ளை பாரதிதாசனை தமிழ்நாட்டு வால்ட் விட்மன் என்று எந்த ஆண்டில் குறிப்பிட்டுள்ளார்?,unknown || 4 || வளரும் இலக்கியம்,வளரும் இலக்கியம்,NA,"வளரும் இலக்கியம்



தனி அரசு



தி. பிரச்சார ஏடுகளில் ஒன்றான தனி அரசு வழக்கமான பகுதிகளைத் தாங்கியபடி திங்கள் மும்முறையாக வெளிவருகிறது. ஆசைத்தம்பியின் 'காதல் மாளிகை' என்ற தொடர் கதையுடன், கலைச்செய்தி, ",0,
5,கவிமணி தேசிக விநாயக பிள்ளை பாரதிதாசனை தமிழ்நாட்டு வால்ட் விட்மன் என்று எந்த ஆண்டில் குறிப்பிட்டுள்ளார்?,unknown || 10 || மணிவிழா,மணிவிழா,NA,"மணிவிழா...... 9

பார் பார் பட்டணம் பார்                                  மெரீனா				11

கலையுலகம்                                                        வண்டு 				13

மன்னா நல்லதோ? திருநாவுக்கரசு 			16",0,
5,கவிமணி தேசிக விநாயக பிள்ளை பாரதிதாசனை தமிழ்நாட்டு வால்ட் விட்மன் என்று எந்த ஆண்டில் குறிப்பிட்டுள்ளார்?,unknown || 10 || அறம்பாட வந்த அறிஞன்,அறம்பாட வந்த அறிஞன்,முருகு சுப்பிரமணியன்,"அறம்பாட வந்த அறிஞன்

                      முருகு சுப்பிரமணியன்

 ""தமிழரின் உயிர் நிகர் தமிழ்நிலை தாழ்ந்ததால்

   இமை திறவாமல் இருந்த நிலையில்  ",0,
5,கவிமணி தேசிக விநாயக பிள்ளை பாரதிதாசனை தமிழ்நாட்டு வால்ட் விட்மன் என்று எந்த ஆண்டில் குறிப்பிட்டுள்ளார்?,unknown || 14 || உயர்திரு உல்லாசம் அவர்களுக்கு,உயர்திரு உல்லாசம் அவர்களுக்கு,வழிப்போக்கன்,"உயர்திரு உல்லாசம் அவர்களுக்கு



12. அம்மன் கோயில் அர்ச்சகர்



அர்ச்சகர் அம்மைநாத சாஸ்திரிகளைப் பற்றி வெளியுலகத்திற்கு அநேகமாகத் தெரியாது. அவரும் இந்த உலகத்தைப் பற்றி லட்சியமே செய்வதில்லை. அவருக்குத",0,
6,தமிழர் யார்? என்னும் பகுதி யாரால் எழுதப்பட்டது எந்த இதழில் வெளிவந்தது,unknown || 7 || தமிழர் யார்?,தமிழர் யார்?,புத்தமணி,"தமிழர் யார்? “புத்தமணி”







பொன்னின் ஒளியோடு மெருகிட்ட பித்தளை மின்னிப் போட்டியிடுகிறது! நல்ல வயிரம் போல் தோற்றங் காட்டிப் போலிப் புதுவயிரம் ஏமாற்றுகிறது! பண்பட்ட பயிர்களுக்கு ஊடே பயனற்றகளை முளைக்க",2,
6,தமிழர் யார்? என்னும் பகுதி யாரால் எழுதப்பட்டது எந்த இதழில் வெளிவந்தது,unknown || 8 || வளரும் இலக்கியம்,வளரும் இலக்கியம்,அரசன்,"வளரும் இலக்கியம்



புதிய திராவிடம் **

நம் குறிக்கோள், இன்றைய நிலை, புதிய திராவிடம் அமைய வேண்டிய முறை ஆகியவற்றை உணர்வெழுப்பும் தமிழில் எழுதியிருக்கிறார் தோழர் எஸ். ராமன் ""புதிய திராவிடத்தில் கோவில்கள",0,
6,தமிழர் யார்? என்னும் பகுதி யாரால் எழுதப்பட்டது எந்த இதழில் வெளிவந்தது,unknown || 7 || யாருக்குச் சுதந்திரம்,யாருக்குச் சுதந்திரம்,சாமி பழனியப்பன்,"யாருக்குச் சுதந்திரம்? சாமி பழனியப்பன்



சாதி மதமென்ற போதையிலே -மக்கள்

தட்டுத் தடுமாறி மாய்கையிலே

நீதி முறையற்ற தன்மையிலே-இங்கு

நெருங்கும் சுதந்தரம் யாருக்கடா

இந்தச் சுதந்தரம் நம்மவர்க்கா - நம்மை",0,
6,தமிழர் யார்? என்னும் பகுதி யாரால் எழுதப்பட்டது எந்த இதழில் வெளிவந்தது,unknown || 12 || ஒளிமாடம்,ஒளிமாடம்,ந.இராமலிங்கம்,"ஒளி மாடம்



4



ராஜம்



""என்ன, இது? இரண்டு மூன்று நாளாய் ஒரே முணுமுணுப்பு வேலை செய்ய விருப்பமிருந்தால் இங்கே இரு. சம்பளம் அதிகம் வேண்டுமென்றால் வேறு எங்கேயாவது போய்விடு. ஆமாம், இது கண்டிப்பான பேச்",0,
6,தமிழர் யார்? என்னும் பகுதி யாரால் எழுதப்பட்டது எந்த இதழில் வெளிவந்தது,unknown || 9 || நல்ல மருந்து,நல்ல மருந்து,பக்தவத்சலம்,"நல்ல மருந்து

படிக்கும்போது மாத்திரம் சுவையளித்துப் பிறகு மனதிலிருந்து மறைந்துவிடுகின்ற கதைகள் எத்தனையோ வெளிவருகின்றன. ஆனால் புதுமைப்பித்தனின் கதைகள் அத்தகையவையல்ல. அவை சிரஞ்சீவியானவை. தனி மனிதரின் ந",0,
6,தமிழர் யார்? என்னும் பகுதி யாரால் எழுதப்பட்டது எந்த இதழில் வெளிவந்தது,unknown || 3 || நினைவு நிழல்,நினைவு நிழல்,பூவை,"நினைவு நிழல்

ஏடெடுத்துப் பேனாவைப் பிடித்தேன் எழுத. ‘இறக்கவேண்டுமாயின் எழுதப் பேனாவை எடு! ’



புதுமைப்பித்தன் சிரித்தார். கண்களைத் துடைத்துக் கொண்டு நிமிர்ந்தேன். அமாரின் நகைமுகம் கோலம் மாறவில்லை. அ",0,
6,தமிழர் யார்? என்னும் பகுதி யாரால் எழுதப்பட்டது எந்த இதழில் வெளிவந்தது,unknown || 12 || காலமும் சுருத்தும்,காலமும் சுருத்தும்,NA,"காலமும் கருத்தும்



பொங்கல் விழா! விழாக்கொண்டாட வேண்டுமென்று யாரும் விரும்புவது இயற்கை. வீணரின் பேச்சை நம்பி, அவசியமும், காரணமுமின்றி விழாக்கள் நடைபெறுவதும் நம் நாட்டில் இயற்கையாகி விட்டது. ஏதோ கதை க",0,
6,தமிழர் யார்? என்னும் பகுதி யாரால் எழுதப்பட்டது எந்த இதழில் வெளிவந்தது,unknown || 5 || வேதாளத்தின் மதிப்புரைகள்,வேதாளத்தின் மதிப்புரைகள்,வேதாளம்,"வேதாளத்தின் மதிப்புரைகள்

”நூல்களின் தராதரத்தைப்பற்றி மட்டுமே எடைபோட்டுப் பார்க்கிறேன். அவைகளைக் கொண்டு என்னை அளந்து பார்க்கவேண்டாம் என்று உங்களுக்குச் சொல்லிவிட விரும்புகிறேன் ""

-வேதாளம்

’வேதாளம",0,
6,தமிழர் யார்? என்னும் பகுதி யாரால் எழுதப்பட்டது எந்த இதழில் வெளிவந்தது,unknown || 19 || காலமும் கருத்தும்,காலமும் கருத்தும்,NA,"காலமும் கருத்தும்

நல்ல தீர்ப்பு

""திராவிட நாடு'' வார இதழ் - ரூ 3000 ஜாமீன் கட்ட வேண்டுமென்று சென்னை அரசினர் கட்டளையிட்டனர். அவ்வாறே அத்தொகையைச் செலுத்திவிட்டு, அறிஞர் அண்ணாத்துரை உயர்நீதி மன்றத்தில",0,
6,தமிழர் யார்? என்னும் பகுதி யாரால் எழுதப்பட்டது எந்த இதழில் வெளிவந்தது,unknown || 2 || வளரும் இலக்கியம்,வளரும் இலக்கியம்,"நா. வேத்தரசன், மு. அண்ணாமலை, சாமி பழனியப்பன்","வளரும் இலக்கியம்



இன்பக்கடல்

சத்திமுத்தப் புலவர்



கவியரசர் பாரதிதாசனார் தமிழ் மக்களுக்கு வழங்கியிருக்கும் இரண்டு நாடகங்கள் இவை. நாடகங்களின் சிறப்பு பற்றி நாம் அதிகம் சொல்லத் தேவையில்லை. ஏனெனில",0,
6,தமிழர் யார்? என்னும் பகுதி யாரால் எழுதப்பட்டது எந்த இதழில் வெளிவந்தது,unknown || 15 || சுந்தரிபோனால் சுகுணா..!,சுந்தரிபோனால் சுகுணா..!,நா.பாண்டுரங்கன்,"'சுந்தரி போனால் சுகுணா…! பாண்டுரங்கன்

(சென்ற  இதழ்த்  தொடர்ச்சி)

பி. தேர்வு நெருங்கிற்று. கஷ்டத்துடன் படித்தான். படிக்க முடியுமா அவன் நிலையில் இருப்பவருக்கு என்று கேட்பர் சிலர். கடமைக்குக் காதல் எ",0,
6,தமிழர் யார்? என்னும் பகுதி யாரால் எழுதப்பட்டது எந்த இதழில் வெளிவந்தது,unknown || 23 || பொது மேடை,பொது மேடை,NA,"பொது மேடை.. 'பொன்னி' தந்த மலர் பற்றி நமக்குக் கிடைத்து வரும் கருத்துரைகள் உண்மையிலேயே உற்சாகத்தை ஊட்டுவனவாய் அமைந்துள்ளன. சில கடிதங்களை மட்டும் வெளியிட்டுள்ளளோம். திருச்சி

25-1-50

முழு வெற்றி

பொ",0,
6,தமிழர் யார்? என்னும் பகுதி யாரால் எழுதப்பட்டது எந்த இதழில் வெளிவந்தது,unknown || 9 || வளரும் இலக்கியம்,வளரும் இலக்கியம்,"திரு. நா. வேத்தரசன், நாக. முத்தையா","வளரும் இலக்கியம்

மக்கட்பேறு

குடும்ப விளக்கு என்ற தலைப்பிலே,இல்லறம், விருந் தோமபல் திருமணம என மூன்று புத்தகங்களை முன்னர் எழுதித் தமிழ் உலக்கீந்த சுனியரசர் பாரதிதாசனார் நானகாம புத்தகமாக 'மக்க பேறு என்",0,
6,தமிழர் யார்? என்னும் பகுதி யாரால் எழுதப்பட்டது எந்த இதழில் வெளிவந்தது,unknown || 10 || வளரும் இலக்கியம்,வளரும் இலக்கியம்,நா. வேத்தரசன்,"வளரும் இலக்கியம்



புரட்சி இலக்கியம்

இன்றைய இலக்கியங்களைப் பற்றிய ஒரு தெளிவான ஆராய்ச்சியாக இருக்கும் இந்நூல். இலக்கிய உலகில் நாறிக்கிடக்கும் அழுகிய கற்பனைகளை அகற்றி, புரட்சி இலக்கியங்களை அரியணையேற்",0,
6,தமிழர் யார்? என்னும் பகுதி யாரால் எழுதப்பட்டது எந்த இதழில் வெளிவந்தது,unknown || 7 || இருண்ட காலப் புலவர்கள்,இருண்ட காலப் புலவர்கள்,மு.அண்ணாமலை,"இருண்ட காலப் புலவர்கள்

மு. அண்ணாமலை

பாடிப் பிழைத்த புலவர்களுக்குத் தமிழ்நாட்டில் பஞ்சமில்லை. ஒவ்வொரு புலவருக்கும் ஒவ்வொரு புரவலர் இருந்து வந்தனர். பணக்காரர்கள் தங்கள் சமூகத்தில் ஒவ்வொரு புலவரை வைத்",0,
7,மலர் 2 இதழ் 2ல் காலமும் கருத்தும் என்னும் பகுதியில் உள்ள உட்தலைப்புகள் யாவை?,unknown || 3 || காலமும் கருத்தும்,காலமும் கருத்தும்,NA,"காலமும் கருத்தும்



மாதம் இருமுறை

இந்த இதழ் முதல் 'பொன்னி' மாதம் இருமுறையாக வெளிவருகிறது. இச்செய்தி நம் அன்பர்களை மகிழ்ச்சிக் கடலில் திளைக்கவைக்கும் என்று நம்புகின்றோம். ஏற்கனவே எண்ணற்ற அன்பர்கள் இ",1,
7,மலர் 2 இதழ் 2ல் காலமும் கருத்தும் என்னும் பகுதியில் உள்ள உட்தலைப்புகள் யாவை?,unknown || 23 || பொது மேடை,பொது மேடை,NA,"பொது மேடை.. 'பொன்னி' தந்த மலர் பற்றி நமக்குக் கிடைத்து வரும் கருத்துரைகள் உண்மையிலேயே உற்சாகத்தை ஊட்டுவனவாய் அமைந்துள்ளன. சில கடிதங்களை மட்டும் வெளியிட்டுள்ளளோம். திருச்சி

25-1-50

முழு வெற்றி

பொ",0,
7,மலர் 2 இதழ் 2ல் காலமும் கருத்தும் என்னும் பகுதியில் உள்ள உட்தலைப்புகள் யாவை?,unknown || 1 || காலமும் கருத்தும்,காலமும் கருத்தும்,NA,"காலமும் கருத்தும் 



அகில தமிழர் மாநாடு 

சென்னையில் பிப்ரவரி 14, 15, தேதிகளில் கூடிய அகில தமிழர் மாநாடு சில தீர்மானங்களை நிறைவேற்றியிருக்கிறது. குறிப்பாக திரு ஜி.. நாயுடு அவர்கள் கொண்டுவந்த தமிழ் நா",1,
7,மலர் 2 இதழ் 2ல் காலமும் கருத்தும் என்னும் பகுதியில் உள்ள உட்தலைப்புகள் யாவை?,unknown || 2 || பொது மேடை,பொது மேடை,NA,"பொது மேடை



	சிதம்பரம் 16-2-49. 'பொன்னி' யின் பொங்கல் மலர் ஒரு தங்க மலர் - பகுத்தறிவு மணம் இருக்கிறது அதில்! பொன் மலர் நாற்றமுடைத்து…. என்று பாடியது இன்று உண்மையாகி விட்டது. கதைகளுக்கேற்ற பட அமைப்பு",0,
7,மலர் 2 இதழ் 2ல் காலமும் கருத்தும் என்னும் பகுதியில் உள்ள உட்தலைப்புகள் யாவை?,unknown || 18 || சின்ன மேட்டுத் தென்னை,சின்ன மேட்டுத் தென்னை,அம்மான்,"சின்ன மேட்டுத் தென்னை

 அம்மான்



வீட்டில் வெயில்மழை தடுத்திடவே

வேண்டுங் கூரை தருகின்றாய்

நாட்டில் மக்கள் களைப்பாற

நன்னீர்ப் பந்தல் வைக்கின்றாய்

கூட்டம் கூடிக் காற்றினிலே

கூத்த டிப்பார் உன",0,
7,மலர் 2 இதழ் 2ல் காலமும் கருத்தும் என்னும் பகுதியில் உள்ள உட்தலைப்புகள் யாவை?,unknown || 17 || வளரும் இலக்கியம்,வளரும் இலக்கியம்,NA,"வளரும் இலக்கியம்

இந்நாள் இலக்கியச் சந்தையில் இடம்பெறும் புத்தகப் பட்டியலின் இடத்தை நாவல் - அதிலும் எட்டணா நாவல்களின் பெயர்கள் அதிகம் அடைத்துக் கொண்டிருக்கும் நிலையிலே, ‘சில்லறை' நாவல்களுக்குத்தான் இன",0,
7,மலர் 2 இதழ் 2ல் காலமும் கருத்தும் என்னும் பகுதியில் உள்ள உட்தலைப்புகள் யாவை?,unknown || 4 || காலமும் கருத்தும்,காலமும் கருத்தும்,NA,"காலமும் கருத்தும்

புதுமைப்பித்தன் பரிசு

புதுமைப்பித்தன் நினைவாகச் சிறுகதைப் பரிசுத் திட்டம் ஒன்று வெளியிட்டிருக்கிறோம். சென்ற இதழிலும் இந்த இதழிலும் அப்போட்டி பற்றிய விவரங்களைத் தனியே காணலாம். தமிழ",1,
7,மலர் 2 இதழ் 2ல் காலமும் கருத்தும் என்னும் பகுதியில் உள்ள உட்தலைப்புகள் யாவை?,unknown || 18 || தமிழர் நெறி,தமிழர் நெறி,NA,"தமிழர் நெறி

தைப் பொங்கல் தொடங்கிய தமிழர் புத்தாண்டு நாட்டிற்கு நல்வாழ்வு விரைவில் தொடங்கும் என்பதற்கான அறிகுறிகளோடு பிறந்திருக்கிறது ஏழை மக்களும் பாட்டாளிகளும் நடுத்தரமக்களும் படும் துயரம் அளவற்ற தேன",0,
7,மலர் 2 இதழ் 2ல் காலமும் கருத்தும் என்னும் பகுதியில் உள்ள உட்தலைப்புகள் யாவை?,unknown || 1 || வளரும் இலக்கியம்,வளரும் இலக்கியம்,"கோவை இளஞ்சேரன், சாமி பழனியப்பன், மலையன், நாக முத்தையா","வளரும் இலக்கியம்



வரப்பெற்றோம். திராவிடநாடு (பொங்கல் மலர். )

அழகான முந்நிற அட்டையோடு இவ்வாண்டுத் திராவிட நாடு பொங்கல் மலர் திகழ்கின்றது. அண்ணாவின் `இருளில் ஒளி ' 'புதிய பாதை' என்ற கட்டுரைகளுடன் தோ",0,
7,மலர் 2 இதழ் 2ல் காலமும் கருத்தும் என்னும் பகுதியில் உள்ள உட்தலைப்புகள் யாவை?,unknown || 12 || காலமும் சுருத்தும்,காலமும் சுருத்தும்,NA,"காலமும் கருத்தும்



பொங்கல் விழா! விழாக்கொண்டாட வேண்டுமென்று யாரும் விரும்புவது இயற்கை. வீணரின் பேச்சை நம்பி, அவசியமும், காரணமுமின்றி விழாக்கள் நடைபெறுவதும் நம் நாட்டில் இயற்கையாகி விட்டது. ஏதோ கதை க",1,
7,மலர் 2 இதழ் 2ல் காலமும் கருத்தும் என்னும் பகுதியில் உள்ள உட்தலைப்புகள் யாவை?,unknown || 1 || அழியாதன்றோ!,அழியாதன்றோ!,பாரதிதாசன்,"அழியாதன்றோ! ”……………………………….. வெறி கொள் 

வலியாரால் வாடும் எளியாரின் சார்பில் 

புலியாகிப் போர்தொடுக்கும் போதில்- வலியோர்கள் 

எய்யும் கோற்புண்ணும் இனிதாகும் அவ்வெளியார் 

உய்ய உழைத்ததனைத் தானினைத்தால்!",0,
7,மலர் 2 இதழ் 2ல் காலமும் கருத்தும் என்னும் பகுதியில் உள்ள உட்தலைப்புகள் யாவை?,unknown || 1 || வள்ளுவர் விருந்து,வள்ளுவர் விருந்து,திருக்குறள் முனிசாமி,"வள்ளுவர் விருந்து

திருக்குறள் முனிசாமி 



1. பசந்தாள் இவள்! தாயைப் பிரிந்த குழந்தை அழுகிறது. அழத்தான் செய்யும். ஒன்றுமறியாத நெஞ்சம் வேறென்ன செய்யமுடியும்? அழுகிற குழந்தையை யாராவது குறைகூறுவதுண்டா? '",0,
7,மலர் 2 இதழ் 2ல் காலமும் கருத்தும் என்னும் பகுதியில் உள்ள உட்தலைப்புகள் யாவை?,unknown || 1 || பொதுமேடை,பொதுமேடை,NA,"பொது மேடை

சென்னை

5-2-50

தமிழிலக்கிய நறுமலர்

… பொங்கல் மலர் தமிழிலக்கிய நறுமலராக அனைவரையும் மகிழ்வித்து வருவது கண்டு களிப்புறுகின்றேன். வரதராசன்





திருச்சி

4 2-50

கதிரவன் உதித்தான்

மலர",0,
7,மலர் 2 இதழ் 2ல் காலமும் கருத்தும் என்னும் பகுதியில் உள்ள உட்தலைப்புகள் யாவை?,unknown || 17 || காலமும் கருத்தும்,காலமும் கருத்தும்,NA,"காலமும் கருத்தும்



அமெரிக்காவிற்கு நேரு

நம் முதலமைச்சர் 'நல்லெண்ணத் தூதுவராக' அமெரிக்கா சென்றுள்ளார். அமெரிக்கா, இந்திய முதல்வரை வரவேற்கப் பெரும் ஏற்பாடுகள் செய்திருக்கிறது. ஏறக்குறைய ஒரு மாதம் ந",1,
7,மலர் 2 இதழ் 2ல் காலமும் கருத்தும் என்னும் பகுதியில் உள்ள உட்தலைப்புகள் யாவை?,unknown || 7 || வளரும் இலக்கியம்,வளரும் இலக்கியம்,அரசன்,"வளரும் இலக்கியம்



வர்ணாஸ்ரமம் ***

குமரிக்கோட்டம் ***

இவையிரண்டும் திருச்சி திராவிடப்பண்ணை வெளியீடுகள். ஆசிரியர் C. அண்ணாத்துரை M. விலை முறையே ரூ. க்கும் வர்ணாஸ்ரமம் - ஸர் ஆர். சண்முகம் அவர்களுக்",0,
7,மலர் 2 இதழ் 2ல் காலமும் கருத்தும் என்னும் பகுதியில் உள்ள உட்தலைப்புகள் யாவை?,unknown || 3 || வளரும் இலக்கியம்,வளரும் இலக்கியம்,NA,"வளரும் இலக்கியம்



காலச் சக்கரம் * *

(வாரப் பத்திரிகை)

சிறு கதைகளும் இன்றையத் தேவையை உணர்த்தும் கட்டுரைகளும், கொண்டுள்ளது இப்பத்திரிகை. உட்பக்கங்களில் பத்திரிகை அமைப்பு பார்ப்பதற்கு அழகாக இல்லை. ",0,
7,மலர் 2 இதழ் 2ல் காலமும் கருத்தும் என்னும் பகுதியில் உள்ள உட்தலைப்புகள் யாவை?,unknown || 2 || பாதுகாப்பு,பாதுகாப்பு,கோபாலரெட்டி,பாதுகாப்பு! ஒரு லட்சிய நாட்டில் மக்கள் நோயும் வறுமையும் இல்லாமல் வாழ வேண்டுமென்றும் பொருள்கள் அதிகம் உற்பத்தியாகிச் செல்வம் சேமிக்கப்பட வேண்டுமென்றும் திருப்தியும் மகிழ்ச்சியும் பாதுகாப்பும் குடிகொண்ட,0,
8,கண் திறக்குமா? தொடர் கதையின் நான்காம் அத்தியாயத்தின் தலைப்பு மற்றும் அது எந்த இதழில் வெளிவந்துள்ளது?,unknown || 7 || காலமும் கருத்தும்,காலமும் கருத்தும்,NA,"காலமும் கருத்தும்



புதுமைப் பித்தன்

தமிழ்ச் சிறுகதை மன்னராக விளங்கிவந்த நண்பர் 'புதுமைப் பித்தன்' இயற்கை எய்தினார் என்ற செய்தி தமிழருக்குப் பெருந் துயரத்தை அளித்தது. 'வெறும் அத்தைப் பாட்டி'க் கதை",0,
8,கண் திறக்குமா? தொடர் கதையின் நான்காம் அத்தியாயத்தின் தலைப்பு மற்றும் அது எந்த இதழில் வெளிவந்துள்ளது?,unknown || 6 || கண் திறக்குமா?,கண் திறக்குமா?,நக்கீரன்,"கண் திறக்குமா? ஆசிரியர் : நக்கீரன்




--------மூன்றம் அத்தியாயம்------

    “என்னை மறவாதீர்! ”



பாரிஸ்டர் - பரந்தாமனின் செல்லப் பெண் சாந்தினி. வாழ்க்கையில் வேண்டுமானால் பெண் இனத்தில் எத்தனையோ வி",1,
8,கண் திறக்குமா? தொடர் கதையின் நான்காம் அத்தியாயத்தின் தலைப்பு மற்றும் அது எந்த இதழில் வெளிவந்துள்ளது?,unknown || 3 || கண் திறக்குமா?,கண் திறக்குமா?,நக்கீரன்,"கண் திறக்குமா? ஆசிரியர்:  நக்கீரன்

இருபத்திரண்டாம் அத்தியாயம்

தியாக சிகரம்

சிறையில் நான் எதிர்பார்த்தபடி பாஸ்கரனைச் சந்திக்கமுடியவில்லை. அவனுக்குப் பதிலாகப் பாரிஸ்டர் பரந்தாமனைச் சந்தித்தேன். அவர",1,
8,கண் திறக்குமா? தொடர் கதையின் நான்காம் அத்தியாயத்தின் தலைப்பு மற்றும் அது எந்த இதழில் வெளிவந்துள்ளது?,unknown || 11 || இலக்கியத்தில் காதல்,இலக்கியத்தில் காதல்,கோவை இளஞ்சேரன்,"இலக்கியத்தில் காதல்

கோவை இளஞ்சேரன்



உலகத்தையே உருட்டிப் பார்க்கும் அறிவு; எந்த அறிவையும் அடகு பெறும் செல்வம்; தனது பற்றுக் கோட்டிலே இமைப்போதில் பரவும் மின்சாரம்; கொடுமைகளையும் குழைய வைக்கும் அழகு; ",0,
8,கண் திறக்குமா? தொடர் கதையின் நான்காம் அத்தியாயத்தின் தலைப்பு மற்றும் அது எந்த இதழில் வெளிவந்துள்ளது?,unknown || 7 || கண் திறக்குமா?,கண் திறக்குமா?,நக்கீரன்,"கண் திறக்குமா? ’நான்காம் அத்தியாயம்’

மூன்று வருடம் கடுங்காவல்



இந்த உலகத்தில் 'நியாயம்' என்று ஒன்று இருக்கிறதே, அதற்கும் பிரிட்டிஷாருக்கும் நெடு நாட்களாகவே நெருங்கிய சம்பந்தம் உண்டு. அந்த நியாயத்து",2,
8,கண் திறக்குமா? தொடர் கதையின் நான்காம் அத்தியாயத்தின் தலைப்பு மற்றும் அது எந்த இதழில் வெளிவந்துள்ளது?,unknown || 16 || புதுக்கோட்டை மாவட்டம்,புதுக்கோட்டை மாவட்டம்,NA,"புதுக்கோட்டை மாவட்டம்



புதுக்கோட்டை இந்திய யூனியனில் இணைந்ததை நாம் வரவேற்றோம்; புதுக்கோட்டை மக்களுக்கு இணைப்பினால் நன்மை கிட்டும் என்றும் எழுதியிருந்தோம். ஆனால் நடைபெறுகிற இணைப்புத் திட்டம் புதுக்க",0,
8,கண் திறக்குமா? தொடர் கதையின் நான்காம் அத்தியாயத்தின் தலைப்பு மற்றும் அது எந்த இதழில் வெளிவந்துள்ளது?,unknown || 8 || கண் திறக்குமா?,கண் திறக்குமா?,நக்கீரன்,"கண் திறக்குமா? ஆசிரியர்: நக்கீரன்



பதினைந்தாம் அத்தியாயம்

“இவர்தான் என் அண்ணா”



விவரிக்க முடியாத உணர்ச்சியுடனும் பொங்கி வரும் மகிழ்ச்சியுடனும் அன்று நான் வீட்டுக்குள் நுழைந்தேன். காரணம் இன்னத",1,
8,கண் திறக்குமா? தொடர் கதையின் நான்காம் அத்தியாயத்தின் தலைப்பு மற்றும் அது எந்த இதழில் வெளிவந்துள்ளது?,unknown || 6 || அறப்போர்,அறப்போர்,ச மு.பிள்ளை,"அறப்போர்

தென்னாப்பிரிக்கா டர்பன் திரு. பிள்ளை



""முன்வைத்த காலைப் பின் வைப்பது"" வீரனுக்கழகல்ல வென்று சாதாரணமாக எல்லோரும் சொல்வதுண்டு. யுத்தத்தில் முன்வைத்த காலைப் பின்வைக்கக்கூடாதென்பது நல்ல கொள்கை ",0,
8,கண் திறக்குமா? தொடர் கதையின் நான்காம் அத்தியாயத்தின் தலைப்பு மற்றும் அது எந்த இதழில் வெளிவந்துள்ளது?,unknown || 1 || கண் திறக்குமா?,கண் திறக்குமா?,நக்கிரன்,"கண்கள் திறக்குமா? ஆசிரியர் நக்கீரன் 



பத்தாம் அத்தியாயம் 

--------பரிமளாவைக் காணோம்------

 

மேடும் பள்ளமும் நிறைந்த அந்தப் பாதையில் போராடிக்கொண்டு கட்டைவண்டி சென்றது. எங்களிடையே நிலவிக்கொண்டிருந்",1,
8,கண் திறக்குமா? தொடர் கதையின் நான்காம் அத்தியாயத்தின் தலைப்பு மற்றும் அது எந்த இதழில் வெளிவந்துள்ளது?,unknown || 5 || ஒரே இரத்தம்,ஒரே இரத்தம்,சுலோசனா,"ஒரே இரத்தம்.... சுலோசனா



“ஜமீந்தார்! ஆச்சரியமாயிருக்கிறதே! வலையர் தெருச் ‘சாயாக் கடை'ப் பக்கமாகச் சற்று முன்பு உங்களைப் பார்த்தேனே…! அதற்குள்ளேயும்...... ""

""ஸ்டார்” ஐரோப்பிய ஹோட்டலின் ஓர் அறையில்",0,
8,கண் திறக்குமா? தொடர் கதையின் நான்காம் அத்தியாயத்தின் தலைப்பு மற்றும் அது எந்த இதழில் வெளிவந்துள்ளது?,unknown || 13 || கண் திறக்குமா?,கண் திறக்குமா?,நக்கீரன்,"கண் திறக்குமா? ஆசிரியர்: நக்கீரன் 



பதினெட்டாம் அத்தியாயம்

 "" தீன பந்து "" 

பாஸ்கரன் சொன்னபடி சில நாட்களுக்கெல்லாம் ஒரு வீட்டைப் பார்த்துக் கொண்டு வந்து செங்கமலத்தையும் அவளுடைய தாயாரையும் அழைத்துக்",1,
8,கண் திறக்குமா? தொடர் கதையின் நான்காம் அத்தியாயத்தின் தலைப்பு மற்றும் அது எந்த இதழில் வெளிவந்துள்ளது?,unknown || 9 || நினைவுப் பாதையில்,நினைவுப் பாதையில்,இளமைப்பித்தன்,"நினைவுப் பாதையில்

                               2

'இளமைப்பித்தன்'





பள்ளிக்கூடம் விட்டதும் வீட்டிற்கு வேகமாக ஓடிவரும் சிறுவனைப் போல, ரயில் ஓடிக் கொண்டிருந்தது. வெளியில் மாலைக் கதிரவன",0,
8,கண் திறக்குமா? தொடர் கதையின் நான்காம் அத்தியாயத்தின் தலைப்பு மற்றும் அது எந்த இதழில் வெளிவந்துள்ளது?,unknown || 5 || கண் திறக்குமா?,கண் திறக்குமா?,நக்கீரன்,"கண் திறக்குமா? ஆசிரியர்: நக்கீரன்



பதினான்காம் அத்தியாயம்

- விரும்பிய விதமே –

அன்று சாயந்திரம் பாரிஸ்டர் பரந்தாமனை நான் விட்டாலும் அவர் என்னை விடுவதாயில்லை. ஆகவே வேறு வழியின்றி அவருடன் திலகர் குரு",1,
8,கண் திறக்குமா? தொடர் கதையின் நான்காம் அத்தியாயத்தின் தலைப்பு மற்றும் அது எந்த இதழில் வெளிவந்துள்ளது?,unknown || 12 || ஒளிமாடம்,ஒளிமாடம்,ந.இராமலிங்கம்,"ஒளி மாடம்



4



ராஜம்



""என்ன, இது? இரண்டு மூன்று நாளாய் ஒரே முணுமுணுப்பு வேலை செய்ய விருப்பமிருந்தால் இங்கே இரு. சம்பளம் அதிகம் வேண்டுமென்றால் வேறு எங்கேயாவது போய்விடு. ஆமாம், இது கண்டிப்பான பேச்",0,
8,கண் திறக்குமா? தொடர் கதையின் நான்காம் அத்தியாயத்தின் தலைப்பு மற்றும் அது எந்த இதழில் வெளிவந்துள்ளது?,unknown || 4 || கண் திறக்குமா?,கண் திறக்குமா?,நக்கீரன்,"கண்திறக்குமா? ஆசிரியர் : நக்கீரன்

நடந்த கதை:

வாழ்க்கையில் பல சோதனைகளுக்கு ஆளான சந்திரமோகன், தன் கடைசி காலத்தில் தமிழ் நாட்டையும் தமிழ் மக்களையும் நோக்கி ""கண் திறக்குமா? '' என்ற கேள்வியுடன் தன் 'கதை'",1,
8,கண் திறக்குமா? தொடர் கதையின் நான்காம் அத்தியாயத்தின் தலைப்பு மற்றும் அது எந்த இதழில் வெளிவந்துள்ளது?,unknown || 15 || கடலலைகள்,கடலலைகள்,ந.காசிராஜன்,"கடலலைகள்

ந. காசிராஜன்

சுந்தரராஜன் சோபாவில் அமர்ந்திருந்தான். அவன் உட்கார்ந்திருந்த இடம் பெரிய ஹால். பல சோபாக்களும் நாற்காலிகளும் மேஜைகளும நிறைந்திருந்தன. பளிங்குச் சுவரில் கண்ணாடிப் படங்கள், தூய ந",0,
8,கண் திறக்குமா? தொடர் கதையின் நான்காம் அத்தியாயத்தின் தலைப்பு மற்றும் அது எந்த இதழில் வெளிவந்துள்ளது?,unknown || 2 || கண் திறக்குமா?,கண் திறக்குமா?,நக்கீரன்,"கண் திறக்குமா? ஆசிரியர்;  நக்கீரன்





நடந்தகதை:



   வாழ்க்கையில் பல சோதனைகளுக்கு ஆளான சந்திரமோகன்,  தன் கடைசி காலத்தில் தமிழ்நாட்டையும் தமிழ் மக்களையும் நோக்கி  “கண் திறக்குமா? "" என்ற கேள்வியுடன்",1,
8,கண் திறக்குமா? தொடர் கதையின் நான்காம் அத்தியாயத்தின் தலைப்பு மற்றும் அது எந்த இதழில் வெளிவந்துள்ளது?,unknown || 6 || வழக்கி விழுந்தவள்,வழக்கி விழுந்தவள்,கலைவாணன்,"வழுக்கி விழுந்தவள்

கலைவாணன்



அலர் முகத்தைத் தலையணையில் புதைத்துக்கொண்டு குவளைக் கண்களை இறுக மூடிக்கொண்டாள் அந்த மலர்க்கொடி. முகத்தை மட்டும் புதைத்துக் கொண்ட மோகனவல்லியால் மோதிவரும் எண்ண அலைகளைக் க",0,
8,கண் திறக்குமா? தொடர் கதையின் நான்காம் அத்தியாயத்தின் தலைப்பு மற்றும் அது எந்த இதழில் வெளிவந்துள்ளது?,unknown || 13 || துரோகி,துரோகி,தில்லை வில்லாளன்,"துரோகி

-தில்லை வில்லாளன்





இருபத்தாறாம் அத்தியாயம்

நச்சுக்கோப்பை! வைத்தியர் வரப்பிரசாதர் அந்தப்புரத்திற்குள் நுழைந்தார். அங்கு அழகான கட்டிலில் அலிவர்திகான் கிடத்தப்பட்டிருந்தான். அருகில் நளினி ",0,
9,பொன்னியில் பொதுச் செய்தித் துணுக்கு பற்றி கூறு,unknown || 2 || பொது மேடை,பொது மேடை,NA,"பொது மேடை



	சிதம்பரம் 16-2-49. 'பொன்னி' யின் பொங்கல் மலர் ஒரு தங்க மலர் - பகுத்தறிவு மணம் இருக்கிறது அதில்! பொன் மலர் நாற்றமுடைத்து…. என்று பாடியது இன்று உண்மையாகி விட்டது. கதைகளுக்கேற்ற பட அமைப்பு",0,
9,பொன்னியில் பொதுச் செய்தித் துணுக்கு பற்றி கூறு,unknown || 11 || திருமணப் புதுமை!,திருமணப் புதுமை!,NA,"திருமணப் புதுமை! 14-5-49



பெரியார் — ஆச்சாரியார் சந்திப்பு. சொந்த விஷயம் பற்றிப் பேசியதாக இருவருமே கூறிவிட்டனர். 25-5-49



கோவை மாநாட்டில் ""எனக்கு வாரிசு ஏற்படுத்துவது பற்றித்தான் கவர்னர் ஜெனரலுடன்",0,
9,பொன்னியில் பொதுச் செய்தித் துணுக்கு பற்றி கூறு,unknown || 5 || பொது மேடை,பொது மேடை,NA,"பொது மேடை



தமிழ் உபாத்திமைச் சங்கம்

டர்பன் 9-3-49

   இலக்கியம், கலை, அரசியல், சமயம் ஆகிய எல்லாத் துறைகளிலும், சமுதாய நலமே ஒப்பற்ற நலமாகக் கொண்டும், சமுதாய உணர்வு கொண்டு மக்களும் நாடும் உயர்வுகொ",0,
9,பொன்னியில் பொதுச் செய்தித் துணுக்கு பற்றி கூறு,unknown || 10 || நமது மருத்துவர்,நமது மருத்துவர்,வெங்கடப்பா,"நமது மருத்துவர்

G. வெங்கடப்பா M. C



வினா: மருத்துவரே, என் வயது 20. தூங்கும் பொழுது மூச்சுவிட கடினமாக இருக்கிறது. ""கர்-கர்"" சப்தம் வருகிறது. நான் என்ன செய்ய வேண்டும்? செல்வம், திருவாருர். விடை: கா",0,
9,பொன்னியில் பொதுச் செய்தித் துணுக்கு பற்றி கூறு,unknown || 18 || பொது  மேடை,பொது  மேடை,NA,"வாசகர்களின் கருத்துரைகளை வெளியிடுவதற்கென்றே இப்பகுதி ஒவ்வொரு இதழிலும் இடம் பெறுகிறது. `பொன்'னியைப் பற்றி மட்டுமல்ல, உள்நாட்டு, வெளிநாட்டு நடப்புகளில் எதைப் பற்றியும் அன்பர்கள் தந்தம் எண்ணங்களை, எழுதிய",0,
9,பொன்னியில் பொதுச் செய்தித் துணுக்கு பற்றி கூறு,unknown || 5 || பாரதிதாசன் பரம்பரை,பாரதிதாசன் பரம்பரை,கு.திரவியம்,"பாரதிதாசன் பரம்பரை

       ------------தமிழ்த்தாய்------------



சிலம்பொலிக்க   என்னருகில்   ஒருத்தி  வந்தாள்

சிற்றிடையில்   மேகலைதான்   மின்னக்  கண்டேன்! சிலிர்த்திடநல்   ஒளிகாலும்   அணியாம்  சிந்",0,
9,பொன்னியில் பொதுச் செய்தித் துணுக்கு பற்றி கூறு,unknown || 21 || பொதுமேடை,பொதுமேடை,NA,"பொதுமேடை….. போத்தனூர்

 1-12-49

 வரிக்காக மதுவிலக்கா? மதுவிலக்கு வெற்றியளிக்கவில்லை என்பது மாநில மக்களும், நாடாளும் அமைச்சர்களும் நன்கறிந்ததொன்றாகும். அதைக் குறித்து முதலமைச்சர் முதல் கடைசிக் கதர்க",0,
9,பொன்னியில் பொதுச் செய்தித் துணுக்கு பற்றி கூறு,unknown || 5 || வளரும் இலக்கியம்,வளரும் இலக்கியம்,அரசன்,"வளரும் இலக்கியம்



இன்பத் திராவிடம்

 	இன்பத் திராவிடம் கிடைத்தது. ""அதற்காகப் போராடிக் கொண்டிருக்கும் எங்களுக்குத் தெரியாமல் எப்படிக் கிடைத்தது, என்று கிடைத்தது? என்று கேள்விகளை அடுக்கிவிடாதீர்கள். ",0,
9,பொன்னியில் பொதுச் செய்தித் துணுக்கு பற்றி கூறு,unknown || 18 || நமக்குள்ளே,நமக்குள்ளே,சுகி,"நமக்குள்ளே

சுகி



 8



மத்திய சர்க்கார் மந்திரி ஒருவர் மேசையில் தந்தி ஒன்று இருந்தது. அந்தத் தந்தியில் ""தாயார் அபாயம் ; உடனே புறப்பட்டு வரவும்"" என்ற எழுத்துக்கள் இருந்தனவாம். மந்திரி ’பைல்'களை அப",0,
9,பொன்னியில் பொதுச் செய்தித் துணுக்கு பற்றி கூறு,unknown || 16 || துப்பறியும் நாவல்,துப்பறியும் நாவல்,மு.அண்ணாமலை,"துப்பறியும் நாவல்

மு. அண்ணாமலை

தமிழ்நாட்டில் துப்பறியும் நாவல்கள் புற்றீசல் போலத் தோன்றிக் காலப்போக்கில் இலக்கியத் துறையில் சரியான இடம்பெறாதொழிந்தன. இன்றும் இங்கிலாந்தில் இத்தகைய நாவல்களுக்குச் சர",0,
9,பொன்னியில் பொதுச் செய்தித் துணுக்கு பற்றி கூறு,unknown || 2 || அந்தநாள்,அந்தநாள்,சிலம்பின் செல்வன்,"அந்த நாள்

""சிலம்பீன் செல்வன்""



காட்சி 3

[இடம் : செங்குட்டுவன் தனியறை. நிமித்திகன் மொழியும். அரசவை நிகழ்ச்சியும், செங்குட்டுவன் உள்ளத்தே ஒரு பெரும் புயலை உண்டாக்கிவிட்டன. ]



செங்கு:- பெற்ற தா",0,
9,பொன்னியில் பொதுச் செய்தித் துணுக்கு பற்றி கூறு,unknown || 13 || பரமானந்தர்,பரமானந்தர்,நா.பாண்டுரங்கன்,"பரமானந்தர்



-நா. பண்டுரங்கன்



[சென்ற இதழ்த் தொடர்ச்சி]



பரமானந்தர் அடுத்த வயலுக்குப்போக வரப்பில் நடந்தார். கார்வாரி, குடையை அவர் தலைக்கு நேரே பிடித்துப் போய்க் கொண்டிருந்தார். முனியன், ஏரை ஒரு",0,
9,பொன்னியில் பொதுச் செய்தித் துணுக்கு பற்றி கூறு,unknown || 17 || பொதுமேடை,பொதுமேடை,NA,"பொது மேடை



இப்பகுதி வாசகர்களுக்கென்றே மீண்டும் தொடங்கப்படுகிறது. 'பொன்னி'யைப் பற்றி மட்டுமல்ல, உள்நாட்டு, வெளிநாட்டு நிகழ்ச்சிகளில் எதைப் பற்றியும் அன்பர்கள் தங்கள் கருத்துரைகளை எழுதியனுப்பலாம். ஆனா",0,
9,பொன்னியில் பொதுச் செய்தித் துணுக்கு பற்றி கூறு,unknown || 1 || வானம்படி,வானம்படி,கவிஞர் ஷெல்லி. கா.அப்பாத்துரை,"வானம்பாடி

முதலாசிரியர்: கவிஞர் ஷெல்லி. தமிழாக்கம்: கா. அப்பாத்துரை



வாழி வானம்பாடி, வான்

அணங்குநீ! புள் அல்லவே! சூழ் ஒளித்தடத்தில்நின்று

பண் இசைப்பாய் மெல்லவே;

தூய நெஞ்சுருக்கி மஞ்சுருக்கி வ",0,
9,பொன்னியில் பொதுச் செய்தித் துணுக்கு பற்றி கூறு,unknown || 2 || வேண்டாத வேலைக்காரன்,வேண்டாத வேலைக்காரன்,நா.பாண்டுரங்கன்,"வேண்டாத வேலைக்காரன்



நா. பாண்டுரங்கன்



காலை பிறந்ததும் கழுத்தில் மாலை விழப்போகும் மணப்பெண் தன் முகத்தைக் கண்ணாடியில் அடிக்கொரு தடவை பார்த்து அகமகிழ்வதைப்போல, மனிதனின் உள்ளே இருக்கும் மனம் என்ற 'ப",0,
9,பொன்னியில் பொதுச் செய்தித் துணுக்கு பற்றி கூறு,unknown || 5 || நாகர்கோவிலில் எழுத்தாளர்கள்,நாகர்கோவிலில் எழுத்தாளர்கள்,NA,"நாகர்கோவிலில் எழுத்தாளர்கள்



மூன்றாவது தமிழ் எழுத்தாளர் மாநாடு இம்முறை மே 14,15 நாட்களில் நாகர்கோவிவில் கூடியது மிக முக்கியம் வாய்ந்ததாகும். தமிழருக்குச் சொந்தமான தமிழர் பெரும் பகுதியினராக உள்ள நாஞ்",0,
9,பொன்னியில் பொதுச் செய்தித் துணுக்கு பற்றி கூறு,unknown || 2 || பாதுகாப்பு,பாதுகாப்பு,கோபாலரெட்டி,பாதுகாப்பு! ஒரு லட்சிய நாட்டில் மக்கள் நோயும் வறுமையும் இல்லாமல் வாழ வேண்டுமென்றும் பொருள்கள் அதிகம் உற்பத்தியாகிச் செல்வம் சேமிக்கப்பட வேண்டுமென்றும் திருப்தியும் மகிழ்ச்சியும் பாதுகாப்பும் குடிகொண்ட,0,
9,பொன்னியில் பொதுச் செய்தித் துணுக்கு பற்றி கூறு,unknown || 16 || ஆணும் பெண்ணும்,ஆணும் பெண்ணும்,ரா.தணலன்,"ஆணும்பெண்ணும்

                  	ரா. தணலன்



6. பெண்ணைப்பற்றிப் பேசத் தொடங்கும் முன்னே நம்முடைய கண்முன் வந்து நிற்கும் முதல் கேள்வி, நம்மை நோக்கி எழும் முதல் பிரச்னை கற்பை பற்றியதுதான். பெண்ணின் அடி",0,
9,பொன்னியில் பொதுச் செய்தித் துணுக்கு பற்றி கூறு,unknown || 11 || உங்களுக்குத் தெரியுமா?,உங்களுக்குத் தெரியுமா?,வழிப்போக்கன்,"உங்களுக்குத் தெரியுமா? -- வழிப்போக்கன். காதல் கமிஷன்







நம்ம சர்க்கார் மிகவும் சுறு சுறுப்புள்ள சர்க்கார் என்று தான் சொல்ல வேண்டும். எந்தக் காரியமானலும் சரி. உடனே ஜரூர் நடவடிக்கை எடுக்காமல் இருக்க",0,
10,பொன்னியில் சிறுவர் அரங்கம் பற்றி கூறு,unknown || 21 || பொதுமேடை,பொதுமேடை,NA,"பொதுமேடை….. போத்தனூர்

 1-12-49

 வரிக்காக மதுவிலக்கா? மதுவிலக்கு வெற்றியளிக்கவில்லை என்பது மாநில மக்களும், நாடாளும் அமைச்சர்களும் நன்கறிந்ததொன்றாகும். அதைக் குறித்து முதலமைச்சர் முதல் கடைசிக் கதர்க",0,
10,பொன்னியில் சிறுவர் அரங்கம் பற்றி கூறு,unknown || 9 || சிமோனின் தகப்பன்,சிமோனின் தகப்பன்,வாணிதாசன்,"சிமோனின் தகப்பன்

தமிழாக்கம் : வாணிதாசன்

மணி அடித்தது. பள்ளிச் சிறுவர்கள் மிக விரைவாக ஒருவரையொருவர் தள்ளிக்கொண்டு வெளியே வந்தனர். கட்டவிழ்த்து விடப்பட்ட கன்றுக் குட்டிகள் துள்ளிக் குதிப்பதைப் பார்த",0,
10,பொன்னியில் சிறுவர் அரங்கம் பற்றி கூறு,unknown || 18 || பொது  மேடை,பொது  மேடை,NA,"வாசகர்களின் கருத்துரைகளை வெளியிடுவதற்கென்றே இப்பகுதி ஒவ்வொரு இதழிலும் இடம் பெறுகிறது. `பொன்'னியைப் பற்றி மட்டுமல்ல, உள்நாட்டு, வெளிநாட்டு நடப்புகளில் எதைப் பற்றியும் அன்பர்கள் தந்தம் எண்ணங்களை, எழுதிய",0,
10,பொன்னியில் சிறுவர் அரங்கம் பற்றி கூறு,unknown || 9 || நல்ல மருந்து,நல்ல மருந்து,பக்தவத்சலம்,"நல்ல மருந்து

படிக்கும்போது மாத்திரம் சுவையளித்துப் பிறகு மனதிலிருந்து மறைந்துவிடுகின்ற கதைகள் எத்தனையோ வெளிவருகின்றன. ஆனால் புதுமைப்பித்தனின் கதைகள் அத்தகையவையல்ல. அவை சிரஞ்சீவியானவை. தனி மனிதரின் ந",0,
10,பொன்னியில் சிறுவர் அரங்கம் பற்றி கூறு,unknown || 1 || பொது மேடை,பொது மேடை,NA,"பொது மேடை



சென்னை 14 - 18-1-48 

'பொன்னி'யைக் கண்டேன். பதினெட்டு வயது இளங்குமரியைப் போல் அழகாகவும் கவர்ச்சியாகவுமிருக்கிறாள். தொட்ட இடமெல்லாம் இனிக்கிறது. பொன்னி வளர்க, வாழ்க என வாழ்த்துகிறேன். -இரா",0,
10,பொன்னியில் சிறுவர் அரங்கம் பற்றி கூறு,unknown || 12 || பொய்யும் மெய்யும்,பொய்யும் மெய்யும்,புதுமைச்சித்தன்,"பொய்யும்   மெய்யும்

புதுமைச்சித்தன்



கவிபாடின கம்பனுக்கு அள்ளிக் கொடுத்தார்களாம். அதெல்லாம் அந்தக் காலத்திலே! இப்பொழுது கவிபாடுகிறவனுக்கோ, கதை எழுதுகிறவனுக்கோ ஒரு பிடி புழுதி மண்ணை அள்ளிக் கொடுக்கக",0,
10,பொன்னியில் சிறுவர் அரங்கம் பற்றி கூறு,unknown || 21 || மக்கள் மன்றம்,மக்கள் மன்றம்,NA,"மக்கள் மன்றம்





நிழல்

(நாடகம்)

பி. சாமி





ஜெகசிற்பியன்

வாணிதாசன்

ஜடாதரன்

இரா. இளஞ்சேரன்

பி. ராமகிருஷ்ணன்

ரா. பாலாஜி

தன. நடராஜன்



ஆகியவர்கள் எழுதுகிறார்கள்











பொருளடக்கம்



மலர",0,
10,பொன்னியில் சிறுவர் அரங்கம் பற்றி கூறு,unknown || 10 || வளரும் இலக்கியம்,வளரும் இலக்கியம்,நா. வேத்தரசன்,"வளரும் இலக்கியம்



புரட்சி இலக்கியம்

இன்றைய இலக்கியங்களைப் பற்றிய ஒரு தெளிவான ஆராய்ச்சியாக இருக்கும் இந்நூல். இலக்கிய உலகில் நாறிக்கிடக்கும் அழுகிய கற்பனைகளை அகற்றி, புரட்சி இலக்கியங்களை அரியணையேற்",0,
10,பொன்னியில் சிறுவர் அரங்கம் பற்றி கூறு,unknown || 23 || பொது மேடை,பொது மேடை,NA,"பொது மேடை.. 'பொன்னி' தந்த மலர் பற்றி நமக்குக் கிடைத்து வரும் கருத்துரைகள் உண்மையிலேயே உற்சாகத்தை ஊட்டுவனவாய் அமைந்துள்ளன. சில கடிதங்களை மட்டும் வெளியிட்டுள்ளளோம். திருச்சி

25-1-50

முழு வெற்றி

பொ",0,
10,பொன்னியில் சிறுவர் அரங்கம் பற்றி கூறு,unknown || 8 || அரங்கேற்றம்,அரங்கேற்றம்,ஜெயசிற்பியன்,"அரங்கேற்றம்

அம்பலத்தில் மட்டுமென்ன, அறையிலும் அரங்கேற்றம் செய்துவிடுகிறார்கள் நாட்டியம் கற்றுக்கொண்ட குழந்தைகள். அற்புதம் - அபூர்வம் ‘’

''குழந்தை எவ்வளவு அர்த்த புஷ்டியுடன் ஆடுகிறது! உடம்பின் நெளிவு",0,
10,பொன்னியில் சிறுவர் அரங்கம் பற்றி கூறு,unknown || 15 || சிலப்பதிகாரக் காட்சிகள்,சிலப்பதிகாரக் காட்சிகள்,விசு.திருநாவுக்கரசு,"சிலப்பதிகாரக் காட்சிகள்

விசு. திருநாவுக்கரசு

15. அரசன் யார்? கள்வன் யார்? ஆயர்பாடியிலே மாதரி கண்ணாற் கண்ட தீயநிகழ்ச்சிகளை ஒப்ப, அரச மாதேவி கனவிலே தீயன நிகழக் காணுகிறாள். செங்கோல் வளைவதை, வெண்குடை நி",0,
10,பொன்னியில் சிறுவர் அரங்கம் பற்றி கூறு,unknown || 12 || வாயாடிகள்,வாயாடிகள்,நா.பாண்டுரங்கன்,"வாயாடிகள்

நா. பாண்டுரங்கன்

காலம் பலருக்கு மாடாக இருப்பதால் அதனை அதட்டி ஒட்ட வேண்டியிருக்கிறது. சிலருக்கு அது மானாக இருப்பதால் சிரித்துப் பிடித்து அதன் ஓட்டத்தை நிறுத்த வேண்டியிருக்கிறது. இதுவரை மா",0,
10,பொன்னியில் சிறுவர் அரங்கம் பற்றி கூறு,unknown || 2 || அந்தநாள்,அந்தநாள்,சிலம்பின் செல்வன்,"அந்த நாள்

""சிலம்பீன் செல்வன்""



காட்சி 3

[இடம் : செங்குட்டுவன் தனியறை. நிமித்திகன் மொழியும். அரசவை நிகழ்ச்சியும், செங்குட்டுவன் உள்ளத்தே ஒரு பெரும் புயலை உண்டாக்கிவிட்டன. ]



செங்கு:- பெற்ற தா",0,
10,பொன்னியில் சிறுவர் அரங்கம் பற்றி கூறு,unknown || 17 || பொங்கல் நாளில் புது விருந்து!,பொங்கல் நாளில் புது விருந்து!,NA,"பொங்கல் நாளில் புது விருந்து! `பொன்னி' பொங்கல்மலர் தமிழர்க்குத் தைப் பொங்கல் நாளில் கிடைக்கப் போகிறது. எண்ணற்ற தமிழர்கள், உலகெங்கும் வாழும் தமிழ்ப் பெருமக்கள் இம்மலரினை எதிர்பார்த்திருக்கிறார்கள். சென",0,
10,பொன்னியில் சிறுவர் அரங்கம் பற்றி கூறு,unknown || 8 || காலமும் கருத்தும்,காலமும் கருத்தும்,NA,"காலமும் கருத்தும்



காப்பாற்றுவது கடமை

மலேயாவில் கணபதி தூக்கிலிடப்பட்ட துயர்தீரு முன்னே, மற்றொரு தமிழன் சாம்பசிவனைத் தூக்குமேடை அழைக்கும் பயங்கர வினோதம் நடைபெறுகிறது. கணபதியின் உயிர் பறிபோயிற்று. இந",0,
10,பொன்னியில் சிறுவர் அரங்கம் பற்றி கூறு,unknown || 1 || அழியாதன்றோ!,அழியாதன்றோ!,பாரதிதாசன்,"அழியாதன்றோ! ”……………………………….. வெறி கொள் 

வலியாரால் வாடும் எளியாரின் சார்பில் 

புலியாகிப் போர்தொடுக்கும் போதில்- வலியோர்கள் 

எய்யும் கோற்புண்ணும் இனிதாகும் அவ்வெளியார் 

உய்ய உழைத்ததனைத் தானினைத்தால்!",0,
10,பொன்னியில் சிறுவர் அரங்கம் பற்றி கூறு,unknown || 10 || கண் திறக்குமா?,கண் திறக்குமா?,நக்கீரன்,"கண் திறக்குமா? நக்கீரன்

 நடந்த கதை:

”தேசத்தொண்டு என்பது சுயநலத்துக்காகச் செய்வதல்ல; தேசத் துக்காகவும் தேச மக்களுக்காக வும் தான்! "" என்ற சித்தாந்தத்துடன், சந்திரமோகன் என்னும் சட்டப்பரீட்சையில் தேறிய ",0,
10,பொன்னியில் சிறுவர் அரங்கம் பற்றி கூறு,unknown || 5 || பொது மேடை,பொது மேடை,NA,"பொது மேடை



தமிழ் உபாத்திமைச் சங்கம்

டர்பன் 9-3-49

   இலக்கியம், கலை, அரசியல், சமயம் ஆகிய எல்லாத் துறைகளிலும், சமுதாய நலமே ஒப்பற்ற நலமாகக் கொண்டும், சமுதாய உணர்வு கொண்டு மக்களும் நாடும் உயர்வுகொ",0,
10,பொன்னியில் சிறுவர் அரங்கம் பற்றி கூறு,unknown || 12 || துரோகி,துரோகி,தில்லை வில்லாளன்,"துரோகி

-தில்லைவில்லாளன்-

இருபத்திநான்காம் அத்தியாயம்

 நாட்டிய ராணி இரஜினி! தன் மாளிகையைச் சேர்ந்த இரஜினி ஆடைகளை யெல்லாம் மாற்றிவிட்டு வேறொரு புது அலங்காரம் செய்துவிட்டாள். இப்பொழுது அவள் புது வடிவ",0,
11,பொன்னி மலர் ஒன்று பொங்கல் இதழில் பாரதிதாசன் எழுதியுள்ளாரா?,unknown || 17 || காலமும் கருத்தும்,காலமும் கருத்தும்,NA,"காலமும் கருத்தும்



அமெரிக்காவிற்கு நேரு

நம் முதலமைச்சர் 'நல்லெண்ணத் தூதுவராக' அமெரிக்கா சென்றுள்ளார். அமெரிக்கா, இந்திய முதல்வரை வரவேற்கப் பெரும் ஏற்பாடுகள் செய்திருக்கிறது. ஏறக்குறைய ஒரு மாதம் ந",0,
11,பொன்னி மலர் ஒன்று பொங்கல் இதழில் பாரதிதாசன் எழுதியுள்ளாரா?,unknown || 2 || பொது மேடை,பொது மேடை,NA,"பொது மேடை



	சிதம்பரம் 16-2-49. 'பொன்னி' யின் பொங்கல் மலர் ஒரு தங்க மலர் - பகுத்தறிவு மணம் இருக்கிறது அதில்! பொன் மலர் நாற்றமுடைத்து…. என்று பாடியது இன்று உண்மையாகி விட்டது. கதைகளுக்கேற்ற பட அமைப்பு",1,
11,பொன்னி மலர் ஒன்று பொங்கல் இதழில் பாரதிதாசன் எழுதியுள்ளாரா?,unknown || 5 || பொது மேடை,பொது மேடை,NA,"பொது மேடை



தமிழ் உபாத்திமைச் சங்கம்

டர்பன் 9-3-49

   இலக்கியம், கலை, அரசியல், சமயம் ஆகிய எல்லாத் துறைகளிலும், சமுதாய நலமே ஒப்பற்ற நலமாகக் கொண்டும், சமுதாய உணர்வு கொண்டு மக்களும் நாடும் உயர்வுகொ",1,
11,பொன்னி மலர் ஒன்று பொங்கல் இதழில் பாரதிதாசன் எழுதியுள்ளாரா?,unknown || 1 || பொதுமேடை,பொதுமேடை,NA,"பொது மேடை

சென்னை

5-2-50

தமிழிலக்கிய நறுமலர்

… பொங்கல் மலர் தமிழிலக்கிய நறுமலராக அனைவரையும் மகிழ்வித்து வருவது கண்டு களிப்புறுகின்றேன். வரதராசன்





திருச்சி

4 2-50

கதிரவன் உதித்தான்

மலர",1,
11,பொன்னி மலர் ஒன்று பொங்கல் இதழில் பாரதிதாசன் எழுதியுள்ளாரா?,unknown || 3 || பொது மேடை,பொது மேடை,NA,"பொது மேடை



வேலூர்-21-2-49

கலைக் களஞ்சியம்

‘பொன்னி' பொங்கல் மலர் அழகு வாய்ந்தது. அறிஞர் பலரின் கருத்து மணம் கமழ்வது. தமிழர் திருநாளில் தமிழர்க்கு இன்பம் தரும் பொருள்களில் கரும்பும், புதுச்சோறும்",3,
11,பொன்னி மலர் ஒன்று பொங்கல் இதழில் பாரதிதாசன் எழுதியுள்ளாரா?,unknown || 1 || மலர் மணம்,மலர் மணம்,NA,"மலர் மணம்

அழகான மலர்

பொன்னி பொங்கல் மலர் அழகாக மலர்ந்திருக்கின்றது. மட்டற்ற மகிழ்ச்சி. அரியரத்தினம். ஆசிரியர் : `ஈழகேசரி'

சுன்னாகம்

★★★

மலர்ச்சோலையில்...! பொன்னி பொங்கல் மலர்ச் சோலையில் சித்",1,
11,பொன்னி மலர் ஒன்று பொங்கல் இதழில் பாரதிதாசன் எழுதியுள்ளாரா?,unknown || 5 || பாரதிதாசன் மணிவிழா மலர்,பாரதிதாசன் மணிவிழா மலர்,"வள்ளிக்கண்ணன், க. கூடலரசன், என். தங்கவேலு, ஏ. எஸ். ராகவன், வேலை - வில்லவன்","பாரதிதாசன் மணிவிழா மலர்



சிறந்த தயாரிப்பு

நீங்கள் அன்புடன் அனுப்பிய ‘பொன்னி' மலர் கிடைத்தது. அன்புக்கு நன்றி. சிறந்த தயாரிப்பு, கண்ணுக்கும் கருத்துக்கும் விருந்து. கவிஞரைப் பற்றிப் பலரது எண்ணங்கள",1,
11,பொன்னி மலர் ஒன்று பொங்கல் இதழில் பாரதிதாசன் எழுதியுள்ளாரா?,unknown || 1 || பக்தி,பக்தி,டி.கே.சீனிவாசன்,"சீனிவாசன்



அடுக்கடுக்காக ஒன்றுக்கொன்று ஆதரவாகப் பின்னிப் பிணைந்திருந்த அந்த மலரின் இதழ்களைப் பார்க்கும் போது என் இதயம் மகிழ்ச்சியால் பொங்கிப்பூரித்தது. உதிக்கும் கதிரவன் ஒளிபட்டதும் அவை அத்தனையுமே ",0,
11,பொன்னி மலர் ஒன்று பொங்கல் இதழில் பாரதிதாசன் எழுதியுள்ளாரா?,unknown || 1 || குதிரைப் பந்தயம்,குதிரைப் பந்தயம்,சி.கன்னியப்பன்,"குதிரைப் பந்தயம்

சி. கன்னியப்பன்

தன் வருகையைக் கூட உணர்ந்து கொள்ளாது அப்படி அவர் லயித்திருக்கக் காரணம் என்ன என்று தன் மனத்தைக் கலக்கிக் கொள்ளவில்லை அவள். அதுதான் அவளுக்குத் தெரிந்த விஷயமாயிற்றே! மேஜ",0,
11,பொன்னி மலர் ஒன்று பொங்கல் இதழில் பாரதிதாசன் எழுதியுள்ளாரா?,unknown || 1 || வளரும் இலக்கியம்,வளரும் இலக்கியம்,"கோவை இளஞ்சேரன், சாமி பழனியப்பன், மலையன், நாக முத்தையா","வளரும் இலக்கியம்



வரப்பெற்றோம். திராவிடநாடு (பொங்கல் மலர். )

அழகான முந்நிற அட்டையோடு இவ்வாண்டுத் திராவிட நாடு பொங்கல் மலர் திகழ்கின்றது. அண்ணாவின் `இருளில் ஒளி ' 'புதிய பாதை' என்ற கட்டுரைகளுடன் தோ",1,
11,பொன்னி மலர் ஒன்று பொங்கல் இதழில் பாரதிதாசன் எழுதியுள்ளாரா?,unknown || பொங்கல் மலர் || பொங்கல் வாழ்த்து,பொங்கல் வாழ்த்து,கவியரசர் பாரதிதாசன்,"பொங்கல்  வாழ்த்து

                                            		  கவியரசர் பாரதிதாசன் 



தைத்திங்கள் முதல்நாள் என்றார்! தமிழர்கள் திருநாள் என்றார் 

 புத்தமு தாக வந்த 

 பொங்கல்நாள் என்றார்க் கின்றா",3,
11,பொன்னி மலர் ஒன்று பொங்கல் இதழில் பாரதிதாசன் எழுதியுள்ளாரா?,unknown || 10 || அலுவலக அறிவிப்பு,அலுவலக அறிவிப்பு,NA,"அலுவலக அறிவிப்பு



பொன்னி உரிய நாளில் சரிவர வெளிவருவதில்லை என விற்பனையாளர்கள், எழுத்தாளர்கள், பொன்னி அன்பர்கள் ஆகியோரிடை ஒரு பெருங் குறைபாடு எழுந்துள்ளது. உரிய காலத்தில் உங்கள் கையில் தவழத் தவறமாட்ட",1,
11,பொன்னி மலர் ஒன்று பொங்கல் இதழில் பாரதிதாசன் எழுதியுள்ளாரா?,unknown || 2 || மன வேதனை,மன வேதனை,தமிழ்வாணன்,"மன வேதனை

தமிழ்வாணன்





சிந்தித்தேன்...... சிந்தித்தேன்... சிந்தித்தேன்....... அதனால் என் மூளையில் பழுப்பேறி மூளை, மஞ்சள் நிறம் கண்டிருக்கிறது! மண்டை ஓடு,கபாலம், ஆட்டம் கண்டுவிட்டது! கண்கள் பஞ்சடைந",0,
11,பொன்னி மலர் ஒன்று பொங்கல் இதழில் பாரதிதாசன் எழுதியுள்ளாரா?,unknown || 23 || பொது மேடை,பொது மேடை,NA,"பொது மேடை.. 'பொன்னி' தந்த மலர் பற்றி நமக்குக் கிடைத்து வரும் கருத்துரைகள் உண்மையிலேயே உற்சாகத்தை ஊட்டுவனவாய் அமைந்துள்ளன. சில கடிதங்களை மட்டும் வெளியிட்டுள்ளளோம். திருச்சி

25-1-50

முழு வெற்றி

பொ",3,
11,பொன்னி மலர் ஒன்று பொங்கல் இதழில் பாரதிதாசன் எழுதியுள்ளாரா?,unknown || 2 || நம்பிக்கை,நம்பிக்கை,புதுமைச்சித்தன்,"நம்பிக்கை

புதுமைச்சித்தன்

பேனாவை வைத்துக்கொண்டு கோனாகிவிடுவோம் என்று அவர் கனவு காணவில்லை ஆனல், பேனாவை வைத்துக்கொண்டு பிச்சையெடுக்க வேண்டும் என்றும் அவர் நினைக்கவில்லை. -புதுமைப்பித்தன்

எழுத்தாளர",0,
11,பொன்னி மலர் ஒன்று பொங்கல் இதழில் பாரதிதாசன் எழுதியுள்ளாரா?,unknown || 3 || வெறும் கலாட்டா,வெறும் கலாட்டா,கில்லாடி,"வெறும் கலாட்டா



""இந்தியா இன்னும் சுதந்திரமடைய வில்லை; அடிமைத்தளை இன்னும் அகற்றப்படவில்லை"" என்று சொன்னால் நீங்கள் மூக்கின்மேல் விரலைவைத்து ஆச்சரியப்படுவீர்களா இல்லையா? நீங்கள் மூக்கின்மேல் விரலை வைத",0,
12,மலர் 2 இதழ் 1 ல் நாரா நாச்சியப்பன் இயற்றிய செய்திப்பாட்டின் மையக் கருத்து யாது?,unknown || 3 || வளரும் இலக்கியம்,வளரும் இலக்கியம்,NA,"வளரும் இலக்கியம்



காலச் சக்கரம் * *

(வாரப் பத்திரிகை)

சிறு கதைகளும் இன்றையத் தேவையை உணர்த்தும் கட்டுரைகளும், கொண்டுள்ளது இப்பத்திரிகை. உட்பக்கங்களில் பத்திரிகை அமைப்பு பார்ப்பதற்கு அழகாக இல்லை. ",0,
12,மலர் 2 இதழ் 1 ல் நாரா நாச்சியப்பன் இயற்றிய செய்திப்பாட்டின் மையக் கருத்து யாது?,unknown || 2 || பொது மேடை,பொது மேடை,NA,"பொது மேடை



	சிதம்பரம் 16-2-49. 'பொன்னி' யின் பொங்கல் மலர் ஒரு தங்க மலர் - பகுத்தறிவு மணம் இருக்கிறது அதில்! பொன் மலர் நாற்றமுடைத்து…. என்று பாடியது இன்று உண்மையாகி விட்டது. கதைகளுக்கேற்ற பட அமைப்பு",0,
12,மலர் 2 இதழ் 1 ல் நாரா நாச்சியப்பன் இயற்றிய செய்திப்பாட்டின் மையக் கருத்து யாது?,unknown || 1 || அழியாதன்றோ!,அழியாதன்றோ!,பாரதிதாசன்,"அழியாதன்றோ! ”……………………………….. வெறி கொள் 

வலியாரால் வாடும் எளியாரின் சார்பில் 

புலியாகிப் போர்தொடுக்கும் போதில்- வலியோர்கள் 

எய்யும் கோற்புண்ணும் இனிதாகும் அவ்வெளியார் 

உய்ய உழைத்ததனைத் தானினைத்தால்!",0,
12,மலர் 2 இதழ் 1 ல் நாரா நாச்சியப்பன் இயற்றிய செய்திப்பாட்டின் மையக் கருத்து யாது?,unknown || 1 || பொதுமேடை,பொதுமேடை,NA,"பொது மேடை

சென்னை

5-2-50

தமிழிலக்கிய நறுமலர்

… பொங்கல் மலர் தமிழிலக்கிய நறுமலராக அனைவரையும் மகிழ்வித்து வருவது கண்டு களிப்புறுகின்றேன். வரதராசன்





திருச்சி

4 2-50

கதிரவன் உதித்தான்

மலர",0,
12,மலர் 2 இதழ் 1 ல் நாரா நாச்சியப்பன் இயற்றிய செய்திப்பாட்டின் மையக் கருத்து யாது?,unknown || 1 || இரண்டாம் ஆண்டு,இரண்டாம் ஆண்டு,NA,"இரண்டாம் ஆண்டு

உங்கள் அருமைப் 'பொன்னி`க்கு ஓராண்டு முற்றுப்பெற்றது. இரண்டாம் ஆண்டு முதலிதழ் உங்கள் கையிலே தவழ்கிறது. தமிழகம் அளித்து வரும் ஊக்கமும் ஆதரவுமே 'பொன்னி'யின் வளர்ச்சிக்கு ஊன்று கோலாகிறது. ",1,
12,மலர் 2 இதழ் 1 ல் நாரா நாச்சியப்பன் இயற்றிய செய்திப்பாட்டின் மையக் கருத்து யாது?,unknown || 21 || துரோகி,துரோகி,தில்லை வில்லாளன்,"துரோகி

தில்லை வில்லாளன்



நான்காம் அத்தியாயம்

அக்டோபர் 15



வேலைக்காரன், மாட்டியிருந்த நாட்குறிப்பில் தேதியை மாற்றி வைத்தான் - ஆகஸ்ட் 5-ல் செய்தி கிடைத்தது, கல்கத்தாவில் தோல்வியென்று? அக்டோபர் ",0,
12,மலர் 2 இதழ் 1 ல் நாரா நாச்சியப்பன் இயற்றிய செய்திப்பாட்டின் மையக் கருத்து யாது?,unknown || 6 || மே தினம்,மே தினம்,நாரா.நாச்சியப்பன்,"மே தினம்

கூட்டுப் படுத்தி உரிமைதனைப்-பறிக்கும்

காட்சி தொலைத்த திருநாளாம்

சுட்டுப் பொசுக்கும் முதலாளி - செய்யும்

தொல்லைகள் நீக்கத் திருநாளாம்

எட்டுத் திசையிலும் கொண்டாட்டம்- அடடா! என்னென்று ச",1,
12,மலர் 2 இதழ் 1 ல் நாரா நாச்சியப்பன் இயற்றிய செய்திப்பாட்டின் மையக் கருத்து யாது?,unknown || 6 || தமிழர் இல்லம்,தமிழர் இல்லம்,மங்கை,"தமிழர் இல்லம்

-மங்கை-

குழந்தை     வளர்ப்பு

1. ஏனைய நாடுகளைக் காட்டிலும் நமது நாட்டில் குழந்தை மரணமும் பிரசவ மரணமும் பன்மடங்கு அதிகமாக இருப்பதன் காரணம் பழைய வழக்கங்களைத் தாய்மார்கள் இன்னும் கையாண",0,
12,மலர் 2 இதழ் 1 ல் நாரா நாச்சியப்பன் இயற்றிய செய்திப்பாட்டின் மையக் கருத்து யாது?,unknown || 8 || வாழ்வு,வாழ்வு,நாரா.நாச்சியப்பன்,"வாழ்வு

நாரா நாச்சியப்பன்

என் கணவர் என்னிடம் அன்பாக இருக்கிறார். அன்றொரு நாள் இருவரும் சந்தைக்குச் சென்றோம். திரும்பி வந்த பொழுது எனக்குக் களைப்பாக இருந்தது. அப்படியே படுத்து உறங்கிவிட்டேன். விழித்து",0,
12,மலர் 2 இதழ் 1 ல் நாரா நாச்சியப்பன் இயற்றிய செய்திப்பாட்டின் மையக் கருத்து யாது?,unknown || 6 || அனுபவம்,அனுபவம்,ஜெகசிற்பியன்,"அனுபவம்

 ~ஜெகசிற்பியன்~

 ""ஒவ்வொரு தனிமனிதனுடைய வாழ்க்கையும் ஒருஅற்புத இலக்கியமே"" என்றுகூறப்படுகிறது. ''அவ்விதம்தன் வாழ்க்கையிலும். பிறர்வாழ்க்கையிலும் பின்னிப்பினைந்து செல்லும் பல சுவையான நிகழ்ச்சிக",0,
12,மலர் 2 இதழ் 1 ல் நாரா நாச்சியப்பன் இயற்றிய செய்திப்பாட்டின் மையக் கருத்து யாது?,unknown || 8 || வளரும் இலக்கியம்,வளரும் இலக்கியம்,அரசன்,"வளரும் இலக்கியம்



புதிய திராவிடம் **

நம் குறிக்கோள், இன்றைய நிலை, புதிய திராவிடம் அமைய வேண்டிய முறை ஆகியவற்றை உணர்வெழுப்பும் தமிழில் எழுதியிருக்கிறார் தோழர் எஸ். ராமன் ""புதிய திராவிடத்தில் கோவில்கள",0,
12,மலர் 2 இதழ் 1 ல் நாரா நாச்சியப்பன் இயற்றிய செய்திப்பாட்டின் மையக் கருத்து யாது?,unknown || 6 || பொதுமேடை,பொதுமேடை,NA,"பொதுமேடை                                                                                          27

வளரும் இலக்கியம்             தே. நாராயணன்                                 30

கலையும் ரசிகர்களும",0,
12,மலர் 2 இதழ் 1 ல் நாரா நாச்சியப்பன் இயற்றிய செய்திப்பாட்டின் மையக் கருத்து யாது?,unknown || 16 || புரட்சிவேந்தன் பாரதி,புரட்சிவேந்தன் பாரதி,நாரா.நாச்சியப்பன்,"புரட்சிவேந்தன் பாரதி

- நாரா நாச்சியப்பன். வெட்டரிவாள் போல்முறுக்கி விட்ட மீசை

     விழிகளிலே ஒளிபெருக்கும் வீரப் பார்வை

கட்டற்ற உரிமைதனை விரும்பும் நெஞ்சம்

    கற்பனையில் நனைந்ததமிழ் பாடும் செ",1,
12,மலர் 2 இதழ் 1 ல் நாரா நாச்சியப்பன் இயற்றிய செய்திப்பாட்டின் மையக் கருத்து யாது?,unknown || 6 || பார் பார் பட்டணம் பார்,பார் பார் பட்டணம் பார்,மெரீனா,"3 பட்டணம்பார்

""மெரீனா எழுதுகிறது பட்டணத்திலே வெய்யில் கடு மையாகக் கொளுத்துகிறது. ஒரு நாளுக்கொருநாள வெப் பம் கூடிககொண்டே போகி றது. அப்பப்பா தாங்க முடிய வில்லை. விஷ ஏறுவது போலல்லவா ஏறுகிறது! இப் படியே ",0,
12,மலர் 2 இதழ் 1 ல் நாரா நாச்சியப்பன் இயற்றிய செய்திப்பாட்டின் மையக் கருத்து யாது?,unknown || 3 || பொது மேடை,பொது மேடை,NA,"பொது மேடை



வேலூர்-21-2-49

கலைக் களஞ்சியம்

‘பொன்னி' பொங்கல் மலர் அழகு வாய்ந்தது. அறிஞர் பலரின் கருத்து மணம் கமழ்வது. தமிழர் திருநாளில் தமிழர்க்கு இன்பம் தரும் பொருள்களில் கரும்பும், புதுச்சோறும்",0,
12,மலர் 2 இதழ் 1 ல் நாரா நாச்சியப்பன் இயற்றிய செய்திப்பாட்டின் மையக் கருத்து யாது?,unknown || 6 || உங்களுக்குத் தெரியுமா?,உங்களுக்குத் தெரியுமா?,வழிப்போக்கன்,"உங்களுக்குத் தெரியுமா? வழிப்போக்கன்

           6. சாம்பார் சாம்பியன்

 இட்டிலி சாம்பாரைப் பற்றிப்பேசுவது மிகவும் சாதாரணமான விஷயம். மேலும் அது,மிருதுவான தன்மையும், கடினமான காய்கறிக் கூட்டுக்களும் கலந",0,
12,மலர் 2 இதழ் 1 ல் நாரா நாச்சியப்பன் இயற்றிய செய்திப்பாட்டின் மையக் கருத்து யாது?,unknown || பொங்கல் மலர் || வைதீகம் வளர்த்த பகை,வைதீகம் வளர்த்த பகை,க.அன்பழகன்,"வைதீகம் வளர்த்த பகை

                                                                                க அன்பழகன்



உலகம் சிறிதாகி வருகிறது. நெடுந்தொலையில் உள்ள நாடுகள் ஒன்றோடொன்று நெருங்குகின்றன. 'பர",0,
12,மலர் 2 இதழ் 1 ல் நாரா நாச்சியப்பன் இயற்றிய செய்திப்பாட்டின் மையக் கருத்து யாது?,unknown || 23 || பொது மேடை,பொது மேடை,NA,"பொது மேடை.. 'பொன்னி' தந்த மலர் பற்றி நமக்குக் கிடைத்து வரும் கருத்துரைகள் உண்மையிலேயே உற்சாகத்தை ஊட்டுவனவாய் அமைந்துள்ளன. சில கடிதங்களை மட்டும் வெளியிட்டுள்ளளோம். திருச்சி

25-1-50

முழு வெற்றி

பொ",0,
12,மலர் 2 இதழ் 1 ல் நாரா நாச்சியப்பன் இயற்றிய செய்திப்பாட்டின் மையக் கருத்து யாது?,unknown || 22 || இதய ராணி,இதய ராணி,பாண்டியன்,"இதய ராணி

பாண்டியன்



அவளை நான் ஏன் பார்க்க வேண்டும்? பார்த்த 'குற்றத்'தினால் தான் இவ்வளவு வலுவான புயலை வரவழைத்துக் கொண்டேன்! ஐயோ நான் 'திருதிராட்டிரனா'? இல்லை கண்களைப் பெற்றிருப்பது தவறா? பார்த்ததோ",0,
13,மலர் 2 இதழ் 3 ல் வளரும் இலக்கியம் என்னும் தலைப்பில் பேசப்பட்டுள்ள நூல்களைப் பட்டியலிடுக.,unknown || 6 || வளரும் இலக்கியம்,வளரும் இலக்கியம்,நா. வேத்தரசன்,"வளரும் இலக்கியம்

ஓடாதே**

 ஒரு சிறு பையனின் பரிதாபகரமான கதை. அவன் துன்பத்தைத் தாங்கமுடியாமல் கடலில் விழப் போகும்போது `தமிழ்வாணன்' அண்ணா தடுத்து விடுகிறார். அவன் அன்புக்குரிய தங்கச்சியும் ஓடி வருகிறாள",0,
13,மலர் 2 இதழ் 3 ல் வளரும் இலக்கியம் என்னும் தலைப்பில் பேசப்பட்டுள்ள நூல்களைப் பட்டியலிடுக.,unknown || 2 || மக்கள் மன்றம்,மக்கள் மன்றம்,NA,"மக்கள் மன்றம்



இன்றைய அரசியல், வாழ்க்கை நிலை ஆகிய அன்றாட நிலவரங்கள் பற்றி 'பொன்னி'யின் வாசகராகிய நீங்கள் என்ன நினைக்கிறீர்கள்? உங்கள் கருத்துரையைப் பொன்னி, மக்கள் மன்றத்தில் அரைப் பக்கத்துக்கு மேற",0,
13,மலர் 2 இதழ் 3 ல் வளரும் இலக்கியம் என்னும் தலைப்பில் பேசப்பட்டுள்ள நூல்களைப் பட்டியலிடுக.,unknown || 11 || வளரும் இலக்கியம்,வளரும் இலக்கியம்,நா. வேத்தரசன்,"வளரும் இலக்கியம்



போதும் முதலாளித்வம் ***

 	தமிழ் நாட்டில் பொதுவுடைமைக் கருத்துக்கள் இன்னும் சரியாக விளக்கப்படவில்லை. பொதுவுடைமை பற்றிப் பேசும் கட்சிகளும் சரி, பத்திரிக்கைகளும் சரி முதலாளிகளை முழு ",0,
13,மலர் 2 இதழ் 3 ல் வளரும் இலக்கியம் என்னும் தலைப்பில் பேசப்பட்டுள்ள நூல்களைப் பட்டியலிடுக.,unknown || 10 || அலுவலக அறிவிப்பு,அலுவலக அறிவிப்பு,NA,"அலுவலக அறிவிப்பு



பொன்னி உரிய நாளில் சரிவர வெளிவருவதில்லை என விற்பனையாளர்கள், எழுத்தாளர்கள், பொன்னி அன்பர்கள் ஆகியோரிடை ஒரு பெருங் குறைபாடு எழுந்துள்ளது. உரிய காலத்தில் உங்கள் கையில் தவழத் தவறமாட்ட",0,
13,மலர் 2 இதழ் 3 ல் வளரும் இலக்கியம் என்னும் தலைப்பில் பேசப்பட்டுள்ள நூல்களைப் பட்டியலிடுக.,unknown || 10 || வளரும் இலக்கியம்,வளரும் இலக்கியம்,நா. வேத்தரசன்,"வளரும் இலக்கியம்



புரட்சி இலக்கியம்

இன்றைய இலக்கியங்களைப் பற்றிய ஒரு தெளிவான ஆராய்ச்சியாக இருக்கும் இந்நூல். இலக்கிய உலகில் நாறிக்கிடக்கும் அழுகிய கற்பனைகளை அகற்றி, புரட்சி இலக்கியங்களை அரியணையேற்",0,
13,மலர் 2 இதழ் 3 ல் வளரும் இலக்கியம் என்னும் தலைப்பில் பேசப்பட்டுள்ள நூல்களைப் பட்டியலிடுக.,unknown || 1 || பொதுமேடை,பொதுமேடை,NA,"பொது மேடை

சென்னை

5-2-50

தமிழிலக்கிய நறுமலர்

… பொங்கல் மலர் தமிழிலக்கிய நறுமலராக அனைவரையும் மகிழ்வித்து வருவது கண்டு களிப்புறுகின்றேன். வரதராசன்





திருச்சி

4 2-50

கதிரவன் உதித்தான்

மலர",0,
13,மலர் 2 இதழ் 3 ல் வளரும் இலக்கியம் என்னும் தலைப்பில் பேசப்பட்டுள்ள நூல்களைப் பட்டியலிடுக.,unknown || 10 || கண் திறக்குமா?,கண் திறக்குமா?,நக்கீரன்,"கண் திறக்குமா? நக்கீரன்

 நடந்த கதை:

”தேசத்தொண்டு என்பது சுயநலத்துக்காகச் செய்வதல்ல; தேசத் துக்காகவும் தேச மக்களுக்காக வும் தான்! "" என்ற சித்தாந்தத்துடன், சந்திரமோகன் என்னும் சட்டப்பரீட்சையில் தேறிய ",0,
13,மலர் 2 இதழ் 3 ல் வளரும் இலக்கியம் என்னும் தலைப்பில் பேசப்பட்டுள்ள நூல்களைப் பட்டியலிடுக.,unknown || 16 || புதுக்கோட்டை மாவட்டம்,புதுக்கோட்டை மாவட்டம்,NA,"புதுக்கோட்டை மாவட்டம்



புதுக்கோட்டை இந்திய யூனியனில் இணைந்ததை நாம் வரவேற்றோம்; புதுக்கோட்டை மக்களுக்கு இணைப்பினால் நன்மை கிட்டும் என்றும் எழுதியிருந்தோம். ஆனால் நடைபெறுகிற இணைப்புத் திட்டம் புதுக்க",0,
13,மலர் 2 இதழ் 3 ல் வளரும் இலக்கியம் என்னும் தலைப்பில் பேசப்பட்டுள்ள நூல்களைப் பட்டியலிடுக.,unknown || 17 || வளரும் இலக்கியம்,வளரும் இலக்கியம்,NA,"வளரும் இலக்கியம்

இந்நாள் இலக்கியச் சந்தையில் இடம்பெறும் புத்தகப் பட்டியலின் இடத்தை நாவல் - அதிலும் எட்டணா நாவல்களின் பெயர்கள் அதிகம் அடைத்துக் கொண்டிருக்கும் நிலையிலே, ‘சில்லறை' நாவல்களுக்குத்தான் இன",0,
13,மலர் 2 இதழ் 3 ல் வளரும் இலக்கியம் என்னும் தலைப்பில் பேசப்பட்டுள்ள நூல்களைப் பட்டியலிடுக.,unknown || 10 || முதல் அத்தியாயம்,முதல் அத்தியாயம்,NA,"முதல் அத்தியாயம்

மொழிப்போரில் முதல் அத்தியாயம் முடிவுற்றது! ஆகஸ்டு பத்தில் மறியல் தொடங்கிற்று! நாடெங்கும் ஊர்வலங்கள், பொதுக்கூட்டங்கள் நடைபெற்றன. சென்னை நகரில் இடைவிடாது தலைவரும் தளபதியும் ஏனைய தோழர",0,
13,மலர் 2 இதழ் 3 ல் வளரும் இலக்கியம் என்னும் தலைப்பில் பேசப்பட்டுள்ள நூல்களைப் பட்டியலிடுக.,unknown || 10 || தமிழ்க் கனவு,தமிழ்க் கனவு,தியாகி,"தமிழ்க் கனவு

-தியாகி

அன்றொருநாள் அந்திப் போதினிலே

அலைகடல் கரைதனில் அமர்ந்திருந்தேன்

பொன்னின்எழில் பெற்ற பெண்ணொருத்தி

புன்னகையோ(டு) என்முன் னேநின்றான். ""மைந்தனே, நீயின்று பாடிவந்த

மாங்கனிப் ",0,
13,மலர் 2 இதழ் 3 ல் வளரும் இலக்கியம் என்னும் தலைப்பில் பேசப்பட்டுள்ள நூல்களைப் பட்டியலிடுக.,unknown || 2 || பொது மேடை,பொது மேடை,NA,"பொது மேடை



	சிதம்பரம் 16-2-49. 'பொன்னி' யின் பொங்கல் மலர் ஒரு தங்க மலர் - பகுத்தறிவு மணம் இருக்கிறது அதில்! பொன் மலர் நாற்றமுடைத்து…. என்று பாடியது இன்று உண்மையாகி விட்டது. கதைகளுக்கேற்ற பட அமைப்பு",0,
13,மலர் 2 இதழ் 3 ல் வளரும் இலக்கியம் என்னும் தலைப்பில் பேசப்பட்டுள்ள நூல்களைப் பட்டியலிடுக.,unknown || 3 || வளரும் இலக்கியம்,வளரும் இலக்கியம்,NA,"வளரும் இலக்கியம்



காலச் சக்கரம் * *

(வாரப் பத்திரிகை)

சிறு கதைகளும் இன்றையத் தேவையை உணர்த்தும் கட்டுரைகளும், கொண்டுள்ளது இப்பத்திரிகை. உட்பக்கங்களில் பத்திரிகை அமைப்பு பார்ப்பதற்கு அழகாக இல்லை. ",3,
13,மலர் 2 இதழ் 3 ல் வளரும் இலக்கியம் என்னும் தலைப்பில் பேசப்பட்டுள்ள நூல்களைப் பட்டியலிடுக.,unknown || 2 || பாதுகாப்பு,பாதுகாப்பு,கோபாலரெட்டி,பாதுகாப்பு! ஒரு லட்சிய நாட்டில் மக்கள் நோயும் வறுமையும் இல்லாமல் வாழ வேண்டுமென்றும் பொருள்கள் அதிகம் உற்பத்தியாகிச் செல்வம் சேமிக்கப்பட வேண்டுமென்றும் திருப்தியும் மகிழ்ச்சியும் பாதுகாப்பும் குடிகொண்ட,0,
13,மலர் 2 இதழ் 3 ல் வளரும் இலக்கியம் என்னும் தலைப்பில் பேசப்பட்டுள்ள நூல்களைப் பட்டியலிடுக.,unknown || 6 || முந்திவிட்டாள்,முந்திவிட்டாள்,எழிலன்,"முந்திவிட்டாள்! அட்டைப்படக் கதை: எழிலன்

டாண் டாண்...! மாதா கோவில் மணிக்கூண்டு, திருச்சபையினரை அறைகூவி அழைத்த ஓசை வைகறையின் அமைதியைக் கிழித்துக்கொண்டு, வான வீதியில் பரந்து ஒன்றியது. நான் அவசர அவசரமாக",0,
13,மலர் 2 இதழ் 3 ல் வளரும் இலக்கியம் என்னும் தலைப்பில் பேசப்பட்டுள்ள நூல்களைப் பட்டியலிடுக.,unknown || 17 || போராட்டச்செய்தி நாட்குறிப்பு,போராட்டச்செய்தி நாட்குறிப்பு,NA,"போராட்டச் செய்தி நாட்குறிப்பு



1948 டிசம்பர் 7. 48 - வது நாள் மறியல்

1948 டிசம்பர் 8. 49-வது நாள் மறியல்

1948 டிசம்பர் 9. 50-வது நாள் மறியல்

1948 டிசம்பர் 10. 51 - வது நாள் மறியல். இந்திப் புத",0,
14,சிலப்பதிகாரக் காட்சிகள் என்னும் தொடர் கட்டுரையின் மையம் யாது?,unknown || பொங்கல் மலர் || வைதீகம் வளர்த்த பகை,வைதீகம் வளர்த்த பகை,க.அன்பழகன்,"வைதீகம் வளர்த்த பகை

                                                                                க அன்பழகன்



உலகம் சிறிதாகி வருகிறது. நெடுந்தொலையில் உள்ள நாடுகள் ஒன்றோடொன்று நெருங்குகின்றன. 'பர",0,
14,சிலப்பதிகாரக் காட்சிகள் என்னும் தொடர் கட்டுரையின் மையம் யாது?,unknown || 1 || சிலப்பதிகாரக் காட்சிகள்,சிலப்பதிகாரக் காட்சிகள்,விசு.திருநாவுக்கரசு,"சிலப்பதிகாரக் காட்சிகள்

விசு. திருநாவுக்கரசு

அறிமுகம்

தமிழன்னையின் பொன்னான திருவடிகளை அலங்கரித்து நிற்கும் அரிய பெரிய காவியம் சிலப்பதிகாரம். அரசர் மரபிலே தோன்றிய துறவி இளங்கோ அடிகள் கடைச்சங்கமிருந",2,
14,சிலப்பதிகாரக் காட்சிகள் என்னும் தொடர் கட்டுரையின் மையம் யாது?,unknown || 6 || சிலப்பதிகாரக் காட்சிகள்,சிலப்பதிகாரக் காட்சிகள்,விசு.திருநாவுக்கரசு,"சிலப்பதிகாரக் காட்சிகள்

விசு. திருகாவுக்கரசு



6. காவலன் போலும் கோவலன்

மாதவியை விட்டுப் பிரிந்த கோவலன் கண்ணகியை நினைத்துத் தன் இல்லம் நோக்கி வருகிறான். அப்பொழுது மாலைப்பொழுது வரவே பூம்புகாரின் ஒரு ",2,
14,சிலப்பதிகாரக் காட்சிகள் என்னும் தொடர் கட்டுரையின் மையம் யாது?,unknown || பொங்கல் மலர் || பால்  பொங்கிற்று,பால்  பொங்கிற்று,சுகி,"பால் பொங்கிற்று

                                                                  	  சுகி



 [தெருவை ஒட்டிய வீடானாலும் முன்பக்கம் கை பிடிச்சுவர். அகன்ற கூடத்தில் அலங்காரமான மேஜை நாற்காலிக",0,
14,சிலப்பதிகாரக் காட்சிகள் என்னும் தொடர் கட்டுரையின் மையம் யாது?,unknown || 5 || சிலப்பதிகாரக் காட்சிகள்,சிலப்பதிகாரக் காட்சிகள்,விசு.திருநாவுக்கரசு,"சிலப்பதிகாரக் காட்சிகள்

விசு. திருநாவுக்கரசு

5. மாதவி காதற் கடிதம்

கடற்கரையிலே காதலனை விட்டுப்பிரிந்த மாதவி துன்பமும் தானுமாய் தன் இல்லம் புகுந்தாள். இளவேனிற்காலம் தொடங்கிவிட்டது. நீர்நிலைகளிலும",2,
14,சிலப்பதிகாரக் காட்சிகள் என்னும் தொடர் கட்டுரையின் மையம் யாது?,unknown || பொங்கல் மலர் || நந்தன்,நந்தன்,தில்லை வில்லாளன்,"நந்தன்

தில்லை வில்லாளன்



`டைரக்டர்' ஜீனதத்தன் சுழல் நாற்காலியில் சுற்றிவிட்டுத் திருபினார். அவர் எதிரில் 'பித்தன்' நின்றார். ""நல்ல கதை யொன்று எழுத வேண்டும்""

""ஆகா, அழகாய், கவர்ச்சியாய்- '

அற்புத",0,
14,சிலப்பதிகாரக் காட்சிகள் என்னும் தொடர் கட்டுரையின் மையம் யாது?,unknown || 8 || சிலப்பதிகாரக் காட்சிகள்,சிலப்பதிகாரக் காட்சிகள்,விசு.திருநாவுக்கரசு,"சிலப்பதிகாரக் காட்சிகள்

விசு. திருநாவுக்கரசு



8. மாசகற்றிய மறு கடிதம்





உறையூர், சோழர்க்கு மற்றொரு தலைநகரமாய் அமைந்திருந்தது. இந்த உறையூரைப்பற்றி அரிய செய்தியொன்று உண்டு. கோழியூர் என்பது இந்நகரத",2,
14,சிலப்பதிகாரக் காட்சிகள் என்னும் தொடர் கட்டுரையின் மையம் யாது?,unknown || 11 || அந்த நாள்,அந்த நாள்,சிலம்பின் செல்வன்,"அந்தநாள்

சிலம்பீன் செல்வன்



காட்சி 31

[மாதவி மேன்மாட நிலா முற்றத்தில் நின்று மனப் போராட்டத்தால் புலம்புகின்றாள்]



மனம்: ஆம்! நான் நடித்தேன்! வாழ்க்கையை நாசமாக்கிக் கொண்டேன். சோலை வனத்தைப் பால",1,
14,சிலப்பதிகாரக் காட்சிகள் என்னும் தொடர் கட்டுரையின் மையம் யாது?,unknown || 9 || சிலப்பதிகாரக் காட்சிகள்,சிலப்பதிகாரக் காட்சிகள்,விசு.திருநாவுக்கரசு,"சிலப்பதிகாரக் காட்சிகள்

விசு திருநாவுக்கரசு



9. வைகைக் காட்சி! மாதவி அனுப்பிய கடிதத்தையே தாய் தந்தையர்க்குக் கெளசிகன் மூலமாய் அனுப்பிய கோவலன், கண்ணகியும், கவுந்தியுமிருக்கும் இடம் நாடி வந்தான். அங",2,
14,சிலப்பதிகாரக் காட்சிகள் என்னும் தொடர் கட்டுரையின் மையம் யாது?,unknown || 12 || வளரும் படங்கள்,வளரும் படங்கள்,NA,"வளரும் படங்கள்





செல்லப்பிள்ளை





ஏவி எம். மின் ""செல்லப்பிள்ளை""யை இப்போது இரவு பகலாகக் கவனிக்க வாரம்பித்து விட்டார்கள். சென்ற இரண்டு ஆண்டுகளாக அவனுக்குக் கொடுத்த 'செல்லம்' எல்லாம் போதும் என்று எண",0,
14,சிலப்பதிகாரக் காட்சிகள் என்னும் தொடர் கட்டுரையின் மையம் யாது?,unknown || 7 || சிலப்பதிகாரக் காட்சிகள்,சிலப்பதிகாரக் காட்சிகள்,விசு.திருநாவுக்கரசு,"சிலப்பதிகாரக் காட்சிகள்

வீசு. திருநாவுக்கரசு

7. மதுரையை நோக்கி மூவர்

ஆழ்ந்த உறக்கத்திலிருந்து உலகம் கண் விழிக்கின்ற புலர்பொழுது. நீல வானத்தில் மின்னிய நக்ஷத்திரங்களும் குளிர்ந்த கிரணங்களால் இனிம",2,
14,சிலப்பதிகாரக் காட்சிகள் என்னும் தொடர் கட்டுரையின் மையம் யாது?,unknown || 13 || பாகவதர் படுத்தும் பாடு,பாகவதர் படுத்தும் பாடு,குருவி,"பாகவதர் படுத்தும் பாடு! ""யாகாவாராயினும் நாகாக்க; காவாக்காற் சோகாப்பர்...... "" என்று வள்ளுவர் கூறியிருக்கிறார். இந்தக் குறளின் உண்மையை எடுத்துக்காட்டும் முறையில்தான் ஏனெஸ்கேயின் ""மணமகள்"" உருவாக்கப்பட்ட",0,
14,சிலப்பதிகாரக் காட்சிகள் என்னும் தொடர் கட்டுரையின் மையம் யாது?,unknown || 18 || சிலப்பதிகாரக் காட்சிகள்,சிலப்பதிகாரக் காட்சிகள்,விசு.திருநாவுக்கரசு,"சிலப்பதிகாரக் காட்சிகள்

விசு. திருநாவுக்கரசு

18. பேராற்றங் கரையில் சேரவேந்தர். தமிழகத்தின் ஒரு பகுதியான சேர நாட்டிலே கண்ணகி வந்து புகுந்து சிலை வடிவாய் நின்ற செய்தி மலைவாழ் வேடர் மனைமுழுதும் புயலெ",2,
14,சிலப்பதிகாரக் காட்சிகள் என்னும் தொடர் கட்டுரையின் மையம் யாது?,unknown || 19 || மனப் பாம்பு,மனப் பாம்பு,இளமைப்பித்தன்,"மனப் பாம்பு

இளமைப்பித்தன்



ராமலிங்கம் கையில் ஏதோ ஒரு புத்தகத்தை வைத்துப் படித்துக் கொண்டிருந்தான். பார்வை எழுத்துக்களின்மேல் அழுந்தாமல் மேலோட்டமாக விழுந்து புரண்டு கொண்டிருந்தது. கவனம் முழுவதும் அ",0,
14,சிலப்பதிகாரக் காட்சிகள் என்னும் தொடர் கட்டுரையின் மையம் யாது?,unknown || 2 || சிலப்பதிகாரக் காட்சிகள்,சிலப்பதிகாரக் காட்சிகள்,விசு.திருநாவுக்கரசு,"சிலப்பதிகாரக் காட்சிகள்

விசு. திருநாவுக்கரசு

 2. மாதவி காதல்



பூம்புகார் நகரத்திலே கோவலனுக்கும் கண்ணகிக்கும் திருமணம் முடிந்தது. மனையற வாழ்க்கைக்குரிய தனிமனையும், பணியாளரும், நிறை செல்வமும் வழங்க",2,
14,சிலப்பதிகாரக் காட்சிகள் என்னும் தொடர் கட்டுரையின் மையம் யாது?,unknown || 5 || பொது மேடை,பொது மேடை,NA,"பொது மேடை



தமிழ் உபாத்திமைச் சங்கம்

டர்பன் 9-3-49

   இலக்கியம், கலை, அரசியல், சமயம் ஆகிய எல்லாத் துறைகளிலும், சமுதாய நலமே ஒப்பற்ற நலமாகக் கொண்டும், சமுதாய உணர்வு கொண்டு மக்களும் நாடும் உயர்வுகொ",0,
14,சிலப்பதிகாரக் காட்சிகள் என்னும் தொடர் கட்டுரையின் மையம் யாது?,unknown || 3 || சிலப்பதிகாரக் காட்சிகள்,சிலப்பதிகாரக் காட்சிகள்,விசு.திருநாவுக்கரசு,"சிலப்பதிகாரக் காட்சிகள்

-விசு. திருநாவுக்கரசு

3. மாதவி மன மாற்றம்

மாதவி காதலுடன்  வழங்கிய யாழிலே கோவலன் காதற் கவிதைகளைப் பாடினான். அவை அனைத்தும் சிலப்பதிகாரத்தின் தனித் சிறப்பைப் புலப்படுத்தி வருக",2,
14,சிலப்பதிகாரக் காட்சிகள் என்னும் தொடர் கட்டுரையின் மையம் யாது?,unknown || 1 || வானம்படி,வானம்படி,கவிஞர் ஷெல்லி. கா.அப்பாத்துரை,"வானம்பாடி

முதலாசிரியர்: கவிஞர் ஷெல்லி. தமிழாக்கம்: கா. அப்பாத்துரை



வாழி வானம்பாடி, வான்

அணங்குநீ! புள் அல்லவே! சூழ் ஒளித்தடத்தில்நின்று

பண் இசைப்பாய் மெல்லவே;

தூய நெஞ்சுருக்கி மஞ்சுருக்கி வ",0,
14,சிலப்பதிகாரக் காட்சிகள் என்னும் தொடர் கட்டுரையின் மையம் யாது?,unknown || 4 || சிலப்பதிகாரக் காட்சிகள்,சிலப்பதிகாரக் காட்சிகள்,விசு.திருநாவுக்கரசு,"சிலப்பதிகாரக் காட்சிகள்

விசு. திருநாவுக்கரசு

4. காதலர் பிரிவு

நெய்தல் நிலம். கடல்சார்ந்த பக்கமெல்லாம் இயற்கை அன்னையின் களிநடனம். புன்னை மரத்தின் அருகே ஏக்கமே வடிவாய்த் தலைவி அமர்ந்திருக்கிறாள். ",2,
14,சிலப்பதிகாரக் காட்சிகள் என்னும் தொடர் கட்டுரையின் மையம் யாது?,unknown || 1 || மூன்றவது ஆண்டு,மூன்றவது ஆண்டு,NA,"மூன்றவது ஆண்டு



உங்கள் அருமைப் 'பொன்னி’க்கு இன்று மூன்றாம் ஆண்டு தொடங்குகிறது; அன்பர்களின் ஆர்வம், ஒத்துழைப்பு என்னும் துணை கொண்டு இரண்டு ஆண்டுப் பயணத்தை வெற்றிகரமாக முடித்திருக்கிறள் 'பொன்னி' நல்லா",3,
15,மு அண்ணாமலை எழுதியுள்ள வாராய் நெஞ்சே எனும் கவிதையின் சுருக்கம் தருக,unknown || 11 || அந்த நாள்,அந்த நாள்,சிலம்பின் செல்வன்,"அந்தநாள்

சிலம்பீன் செல்வன்



காட்சி 31

[மாதவி மேன்மாட நிலா முற்றத்தில் நின்று மனப் போராட்டத்தால் புலம்புகின்றாள்]



மனம்: ஆம்! நான் நடித்தேன்! வாழ்க்கையை நாசமாக்கிக் கொண்டேன். சோலை வனத்தைப் பால",0,
15,மு அண்ணாமலை எழுதியுள்ள வாராய் நெஞ்சே எனும் கவிதையின் சுருக்கம் தருக,unknown || 21 || பொதுமேடை,பொதுமேடை,NA,"பொதுமேடை….. போத்தனூர்

 1-12-49

 வரிக்காக மதுவிலக்கா? மதுவிலக்கு வெற்றியளிக்கவில்லை என்பது மாநில மக்களும், நாடாளும் அமைச்சர்களும் நன்கறிந்ததொன்றாகும். அதைக் குறித்து முதலமைச்சர் முதல் கடைசிக் கதர்க",0,
15,மு அண்ணாமலை எழுதியுள்ள வாராய் நெஞ்சே எனும் கவிதையின் சுருக்கம் தருக,unknown || 1 || மலர் மணம்,மலர் மணம்,NA,"மலர் மணம்

அழகான மலர்

பொன்னி பொங்கல் மலர் அழகாக மலர்ந்திருக்கின்றது. மட்டற்ற மகிழ்ச்சி. அரியரத்தினம். ஆசிரியர் : `ஈழகேசரி'

சுன்னாகம்

★★★

மலர்ச்சோலையில்...! பொன்னி பொங்கல் மலர்ச் சோலையில் சித்",0,
15,மு அண்ணாமலை எழுதியுள்ள வாராய் நெஞ்சே எனும் கவிதையின் சுருக்கம் தருக,unknown || 10 || கல்லடி,கல்லடி,வீர.பழனியப்பன்,"கல்லடி

எழுதியவர் : வீர. பழனியப்பன்

`டிண்... '

கடிகாரத்தில் மணி எட்டு அடித்தது அவசரம். அவசரமாகப் புத்தகங்களை அள்ளிக்கொண்டு பாலு பள்ளிக் கூடத்திற்குப் போவதற்குத் தயாரானான். அப்பொழுதுதான் துரைசாமி கு",0,
15,மு அண்ணாமலை எழுதியுள்ள வாராய் நெஞ்சே எனும் கவிதையின் சுருக்கம் தருக,unknown || 19 || வாராய் நெஞ்சே!,வாராய் நெஞ்சே!,மு.அண்ணாமலை,"வாராய் நெஞ்சே! பெண்ணொருத்தி உனைமறந்தாள் என்ப தற்கா

பேச்சற்று மூச்சற்றுக் கிடந்தாய் நெஞ்சே! மண்மீதில் பெண்ணினமே மறைந்த துண்டா! மடநெஞ்சே எதற்காக மயங்கு கின்றாய்? ஒண்டொடியின் உடல்மீதும் ஆசை யில்லை. உயி",3,
15,மு அண்ணாமலை எழுதியுள்ள வாராய் நெஞ்சே எனும் கவிதையின் சுருக்கம் தருக,unknown || 4 || கலைஞனின் கனவு,கலைஞனின் கனவு,சுலோசனா,"கலைஞனின் கனவு

சுலோசனா



ராஜு ஓர்-ஓவியன். உணர்ச்சி வெளிப்பட ஓவியந்தீட்டித் தன் கலைக்கு அவன் உயிரளித்துக்கொண்டிருந்தான். ஆனால் அந்தக் கலையினால் அவனுக்குப் பயனொன்றும் கிட்டவில்லை. அவன் ஏழ்மையை நோக்கி",0,
15,மு அண்ணாமலை எழுதியுள்ள வாராய் நெஞ்சே எனும் கவிதையின் சுருக்கம் தருக,unknown || 3 || காந்தள் மெல்விரல்,காந்தள் மெல்விரல்,எழில்வேந்தன்,"காந்தள் மெல்விரல்



"" எழில்வேந்தன் ""





‘பெண்களால் முன்னேறக் கூடும்' என்று கூறினார் புரட்சிக் கவிஞர். உண்மை தான். 'ஆவதும் பெண்ணாலே அழிவதும் பெண்ணாலே' என்று நம் நாட்டில் தொன்றுதொட்டு வழங்கிவரும் ப",0,
15,மு அண்ணாமலை எழுதியுள்ள வாராய் நெஞ்சே எனும் கவிதையின் சுருக்கம் தருக,unknown || 6 || பரிசு பெற்ற பைத்தியம்,பரிசு பெற்ற பைத்தியம்,ராஜன்,"பரிசுபெற்றபைத்தியம்      ராஜன் 			                      52

தமிழர் இல்லம்                      மங்கை				           55

சொல்லாராய்ச்சி அரங்கு அப்பாத்துரை			           57

அனுபவம்                    ",0,
15,மு அண்ணாமலை எழுதியுள்ள வாராய் நெஞ்சே எனும் கவிதையின் சுருக்கம் தருக,unknown || 3 || புரட்சிக்கவிஞர் விழா,புரட்சிக்கவிஞர் விழா,NA,"புரட்சிக்கவிஞர் விழா 



சென்ற ஏப்ரல் 29 புரட்சிக்கவிஞர் பாரதிதாசனாரின் 64-வது பிறந்த நாளாகும். தன்மான இயக்கம் தமிழர்க்குத் தந்த பெருஞ்செல்வமாக விளங்கி, எண்ணற்ற இளைஞர்களைக் கவிதைத் துறையில் ஊக்கும் கவ",0,
15,மு அண்ணாமலை எழுதியுள்ள வாராய் நெஞ்சே எனும் கவிதையின் சுருக்கம் தருக,unknown || 6 || பொதுமேடை,பொதுமேடை,NA,"பொதுமேடை                                                                                          27

வளரும் இலக்கியம்             தே. நாராயணன்                                 30

கலையும் ரசிகர்களும",0,
15,மு அண்ணாமலை எழுதியுள்ள வாராய் நெஞ்சே எனும் கவிதையின் சுருக்கம் தருக,unknown || 16 || புதுக்கோட்டை மாவட்டம்,புதுக்கோட்டை மாவட்டம்,NA,"புதுக்கோட்டை மாவட்டம்



புதுக்கோட்டை இந்திய யூனியனில் இணைந்ததை நாம் வரவேற்றோம்; புதுக்கோட்டை மக்களுக்கு இணைப்பினால் நன்மை கிட்டும் என்றும் எழுதியிருந்தோம். ஆனால் நடைபெறுகிற இணைப்புத் திட்டம் புதுக்க",0,
15,மு அண்ணாமலை எழுதியுள்ள வாராய் நெஞ்சே எனும் கவிதையின் சுருக்கம் தருக,unknown || 6 || பார் பார் பட்டணம் பார்,பார் பார் பட்டணம் பார்,மெரீனா,"3 பட்டணம்பார்

""மெரீனா எழுதுகிறது பட்டணத்திலே வெய்யில் கடு மையாகக் கொளுத்துகிறது. ஒரு நாளுக்கொருநாள வெப் பம் கூடிககொண்டே போகி றது. அப்பப்பா தாங்க முடிய வில்லை. விஷ ஏறுவது போலல்லவா ஏறுகிறது! இப் படியே ",0,
15,மு அண்ணாமலை எழுதியுள்ள வாராய் நெஞ்சே எனும் கவிதையின் சுருக்கம் தருக,unknown || 23 || பொது மேடை,பொது மேடை,NA,"பொது மேடை.. 'பொன்னி' தந்த மலர் பற்றி நமக்குக் கிடைத்து வரும் கருத்துரைகள் உண்மையிலேயே உற்சாகத்தை ஊட்டுவனவாய் அமைந்துள்ளன. சில கடிதங்களை மட்டும் வெளியிட்டுள்ளளோம். திருச்சி

25-1-50

முழு வெற்றி

பொ",0,
15,மு அண்ணாமலை எழுதியுள்ள வாராய் நெஞ்சே எனும் கவிதையின் சுருக்கம் தருக,unknown || 6 || சொல்லாராய்ச்சி அரங்கு,சொல்லாராய்ச்சி அரங்கு,கா.அப்பாத்துரை,"சொல்லாராய்ச்சி அரங்கு அப்பாத்துரை			           57

அனுபவம்                               ஜெகசிற்பியன் 			           60



மலர் 4]                            மே 10, 1950                    [இதழ் 6
",0,
15,மு அண்ணாமலை எழுதியுள்ள வாராய் நெஞ்சே எனும் கவிதையின் சுருக்கம் தருக,unknown || பொங்கல் மலர் || வரச்சொல்லடி,வரச்சொல்லடி,வாணிதாசன்,"வரச் சொல்லடி! -வாணிதாசன்



அந்தி ஒளி இழக்கும்! பொற் கதிரைச் செவ்வானம்

சிந்தி மரக்காட்டைச் செங்காடாய் ஆக்கும்! அணையாப் பெருந்தீ மலை உச்சி எங்கும்! துணை அழைக்கும் பெண்மான்! துணையழைக்கும் பெட்டை! முண",0,
15,மு அண்ணாமலை எழுதியுள்ள வாராய் நெஞ்சே எனும் கவிதையின் சுருக்கம் தருக,unknown || 2 || வளரும் இலக்கியம்,வளரும் இலக்கியம்,"நா. வேத்தரசன், மு. அண்ணாமலை, சாமி பழனியப்பன்","வளரும் இலக்கியம்



இன்பக்கடல்

சத்திமுத்தப் புலவர்



கவியரசர் பாரதிதாசனார் தமிழ் மக்களுக்கு வழங்கியிருக்கும் இரண்டு நாடகங்கள் இவை. நாடகங்களின் சிறப்பு பற்றி நாம் அதிகம் சொல்லத் தேவையில்லை. ஏனெனில",1,
15,மு அண்ணாமலை எழுதியுள்ள வாராய் நெஞ்சே எனும் கவிதையின் சுருக்கம் தருக,unknown || 11 || வருத்தமில்லை,வருத்தமில்லை,மு.அண்ணாமலை,"வருத்தமில்லை! தேடாமல் திரியாமல் என்னைத் தேடித்

தெளியாத மயக்கத்தை ஊட்டா தூட்டி

ஓடாமல் ஒளியாமல் நின்ற பெண்ணே

உயிரெல்லாம் உளமெல்லாம் உனதே யாக்கி

நாடாக ஆட்சியினை என்ன கத்தே

நாட்டுகின்ற மடமகளே! உனை மற",1,
15,மு அண்ணாமலை எழுதியுள்ள வாராய் நெஞ்சே எனும் கவிதையின் சுருக்கம் தருக,unknown || 2 || பாதுகாப்பு,பாதுகாப்பு,கோபாலரெட்டி,பாதுகாப்பு! ஒரு லட்சிய நாட்டில் மக்கள் நோயும் வறுமையும் இல்லாமல் வாழ வேண்டுமென்றும் பொருள்கள் அதிகம் உற்பத்தியாகிச் செல்வம் சேமிக்கப்பட வேண்டுமென்றும் திருப்தியும் மகிழ்ச்சியும் பாதுகாப்பும் குடிகொண்ட,0,
15,மு அண்ணாமலை எழுதியுள்ள வாராய் நெஞ்சே எனும் கவிதையின் சுருக்கம் தருக,unknown || 12 || போராட்டச் செய்தி நாட்குறிப்பு,போராட்டச் செய்தி நாட்குறிப்பு,NA,போராட்டச் செய்தி நாட்குறிப்பு. 1948 செப்டம்பர் 11  21-வது நாள் மறியல். ஐந்து மறியல் தொண்டர்கள் கைது. நேற்றுக் கைது செய்யப்பட்ட 11 பேருக்கு சிறைவாசம். சேலத்தில் இந்தி மந்திரி அவினாசிலிங்கத்திற்குக் கரு,0,
16,போராட்டச்செய்தி நாட்குறிப்பு எதைப் பற்றி பேசுகிறது?,unknown || 14 || போராட்டச்செய்தி நாட்குறிப்பு,போராட்டச்செய்தி நாட்குறிப்பு,NA,"போராட்டச்செய்தி - நாட்குறிப்பு

1948 அக்டோபர் 23, 24. ஈரோட்டில் மாநாடு. தளபதி அண்ணா தலைமையில் பெரியார் முழக்கம். வின் உணர்வெழுப்பும் சொற்பொழிவு. நவம்பர் மாதம் முதல் தேதி முதல் அறப்போர் தொடுப்பதெனத் த",3,
16,போராட்டச்செய்தி நாட்குறிப்பு எதைப் பற்றி பேசுகிறது?,unknown || 6 || மதம் அவசியமா?,மதம் அவசியமா?,வேந்தரசன்,"மதம் அவசியமா? வேத்தரசன்



மதம் மக்கள் வாழ்வில் தேவையான ஒன்றா என்று கேட்கப்படும் காலம் வந்துவிட்டது. இது, மதம் மறையும்! கூடிய விரைவில் ஒழிக்கப்படும்! என்பதற்கு ஒரு முன்னறிவிப்பு. மதம் தேவையானதா? என்று",0,
16,போராட்டச்செய்தி நாட்குறிப்பு எதைப் பற்றி பேசுகிறது?,unknown || 17 || போராட்டச்செய்தி நாட்குறிப்பு,போராட்டச்செய்தி நாட்குறிப்பு,NA,"போராட்டச் செய்தி நாட்குறிப்பு



1948 டிசம்பர் 7. 48 - வது நாள் மறியல்

1948 டிசம்பர் 8. 49-வது நாள் மறியல்

1948 டிசம்பர் 9. 50-வது நாள் மறியல்

1948 டிசம்பர் 10. 51 - வது நாள் மறியல். இந்திப் புத",3,
16,போராட்டச்செய்தி நாட்குறிப்பு எதைப் பற்றி பேசுகிறது?,unknown || 10 || கண் திறக்குமா?,கண் திறக்குமா?,நக்கீரன்,"கண் திறக்குமா? நக்கீரன்

 நடந்த கதை:

”தேசத்தொண்டு என்பது சுயநலத்துக்காகச் செய்வதல்ல; தேசத் துக்காகவும் தேச மக்களுக்காக வும் தான்! "" என்ற சித்தாந்தத்துடன், சந்திரமோகன் என்னும் சட்டப்பரீட்சையில் தேறிய ",0,
16,போராட்டச்செய்தி நாட்குறிப்பு எதைப் பற்றி பேசுகிறது?,unknown || 9 || போராட்டச் செய்தி நாட் குறிப்பு,போராட்டச் செய்தி நாட் குறிப்பு,NA,"போராட்டச் செய்தி : நாட் குறிப்பு



1948 ஜூன் 25

கல்வியமைச்சர் இந்தி தமிழ் நாட்டிலும் கட்டாயமாக்கப் பட்டுள்ளது என்று அறிவித்தார். ஜூன் 28

கட்டாய இந்தியை எதிர்த்து நாவலர் பாரதியார் கல்வி அமைச்சருக்க",3,
16,போராட்டச்செய்தி நாட்குறிப்பு எதைப் பற்றி பேசுகிறது?,unknown || 11 || போராட்டச் செய்தி நாட்குறிப்பு,போராட்டச் செய்தி நாட்குறிப்பு,NA,"போராட்டச் செய்தி  நாட்குறிப்பு



1948 ஆகஸ்ட் 28: தென்காசியில் பேசிய காமராசர் இந்தி எதிர்ப்பியக்கத்தை ஐந்தாம் படையென்று பழித்துப் பேசினார். 1938-ல் நடந்த போராட்டம் வீண் முயற்சியாகிவிட்டதென்று முழுப்  ",3,
16,போராட்டச்செய்தி நாட்குறிப்பு எதைப் பற்றி பேசுகிறது?,unknown || 11 || உயர்திரு உல்லாசம் அவர்களுக்கு,உயர்திரு உல்லாசம் அவர்களுக்கு,வழிப்போக்கன்,"உயர்திரு உல்லாசம் அவர்களுக்கு

9. தெருக்கூத்து சிவனாண்டி



(சென்ற இதழ்த் தொடர்ச்சி)



""இந்த லட்சணத்தில் நாடகம் எப்படியிருக்கும்? ” என்று நான் இடை மறித்தேன். நாடகமேடையே ஒரு கள்ளுக் கடையாகத்தான் இருக்",0,
16,போராட்டச்செய்தி நாட்குறிப்பு எதைப் பற்றி பேசுகிறது?,unknown || 15 || போராட்டச்செய்தி-நாட்குறிப்பு,போராட்டச்செய்தி-நாட்குறிப்பு,NA,"போராட்டச்செய்தி-நாட்குறிப்பு

1948 நவம்பர் 10

 29 -வது நாள் ம",3,
16,போராட்டச்செய்தி நாட்குறிப்பு எதைப் பற்றி பேசுகிறது?,unknown || 21 || துரோகி,துரோகி,தில்லை வில்லாளன்,"துரோகி

தில்லை வில்லாளன்



நான்காம் அத்தியாயம்

அக்டோபர் 15



வேலைக்காரன், மாட்டியிருந்த நாட்குறிப்பில் தேதியை மாற்றி வைத்தான் - ஆகஸ்ட் 5-ல் செய்தி கிடைத்தது, கல்கத்தாவில் தோல்வியென்று? அக்டோபர் ",1,
16,போராட்டச்செய்தி நாட்குறிப்பு எதைப் பற்றி பேசுகிறது?,unknown || 12 || போராட்டச் செய்தி நாட்குறிப்பு,போராட்டச் செய்தி நாட்குறிப்பு,NA,போராட்டச் செய்தி நாட்குறிப்பு. 1948 செப்டம்பர் 11  21-வது நாள் மறியல். ஐந்து மறியல் தொண்டர்கள் கைது. நேற்றுக் கைது செய்யப்பட்ட 11 பேருக்கு சிறைவாசம். சேலத்தில் இந்தி மந்திரி அவினாசிலிங்கத்திற்குக் கரு,3,
16,போராட்டச்செய்தி நாட்குறிப்பு எதைப் பற்றி பேசுகிறது?,unknown || 10 || ஆசைக்கனல்,ஆசைக்கனல்,எஸ்.ஆறுமுகம்,"ஆசைக் கனல்

எஸ். ஆறுமுகம்



உச்சிவேளை! படை பதைக்கும் வெய்யில்; கண்மண் தெரியாமல் பேய்க் கூத்தாடும் சூறைக்காற்று. சாவிற்குத் தப்பி வந்தவள் போலத் `தப்பித்தோம் பிழைத்தோம்' என்று மருண்டோடி வந்து நின்றாள்",0,
16,போராட்டச்செய்தி நாட்குறிப்பு எதைப் பற்றி பேசுகிறது?,unknown || 22 || வளரும் இலக்கியம்,வளரும் இலக்கியம்,NA,"வளரும் இலக்கியம்



திருக்குறள் நாட்குறிப்பு

சைவசித்தாந்த நூற்பதிப்புக் கழகத்தார் வெளியிட்ட 1950-ஆம் ஆண்டு திருக்குறள் நாட்குறிப்புக் கிடைக்கப் பெற்றோம். இந்து, கிறித்தவ, முகம் மதிய சமயங்களின் திருநா",1,
16,போராட்டச்செய்தி நாட்குறிப்பு எதைப் பற்றி பேசுகிறது?,unknown || 1 || பொது மேடை,பொது மேடை,NA,"பொது மேடை



சென்னை 14 - 18-1-48 

'பொன்னி'யைக் கண்டேன். பதினெட்டு வயது இளங்குமரியைப் போல் அழகாகவும் கவர்ச்சியாகவுமிருக்கிறாள். தொட்ட இடமெல்லாம் இனிக்கிறது. பொன்னி வளர்க, வாழ்க என வாழ்த்துகிறேன். -இரா",0,
16,போராட்டச்செய்தி நாட்குறிப்பு எதைப் பற்றி பேசுகிறது?,unknown || 8 || வெள்ளம்போல் தமிழர் கூட்டம்!,வெள்ளம்போல் தமிழர் கூட்டம்!,NA,"வெள்ளம்போல் தமிழர் கூட்டம்! தென்னிலங்கைத் திருநாடு; அங்குதான் தித்திக்கும் யாழ் மிடற்றி எத்திக்கும் ஆண்டான் இராவணன்; அது தான் தீரனாம் சேரனும், வீரனாம் சோழனும், ஆண்ட மரபிற் பாண்டியனும் சேர்ந்தாண்ட குமர",0,
16,போராட்டச்செய்தி நாட்குறிப்பு எதைப் பற்றி பேசுகிறது?,unknown || 7 || பொழுதுபோக்கு,பொழுதுபோக்கு,இனியன்,"பொழுது போக்கு



ஓர் இரவு



பல இரவுகளாக எதிர்பார்த்துக் கிடந்த ஓர் இரவு 'இப்பொழுது தமிழ்நாடெங்கும் ஓடிக்கொண்டிருக்கிறது. அண்ணாவின் வசனங்கள் பத்திரிகைகளிலும் போஸ்டர் விளம்பரங்களிலும் கூடச் சுடர் விடு",0,
16,போராட்டச்செய்தி நாட்குறிப்பு எதைப் பற்றி பேசுகிறது?,unknown || 6 || சண்டைக்குக் காரணம்,சண்டைக்குக் காரணம்,சுப.நாராயணன்,"சண்டைக்குக் காரணம்

சுப. நாராயணன்



சண்டைக்குக் காரணம் நானா, நீங்களா? தனி முறையில் நானுமல்ல, நீங்களுமல்ல. சமூக முறையில் நானுந்தான், நீங்களுந்தான்; புதிர் மாதிரியிருக்கிறது, இல்லையா? வீரர்களால் சண்ட",0,
16,போராட்டச்செய்தி நாட்குறிப்பு எதைப் பற்றி பேசுகிறது?,unknown || 8 || அரங்கேற்றம்,அரங்கேற்றம்,ஜெயசிற்பியன்,"அரங்கேற்றம்

அம்பலத்தில் மட்டுமென்ன, அறையிலும் அரங்கேற்றம் செய்துவிடுகிறார்கள் நாட்டியம் கற்றுக்கொண்ட குழந்தைகள். அற்புதம் - அபூர்வம் ‘’

''குழந்தை எவ்வளவு அர்த்த புஷ்டியுடன் ஆடுகிறது! உடம்பின் நெளிவு",0,
16,போராட்டச்செய்தி நாட்குறிப்பு எதைப் பற்றி பேசுகிறது?,unknown || 6 || வானம்பாடி,வானம்பாடி,ரா.தணலன்,"வானம்பாடி

-ரா. தணலன் -

நடந்த கதை : கொட்டுகின்ற பனியில், கொல்லுகின்ற குளிரில் அந்தப்பரந்த பச்சைப் புல்வெளியில் ஒருவர்க்கொருவரே போர்வையாக அந்தச் சின்னஞ்சிறு குழந்தைகள் ஒன்றையொன்று அணைத்துக் கொண்டு உ",0,
16,போராட்டச்செய்தி நாட்குறிப்பு எதைப் பற்றி பேசுகிறது?,unknown || 8 || இலக்கியத்தில் காதல்,இலக்கியத்தில் காதல்,அகிலன்,"இலக்கியத்தில் காதல்

அகிலன்

மறுமலர்ச்சி பெற்று சிறுகதை, நாவல், கவிதை, நாடகம் இவற்றின் வாயிலாக இன்று வளர்ந்து வரும் தமிழ், காதல் கலப்பில்லாதிருந்தால் இவ்வளவு தூரம் வளர்ந்திருக்காது; இனியும் வளராது. உ",0,
17,சேவல் புராணம் என்னும் கதை எப்படிப்பட்ட கதை?,unknown || 17 || சேவல் புராணம்,சேவல் புராணம்,தே.நாராயணன்,"சேவல் புராணம்

தே. நாராயணன்



சென்னையில்

“சேவல் தரிசனம் ""

பலமாக நடைபெறுகிறது. அதனையொட்டிய கற்பனைக் கதை இது; புராணமேதான்! அந்தி சாயும் சமயம் மாரியாத்தாள் சன்னிதியில் பூசாரி செங்கோடன் தனியாயிருந்தா",3,
17,சேவல் புராணம் என்னும் கதை எப்படிப்பட்ட கதை?,unknown || 14 || காணிக்கை,காணிக்கை,வீர.பழனியப்பன்,"காணிக்கை

வீர. பழனியப்பன்



""கண்ணம்மா,



எட்டுப் பக்கங்களில் என்னுடைய சுகத்தைப் பற்றி விசாரித்து, எச்சரித்து நீ எழுதியிருந்த கடிதம் கிடைத்தது. அதைப் படிப்பதற்கென்று ஒரு அரைமணி நேரத்தை நான் செலவி",0,
17,சேவல் புராணம் என்னும் கதை எப்படிப்பட்ட கதை?,unknown || 6 || மனோஞ்சிதம்,மனோஞ்சிதம்,தங்கமணி,"மனோரஞ்சிதம்



தங்கமணி



6. மனமிடிந்து வதங்கிய மனோரஞ்சிதம்







இதென்ன இது? எத்தனை அக்கிரமம்! என்ன அநியாயம்! அந்தப் பாவம், ரோகிக் கிழவன் அடிபட்டு அவதிப்பட்டுச் சாகவே தான் பிறந்தானோ? மனோரஞ்சிதத்திற்",0,
17,சேவல் புராணம் என்னும் கதை எப்படிப்பட்ட கதை?,unknown || 11 || அந்தச் சிரிப்பு!,அந்தச் சிரிப்பு!,பத்மாவதி டேவிட்,"அந்தச் சிரிப்பு! பத்மாவதி டேவிட்



எனக்குத் தூக்கமே வரவில்லை. இனம் விளங்காத ஒரு திகில் என் உள்ளத்தில் உறுத்திக் கொண்டேயிருந்தது. முனிசிபல் மணிக்கூண்டில் மணி பனிரண்டு அடித்தது. எங்கும் இருள் - சூனியம",0,
17,சேவல் புராணம் என்னும் கதை எப்படிப்பட்ட கதை?,unknown || 5 || உரிமைப் போர்,உரிமைப் போர்,மன்னன்,"உரிமைப் போர்

""மன்னன்""



`இற்பகல்’ - கடும் வெய்யில் - வெளியில் நீட்டினால் வெடித்து விடும் உன் தலை! ’ என்று சபித்துக் கொண்டிருந்தான் 'சூரியபகவான்! "" காக்கைகள் `காகூ' என கத்திக்கிடந்தன. மக்கள் அப்பாடா!",0,
17,சேவல் புராணம் என்னும் கதை எப்படிப்பட்ட கதை?,unknown || 6 || கண்ணம்மா,கண்ணம்மா,கோ.சங்கரன்,"கண்ணம்மா

கோ. சங்கரன்



அந்தி மறையும் நேரம். நான் தாமிரவருணி ஆற்றின் கரையை நோக்கிச் சென்று கொண்டிருந்தேன். இளந்தென்றல் எனக்கு அமைதியின்பம் அளித்தது. காற்றின் வேகத்தினால் நதியின் போக்கு வேகமாக இருந்த",0,
17,சேவல் புராணம் என்னும் கதை எப்படிப்பட்ட கதை?,unknown || 1 || வெண்ணிலவில்,வெண்ணிலவில்,ஜி.சுப்பிரமணியம்,"வெண்ணிலவில்

வித்துவான் ஜி. சுப்பிரமணியம் எம். மாடி அறைக்குச் சென்று சாளரக் கதவுகளைத் திறந்தேன். பளிச்சென்று நிலாக்கதிர்கள் என்மேல் தாண்டிக் குதித்தன. வானிலே வெண்மதியம் காட்சி தந்தது. 'திங்களைப் போற்",0,
17,சேவல் புராணம் என்னும் கதை எப்படிப்பட்ட கதை?,unknown || 6 || செல்லாத ரூபாய்,செல்லாத ரூபாய்,,,0,
17,சேவல் புராணம் என்னும் கதை எப்படிப்பட்ட கதை?,unknown || 4 || பாவமும் புண்ணியமும்,பாவமும் புண்ணியமும்,தில்லை. மறைமுதல்வன்,"பாவமும் புண்ணியமும்



தில்லை. மறைமுதல்வன்



வசந்தத் தென்றலில் வளைந்து நெளிந்தாடும் புது ரோஜா போன்ற அந்த அழகி ஜன்னலோரத்தில் அமர்ந்து வீதியை வெறித்துப் பார்த்துக் கொண்டிருந்தாள். மின் ஒளியின் மினுக்",0,
17,சேவல் புராணம் என்னும் கதை எப்படிப்பட்ட கதை?,unknown || பொங்கல் மலர் || மாயாண்டித்தேவன்,மாயாண்டித்தேவன்,,,0,
17,சேவல் புராணம் என்னும் கதை எப்படிப்பட்ட கதை?,unknown || 18 || நமக்குள்ளே,நமக்குள்ளே,சுகி,"நமக்குள்ளே

சுகி



 8



மத்திய சர்க்கார் மந்திரி ஒருவர் மேசையில் தந்தி ஒன்று இருந்தது. அந்தத் தந்தியில் ""தாயார் அபாயம் ; உடனே புறப்பட்டு வரவும்"" என்ற எழுத்துக்கள் இருந்தனவாம். மந்திரி ’பைல்'களை அப",0,
17,சேவல் புராணம் என்னும் கதை எப்படிப்பட்ட கதை?,unknown || 5 || 29ம் என் படுக்கை,29ம் என் படுக்கை,எஸ். ஆறுமுகம்,"29ம் என் படுக்கை

எஸ். ஆறுமுகம்

காப்டன் எபிவென்ட் வீதியில் போய்க்கொண்டிருந்தபோது எல்லாப் பெண்களும் அவனையே வெறிக்க வெறிக்க பார்த்தார்கள். அவன் குதிரைப் படைகளின் தலைவன்; மிகவும் அழகானவன். அவனுக்குத் ",0,
17,சேவல் புராணம் என்னும் கதை எப்படிப்பட்ட கதை?,unknown || 1 || தகப்பனும் மகளும்,தகப்பனும் மகளும்,கு.அழகிரிசாமி,"தகப்பனும் மகளும்

கு. அழகிரிசாமி



இது ஒரு சிறுகதை; கட்டுரையல்ல. கீழே காணப்படுவது வீடு கட்டுவதற்காகப் போட்ட பிளான் அல்ல; ஆனால் ரயில் வண்டிப் பெட்டி ஒன்றின் உட்புறத்தின் பிளானாகும். பிளானைப் பார்த்த",0,
17,சேவல் புராணம் என்னும் கதை எப்படிப்பட்ட கதை?,unknown || 21 || பிரஞ்சு நாவலாசிரியர் பிளாபர்ட்,பிரஞ்சு நாவலாசிரியர் பிளாபர்ட்,மு.அண்ணாமலை,"பிரெஞ்சு நாவலாசிரியர்



பிளாபர்ட்



இரண்டாவது கட்டுரை : மு. அண்ணாமலை



பிளாபர்ட், மாடம் போவரி (Madame Bovary) என்னும் நாவலை முதன்முதலில் எழுதி வெளியிட்டபோது நகரெங்கணும் ஒரு பரபரப்புண்டாயிற்று. கத",0,
17,சேவல் புராணம் என்னும் கதை எப்படிப்பட்ட கதை?,unknown || 10 || காற்று இசைக் கருவிகள்,காற்று இசைக் கருவிகள்,த.பு.நவநிதகிருஷ்ணன்,"காற்று இசைக் கருவிகள்

          						  த. நவநீதகிருஷ்ணன்

         சிலப்பதிகாரத்தில் இசைக் கருவிகள் 'குயிலுவக் கருவிகள்' எனப் பெயர் பெற்றிருப்பன. அவை 'தோற்கருவிகள்' 'துளைக்கருவிகள்' 'நரம்புக்கருவிக",0,
18,மதம் அவசியமா என்ற கட்டுரை எதை மையமாகக் கொண்டு பேசுகிறது?,unknown || 8 || மதம் அவசியமா?,மதம் அவசியமா?,இரா.நெடுஞ்செழியன்,"மதம் அவசியமா? நெடுஞ்செழியன்

மதம் அவசியமா என்ற வினாவிற்கு விடையிறுக்கு முன்னர், மதம் என்றால் என்ன என்பதை அறிய வேண்டியது இன்றியமையாததாகின்றது. பல உலகையும் பல உயிரையும் படைத்து,  அவற்றைப் பாதுகாத்துப் ",2,
18,மதம் அவசியமா என்ற கட்டுரை எதை மையமாகக் கொண்டு பேசுகிறது?,unknown || 6 || மதம் அவசியமா?,மதம் அவசியமா?,வேந்தரசன்,"மதம் அவசியமா? வேத்தரசன்



மதம் மக்கள் வாழ்வில் தேவையான ஒன்றா என்று கேட்கப்படும் காலம் வந்துவிட்டது. இது, மதம் மறையும்! கூடிய விரைவில் ஒழிக்கப்படும்! என்பதற்கு ஒரு முன்னறிவிப்பு. மதம் தேவையானதா? என்று",3,
18,மதம் அவசியமா என்ற கட்டுரை எதை மையமாகக் கொண்டு பேசுகிறது?,unknown || 2 || மதம் அவசியமா?,மதம் அவசியமா?,கா.அப்பாத்துரை,"மதம் அவசியமா? அப்பாத்துரை



 மதம் அவசியமா என்ற கேள்விக்கு 'ஆம்' என்றும் 'இல்லை' என்றும் பலர் விடை பகரலாம். 'ஆம்' என்பவர் கட்சிக்கு 'இல்லை' என்பவர் கட்சி மாறுபட்டதென்று எவரும் கருதுவது இயல்பு. ஆனால் அ",2,
18,மதம் அவசியமா என்ற கட்டுரை எதை மையமாகக் கொண்டு பேசுகிறது?,unknown || 9 || மதம் அவசியமா?,மதம் அவசியமா?,க.அன்பழகன்,"மதம் அவசியமா? அன்பழகன்



'மதம் அவசியமா? ' என்ற கேள்வி இன்று வெளிப்படையாகக் கேட்கப்படுகிறது. இக்கேள்வி மக்கள் மனதிலே தோன்றத் தொடங்கியதே ஒன்றிரண்டு நூற்றாண்டுகளாகத்தான். அதற்கு முன்பெல்லாம் இக்கேள்விக்",3,
18,மதம் அவசியமா என்ற கட்டுரை எதை மையமாகக் கொண்டு பேசுகிறது?,unknown || 11 || மதம் அவசியமா?,மதம் அவசியமா?,கே.ஜி. இராதாமணாளன்,"மதம் அவசியமா? இராதாமணாளன்



வளமான நாட்டில் எரிமலையிருக்கத்தான் வேண்டுமா? பூகம்பம் உலகில் அடிக்கடி ஏற்படுவது அவசியமா? விஷப் பாம்பை வீட்டில் வைத்து, பால் ஊற்றி வளர்க்க வேண்டுமா? உண்ணும் உணவில் நஞ்சுகலத",3,
18,மதம் அவசியமா என்ற கட்டுரை எதை மையமாகக் கொண்டு பேசுகிறது?,unknown || 1 || மதம் அவசியமா?,மதம் அவசியமா?,நாரணதுரைக்கண்ணன்,"மதம் அவசியமா? நாரண-துரைக்கண்ணன் 



இன்று மதத்தின் பெயரால் நடைபெற்று வரும் அட்டுழியங்களையும் கொலை பாதகங்களையும் கண்டு கேட்டு அறியும் எவருடைய உள்ளத்திலும் 'மதம் அவசியமா? ' என்ற கேள்வி எழுவது இயற்கையே! ",2,
18,மதம் அவசியமா என்ற கட்டுரை எதை மையமாகக் கொண்டு பேசுகிறது?,unknown || 10 || மதம் அவசியமா?,மதம் அவசியமா?,ம.ப.பெரியசாமி,"மதம் அவசீயமா? பெரியசாமி

இன்று ஒரு புதிய துடிப்பு நம் உள்ளத்திலே ஏற்பட்டிருக்கிறது. அறிவினால் எதையும் ஆராய்ந்து பார்க்க வேண்டுமென்ற புதிய கிளர்ச்சி. கண் மூடித்தனமாகப் பலவற்றை இதுவரை ஒப்புக்கொண்டது போ",3,
18,மதம் அவசியமா என்ற கட்டுரை எதை மையமாகக் கொண்டு பேசுகிறது?,unknown || 12 || மதம் அவசியமா?,மதம் அவசியமா?,சுப.நாராயணன்,"மதம் அவசியமா? நாராயணன்





""எல்லார்க்கும் பிடிக்கிற, எல்லார்க்கும் திருப்தியளிக்கிற எல்லாரையும் சமபாவத்தோடு உறவாடும்படி செய்கிற ஒரு மதத்தை உண்டு பண்ணிவிட முடியுமா? இப்போது உள்ள எண்ணற்ற மதங்கள், எண்ண",3,
18,மதம் அவசியமா என்ற கட்டுரை எதை மையமாகக் கொண்டு பேசுகிறது?,unknown || 10 || கண் திறக்குமா?,கண் திறக்குமா?,நக்கீரன்,"கண் திறக்குமா? நக்கீரன்

 நடந்த கதை:

”தேசத்தொண்டு என்பது சுயநலத்துக்காகச் செய்வதல்ல; தேசத் துக்காகவும் தேச மக்களுக்காக வும் தான்! "" என்ற சித்தாந்தத்துடன், சந்திரமோகன் என்னும் சட்டப்பரீட்சையில் தேறிய ",0,
18,மதம் அவசியமா என்ற கட்டுரை எதை மையமாகக் கொண்டு பேசுகிறது?,unknown || 1 || அழியாதன்றோ!,அழியாதன்றோ!,பாரதிதாசன்,"அழியாதன்றோ! ”……………………………….. வெறி கொள் 

வலியாரால் வாடும் எளியாரின் சார்பில் 

புலியாகிப் போர்தொடுக்கும் போதில்- வலியோர்கள் 

எய்யும் கோற்புண்ணும் இனிதாகும் அவ்வெளியார் 

உய்ய உழைத்ததனைத் தானினைத்தால்!",0,
18,மதம் அவசியமா என்ற கட்டுரை எதை மையமாகக் கொண்டு பேசுகிறது?,unknown || 4 || மதம் அவசியமா?,மதம் அவசியமா?,சி.எம். இராமச்சந்திரன் செட்டியார்,"மதம் அவசியமா? இராமச்சந்திரன் செட்டியார்



இன்று சிவராத்திரி, சிவாலயங்களில் எல்லாம் பூஜைகள் நடக்கும். நூற்றுக்கணக்கான மக்கள் கோயிலுக்குச் சென்று வணங்குவார்கள். சைவர்கள் வீடுகளில் நோன்பு இருப்பார்கள். ",2,
19,தூத்துக்குடி நோக்கி! என்ற கட்டுரை எதைப் பற்றி சொல்கிறது?,unknown || 11 || வளரும் இலக்கியம்,வளரும் இலக்கியம்,நா. வேத்தரசன்,"வளரும் இலக்கியம்



போதும் முதலாளித்வம் ***

 	தமிழ் நாட்டில் பொதுவுடைமைக் கருத்துக்கள் இன்னும் சரியாக விளக்கப்படவில்லை. பொதுவுடைமை பற்றிப் பேசும் கட்சிகளும் சரி, பத்திரிக்கைகளும் சரி முதலாளிகளை முழு ",0,
19,தூத்துக்குடி நோக்கி! என்ற கட்டுரை எதைப் பற்றி சொல்கிறது?,unknown || 3 || தூத்துக்குடி நோக்கி!,தூத்துக்குடி நோக்கி!,NA,"தூத்துக்குடி நோக்கி! வரும் மே - மாதம்  8, 9 தேதிகளில் தூத்துக்குடியில் திராவிடர் கழக மாகாண மாநாடு நடைபெற ஏற்பாடாகிவருகிறது. தமிழக முற்றும் இம்மாநாடு பற்றியே பேச்சு இருந்து வருகிறது. பொதுமக்கள் இம்மாநா",3,
19,தூத்துக்குடி நோக்கி! என்ற கட்டுரை எதைப் பற்றி சொல்கிறது?,unknown || 4 || எழுந்தது திராவிடம்!,எழுந்தது திராவிடம்!,NA,"எழுந்தது திராவிடம்



‘வருக வருக’ என்றழைத்தனர்  தூத்துக்குடி மாநாட்டு வரவேற்புக் குழுவினர். ""தமிழகத்தின் தென்கோடியிலே மாநாடு கூடுகிறதே - பெருந்தொலையன்றோ! நாம் எவ்வாறு செல்வது? "" என்று தயங்கிய மக்களையெ",2,
19,தூத்துக்குடி நோக்கி! என்ற கட்டுரை எதைப் பற்றி சொல்கிறது?,unknown || 9 || ஆடும் மாடும்,ஆடும் மாடும்,டி.கே.சீனிவாசன்,"ஆடும் மாடும்



டி. சீனிவாசன்



பதினெட்டாவது அத்தியாயம்





செக்கிலே சிக்கிய எள்ளைப் போலச் சீரழிந்து கொண்டிருந்தாள் மோகனா. உலகம் தன்னுடைய அத்தனை பிரச்சனைகளையும் ஒதுக்கி வைத்துவிட்டு, அவளைப் பற்றிய",0,
19,தூத்துக்குடி நோக்கி! என்ற கட்டுரை எதைப் பற்றி சொல்கிறது?,unknown || 4 || வெற்றிப் பாதையில் பெரியார் பெரும் படை,வெற்றிப் பாதையில் பெரியார் பெரும் படை,NA,"வெற்றிப் பாதையில் பெரியார் பெரும் படை



“வெற்றி கண்ணுக்குத் தெரிகிறது. அது

கானல் நீரல்ல. கருத்தும் கவலையும் இருந்

தால் கண்டிப்பாக அடைந்தே திருவோம்

என்கிற உறுதி எனக்கு உண்டு”



அண்மையில் தூத்துக்க",3,
19,தூத்துக்குடி நோக்கி! என்ற கட்டுரை எதைப் பற்றி சொல்கிறது?,unknown || 12 || மதம் அவசியமா?,மதம் அவசியமா?,சுப.நாராயணன்,"மதம் அவசியமா? நாராயணன்





""எல்லார்க்கும் பிடிக்கிற, எல்லார்க்கும் திருப்தியளிக்கிற எல்லாரையும் சமபாவத்தோடு உறவாடும்படி செய்கிற ஒரு மதத்தை உண்டு பண்ணிவிட முடியுமா? இப்போது உள்ள எண்ணற்ற மதங்கள், எண்ண",0,
19,தூத்துக்குடி நோக்கி! என்ற கட்டுரை எதைப் பற்றி சொல்கிறது?,unknown || 8 || வெள்ளி முளைத்தது,வெள்ளி முளைத்தது,வீர.பழனியப்பன்,"வெள்ளி முளைத்தது

வீர. பழனியப்பன்



 ”ஏய்...... ”

……………………….. ”

'பட்' 'பட்’ என்று கதவைத் தட்டும் சப்தம். எருமை மாடு""

`படார்'... கதவைப் பலமாகத் தட்டும் சப்தம். ம்' என்ற முனகல் வீட்டினுள்ளிருந்து ",0,
19,தூத்துக்குடி நோக்கி! என்ற கட்டுரை எதைப் பற்றி சொல்கிறது?,unknown || 17 || நமக்குள்ளே,நமக்குள்ளே,சுகி,"நமக்குள்ளே

சுகி

7

என் வீட்டுக்கு வந்த பிரசுரகர்த்தர், ""தாங்கள் ஒரு ரூபாய், அல்லது அரை ரூபாய் விலையில் ஒரு நாவல் எழுதிக்கொடுக்க முடியுமா? "" என்று கேட்டார். நான் என்ன பதில் சொன்னேன் என்பது இருக்கட்",0,
19,தூத்துக்குடி நோக்கி! என்ற கட்டுரை எதைப் பற்றி சொல்கிறது?,unknown || 15 || சென்னை தமிழருக்கே!,சென்னை தமிழருக்கே!,NA,"சென்னை தமிழருக்கே! ‘சுயராஜ்யம்' கிடைத்தால் எல்லா நன்மைகளும் கிட்டுமென்று பொதுமக்கள் நம்பினார்கள். வயிறு நிறைய உணவும், வசிக்க வீடும், உடுத்த ஆடையும் கிடைக்குமென்று அவர்கள் எதிர்பார்த்தார்கள். ஆனால் ஆந்",0,
19,தூத்துக்குடி நோக்கி! என்ற கட்டுரை எதைப் பற்றி சொல்கிறது?,unknown || 7 || கண் திறக்குமா?,கண் திறக்குமா?,நக்கீரன்,"கண் திறக்குமா? ’நான்காம் அத்தியாயம்’

மூன்று வருடம் கடுங்காவல்



இந்த உலகத்தில் 'நியாயம்' என்று ஒன்று இருக்கிறதே, அதற்கும் பிரிட்டிஷாருக்கும் நெடு நாட்களாகவே நெருங்கிய சம்பந்தம் உண்டு. அந்த நியாயத்து",0,
19,தூத்துக்குடி நோக்கி! என்ற கட்டுரை எதைப் பற்றி சொல்கிறது?,unknown || 7 || யாருக்குச் சுதந்திரம்,யாருக்குச் சுதந்திரம்,சாமி பழனியப்பன்,"யாருக்குச் சுதந்திரம்? சாமி பழனியப்பன்



சாதி மதமென்ற போதையிலே -மக்கள்

தட்டுத் தடுமாறி மாய்கையிலே

நீதி முறையற்ற தன்மையிலே-இங்கு

நெருங்கும் சுதந்தரம் யாருக்கடா

இந்தச் சுதந்தரம் நம்மவர்க்கா - நம்மை",0,
19,தூத்துக்குடி நோக்கி! என்ற கட்டுரை எதைப் பற்றி சொல்கிறது?,unknown || 1 || மந்திரிசபை அமைப்பு,மந்திரிசபை அமைப்பு,NA,"மந்திரிசபை அமைப்பு

சென்னை ராஜ்யப் பொதுத் தேர்தல் முடிவுகள் மொத்தம் 375 ஸ்தானங்களில் 373 ஸ்தானங்களுக்கு வெளியாகிவிட்டன; அதில் காங்கிரஸ் பெற்றிருப்பது 152 - மற்ற கட்சிகளுக்கு 221 ஸ்தானங்கள் கிடைத்திரு",0,
19,தூத்துக்குடி நோக்கி! என்ற கட்டுரை எதைப் பற்றி சொல்கிறது?,unknown || 1 || காலமும் கருத்தும்,காலமும் கருத்தும்,NA,"காலமும் கருத்தும் 



அகில தமிழர் மாநாடு 

சென்னையில் பிப்ரவரி 14, 15, தேதிகளில் கூடிய அகில தமிழர் மாநாடு சில தீர்மானங்களை நிறைவேற்றியிருக்கிறது. குறிப்பாக திரு ஜி.. நாயுடு அவர்கள் கொண்டுவந்த தமிழ் நா",1,
19,தூத்துக்குடி நோக்கி! என்ற கட்டுரை எதைப் பற்றி சொல்கிறது?,unknown || 11 || காதலிக்கு.!,காதலிக்கு.!,வா.செ.குலோத்துங்கன்,"காதலிக்கு...! குலோத்துங்கன்



அன்பே!..... எவ்வளவு அழகான ஆழமான சொல்! உனக்கென்றே செந்தமிழ்க்காவில் யான் கொய்து வந்த தேன் சிந்தும் மணமலர்! எழில் நிறைந்த இளமையுள்ளத்தின் காதல் உணர்ச்சியை, அதன் மாற்றுக் க",0,
19,தூத்துக்குடி நோக்கி! என்ற கட்டுரை எதைப் பற்றி சொல்கிறது?,unknown || 8 || இந்தி வந்தது இந்தி,இந்தி வந்தது இந்தி,NA,"இந்தி வந்தது, இந்தி! நம் அலுவலகத்தில் குவிந்திருக்கும் இந்தி எதிர்ப்புத் கடிதங்களில் சிலவற்றை இங்கு வெளியிட்டிருக்கிறோம். மற்றவை அடுத்த இதழ்களில் தொடர்ந்து வெளியிடப்படும். சென்னிமலை

 6-7-48

        ",0,
20,வரும் வழியில் என்னும் கதை எதைப் பற்றி பேசுகிறது?,unknown || 18 || வரும் வழியில்,வரும் வழியில்,ஜி.நாகராஜன்,"வரும் வழியில்

ஜி. நாகராஜன்

தொப்பூரில் நான் பஸ்ஸுக்காகக் காத்திருந்தேன் பஸ் வந்த வழியாகக் காணோம். என் கால்கள் நின்று நின்று வலிக்க ஆரம்பித்துவிட்டன. அருகிலுள்ள கடைக்காரனிடம் கேட்டேன். 'இன்னும் ஒரு ம",1,
20,வரும் வழியில் என்னும் கதை எதைப் பற்றி பேசுகிறது?,unknown || 4 || முன்னுக்கு வாருங்கள்,முன்னுக்கு வாருங்கள்,சுகி,"முன்னுக்கு வாருங்கள்



சுகி



என்னய்யா தமிழ்! பிரமாத தமிழாம். பாருங்கள் ஆங்கிலத்திலே முன்னுக்கு வரும் வழிகளைப் பற்றி எத்தனை எத்தனை புத்தகங்கள். உங்கள் தமிழ் மொழியில் இத்தனையுண்டா? இல்லை, எழுதத்தான",0,
20,வரும் வழியில் என்னும் கதை எதைப் பற்றி பேசுகிறது?,unknown || 17 || காதலர்கள்,காதலர்கள்,எஸ்.ஆறுமுகம்,"காதலர்கள்

 எஸ். ஆறுமுகம்



அதிகாரிகள் நிறைந்திருந்த அந்தப் பிரேத பூமி மலர்கள் நிறைந்த வயல் போலக் காட்சியளித்தது. பதவிக்குகந்த உடையணிந்திருந்த காவலாளிகள் கல்லறைக்குக் குறுக்கிலும் நெடுக்கிலுமாகப் 'ப",0,
20,வரும் வழியில் என்னும் கதை எதைப் பற்றி பேசுகிறது?,unknown || 4 || ஏழை நாய்,ஏழை நாய்,ரா.நீலமேகம்,"ஏழை நாய்



- ரா. நீலமேகம்-





தெருவில் அதிக ஜன நடமாட்டம் இல்லாத நேரம், தனியாகப் போய்க் கொண்டிருந்த என் காலில் திடீரென்று ஒரு சிறு கல் வந்து பட்டுச் சிதறியது. வலி தாங்க முடியாமல் திரும்பினேன். பின்ன",0,
20,வரும் வழியில் என்னும் கதை எதைப் பற்றி பேசுகிறது?,unknown || 1 || அழியாதன்றோ!,அழியாதன்றோ!,பாரதிதாசன்,"அழியாதன்றோ! ”……………………………….. வெறி கொள் 

வலியாரால் வாடும் எளியாரின் சார்பில் 

புலியாகிப் போர்தொடுக்கும் போதில்- வலியோர்கள் 

எய்யும் கோற்புண்ணும் இனிதாகும் அவ்வெளியார் 

உய்ய உழைத்ததனைத் தானினைத்தால்!",0,
20,வரும் வழியில் என்னும் கதை எதைப் பற்றி பேசுகிறது?,unknown || 4 || தனிமனித சுதந்திரம்,தனிமனித சுதந்திரம்,ரா.தணலன்,"தனிமனித சுதந்திரம்



ரா. தணலன்







ஏன் இதை வெறுக்கிறோம்? இந்த நூற்றாண்டு மனிதத் தன்மையின் அருணோதய காலமாக இருக்க வேண்டும் என்று சரித்திரம் தீர்மானித்து விட்டது. 'எல்லோரும் இந்நாட்டு மக்கள். எல்லோர",0,
20,வரும் வழியில் என்னும் கதை எதைப் பற்றி பேசுகிறது?,unknown || 12 || மனச்சாட்சி,மனச்சாட்சி,வேலை-வில்லவன்,"மனச்சாட்சி



வேலை-வில்லவன்



மழை விடாமல் 'சோ' வென்று வெகுநேரம் பெய்து ஓய்ந்தது. மழை எப்பொழுது வரும் என்று ஏங்கிக்கிடந்தவர்களின் மனத்திலே பால் வார்த்தமத்திரியாகப் பெய்து தீர்த்தது அது. வரண்ட நிலங்களு",0,
20,வரும் வழியில் என்னும் கதை எதைப் பற்றி பேசுகிறது?,unknown || 9 || பார் பார் பட்டணம் பார்,பார் பார் பட்டணம் பார்,மெரீனா,"பட்டணம் பார்! ""மெரீனா'' எழுதுகிறது



என்னையா அக்கிரமமாக இருக்கிறது! இவ்வளவு பெரிய திருவல்லிக்கேணியிலே ஒரு இடம் கிடையாது இதை எங்கே போய்ச் சொல்லி அழ வது? வயிற்றைப்பற்றி எரி கிறதே! "" எனறு ஆவேசமும் ஆத்தி",0,
20,வரும் வழியில் என்னும் கதை எதைப் பற்றி பேசுகிறது?,unknown || 8 || ஏன்?,ஏன்?,அகிலன்,"- அகிலன்

ஏன் என்னுள்ளத்திலே இந்தக் கேள்வி சுற்றிச் சுற்றி வந்தது. வானவில் வட்ட வடிவம் பெற்று, மத்தியில் முழு நிலவை வைத்துச் சுற்றினால், எப்படிச் சௌந்தர்யமாக இருக்குமோ அப்படி இன்பத்தைக் கொடுத்தது- எனக",0,
20,வரும் வழியில் என்னும் கதை எதைப் பற்றி பேசுகிறது?,unknown || 18 || காலமும் கருத்தும்,காலமும் கருத்தும்,NA,"காலமும் கருத்தும்

வாழ்த்துகிறோம்



அண்ணாமலைப் பல்கலைக் கழகம் தமிழ்ப் பல்கலைக் கழகமாகக் கருதப்படுகிற காரணத்தால் அங்கே நிகழும் பதவி மாறுதல்கள் தமிழ்மக்களின் கவனத்தைக் கவர்வது இயற்கையே. பொருளாதாரத் த",0,
20,வரும் வழியில் என்னும் கதை எதைப் பற்றி பேசுகிறது?,unknown || 12 || ஆடும் மாடும்,ஆடும் மாடும்,டி.கே.சீனிவாசன்,"ஆடும் மாடும்

டி. சீனிவாசன்

இரண்டாம் அத்தியாயம்

சேகரனை விட்டுப் பிரிந்த சோமு அலுப்பும் சலிப்புமாக நடந்துகொண்டிருந்தான். ஆள் நடமாட்டமேயில்லாத வீதிகளில் அவன் நடந்து சென்ற போது என்னவோ போலிருந்தது அவன",0,
20,வரும் வழியில் என்னும் கதை எதைப் பற்றி பேசுகிறது?,unknown || 6 || அந்த நாள்,அந்த நாள்,சிலம்பின் செல்வன்,"அந்தநாள்

""சிலம்பீன் செல்வன்""



காட்சி 18

[இடம் : பொருநையாற்றங்கரை: - மாடலமறையோன். ஆசான், பைரவன் முதலியோர்]



மாடலமறையோன்: குறுக்கு வழியிலே நடுக்கமின்றி நான் செல்லமுடியும்! நெற்றியிலே நீறும், ப",0,
20,வரும் வழியில் என்னும் கதை எதைப் பற்றி பேசுகிறது?,unknown || 2 || கண் திறக்குமா?,கண் திறக்குமா?,நக்கீரன்,"கண் திறக்குமா? ஆசிரியர்;  நக்கீரன்





நடந்தகதை:



   வாழ்க்கையில் பல சோதனைகளுக்கு ஆளான சந்திரமோகன்,  தன் கடைசி காலத்தில் தமிழ்நாட்டையும் தமிழ் மக்களையும் நோக்கி  “கண் திறக்குமா? "" என்ற கேள்வியுடன்",0,
20,வரும் வழியில் என்னும் கதை எதைப் பற்றி பேசுகிறது?,unknown || 1 || மதவெறிக்குப் பலியானார்!,மதவெறிக்குப் பலியானார்!,நாரா.நாச்சியப்பன்,"மதவெறிக்குப் பலியானார்! -நாரா நாச்சியப்பன்





உலகமெலாம் துன்பமுற்ற தெதற்கடி தோழி-மிக 

உத்தமர் காந்தியார் செத்தனர் ஆகையால் தோழா-உயிர் 

விலகிடவே செய்துவிட்ட நோயென்ன தோழி மத 

வெறிஎன்னும் நோய்வந்து க",0,
20,வரும் வழியில் என்னும் கதை எதைப் பற்றி பேசுகிறது?,unknown || 14 || சிலப்பதிகாரக் காட்சிகள்,சிலப்பதிகாரக் காட்சிகள்,விசு.திருநாவுக்கரசு,"சிலப்பதிக்காரக் காட்சிகள்

விசு. திருநாவுக்கரசு



14. கரைகாணாத் துன்பத்தில் கண்ணகி

ஆய மகளிர் ஆடியும், பாடியும், துயர் மடிய வேண்டியும் நிகழ்த்திய குரவைக் கூத்திற்குப் பிறகு, மாதரி வைகை நதியிலே நீரா",0,
20,வரும் வழியில் என்னும் கதை எதைப் பற்றி பேசுகிறது?,unknown || 18 || பொது  மேடை,பொது  மேடை,NA,"வாசகர்களின் கருத்துரைகளை வெளியிடுவதற்கென்றே இப்பகுதி ஒவ்வொரு இதழிலும் இடம் பெறுகிறது. `பொன்'னியைப் பற்றி மட்டுமல்ல, உள்நாட்டு, வெளிநாட்டு நடப்புகளில் எதைப் பற்றியும் அன்பர்கள் தந்தம் எண்ணங்களை, எழுதிய",0,
20,வரும் வழியில் என்னும் கதை எதைப் பற்றி பேசுகிறது?,unknown || 14 || துனியா,துனியா,இரா.இளஞ்சேரன்,"துனியா

இரா. இளஞ்சேரன்



1816-ம் ஆண்டு, வசந்தகாலம். கிராமத்திலிருந்து நான் நகரத்திற்குச் சென்று கொண்டிருந்தேன். குளிர்ச்சியை மேலே தெளித்துச் செல்லும் தென்றல்; இன்பமயமான மாலை வேளை. குதிரைகள் பூட்டிய ",0,
20,வரும் வழியில் என்னும் கதை எதைப் பற்றி பேசுகிறது?,unknown || 2 || நிலையாமை,நிலையாமை,க.தங்கவேலன்,"நிலையாமை



 க. தங்கவேலன்



நிலையாமை என்று கூறும் பொழுதே இன்றைய மாணவர்களின் உள்ளக்கிழியில் உருவாகி இயங்கும் கருத்தலைக் காட்சிப் படங்களில் முதன்மையானவை மூன்று. அவை செல்வ நிலையாமை, இளமை நிலையாமை,யாக்க",0,
20,வரும் வழியில் என்னும் கதை எதைப் பற்றி பேசுகிறது?,unknown || பொங்கல் மலர் || சிரித்த முல்லை வித்துவான்,சிரித்த முல்லை வித்துவான்,விசு.திருநாவுக்கரசு,"சிரித்த முல்லை

                                                                   	   வித்துவான். விசு – திருநாவுக்கரசு



பொருளல்லவற்றையும் பொருளாகச் செய்யும் புதுமைத்திறம் கவிஞர்களிடத்தே தான் காணமு",0,
20,வரும் வழியில் என்னும் கதை எதைப் பற்றி பேசுகிறது?,unknown || 6 || மதம் அவசியமா?,மதம் அவசியமா?,வேந்தரசன்,"மதம் அவசியமா? வேத்தரசன்



மதம் மக்கள் வாழ்வில் தேவையான ஒன்றா என்று கேட்கப்படும் காலம் வந்துவிட்டது. இது, மதம் மறையும்! கூடிய விரைவில் ஒழிக்கப்படும்! என்பதற்கு ஒரு முன்னறிவிப்பு. மதம் தேவையானதா? என்று",0,
21,ஒரு வார்த்தை என்னும் தலைப்பின் ஆசிரியர் ?,unknown || 10 || வளரும் இலக்கியம்,வளரும் இலக்கியம்,நா. வேத்தரசன்,"வளரும் இலக்கியம்



புரட்சி இலக்கியம்

இன்றைய இலக்கியங்களைப் பற்றிய ஒரு தெளிவான ஆராய்ச்சியாக இருக்கும் இந்நூல். இலக்கிய உலகில் நாறிக்கிடக்கும் அழுகிய கற்பனைகளை அகற்றி, புரட்சி இலக்கியங்களை அரியணையேற்",0,
21,ஒரு வார்த்தை என்னும் தலைப்பின் ஆசிரியர் ?,unknown || 11 || அந்த நாள்,அந்த நாள்,சிலம்பின் செல்வன்,"அந்தநாள்

சிலம்பீன் செல்வன்



காட்சி 31

[மாதவி மேன்மாட நிலா முற்றத்தில் நின்று மனப் போராட்டத்தால் புலம்புகின்றாள்]



மனம்: ஆம்! நான் நடித்தேன்! வாழ்க்கையை நாசமாக்கிக் கொண்டேன். சோலை வனத்தைப் பால",0,
21,ஒரு வார்த்தை என்னும் தலைப்பின் ஆசிரியர் ?,unknown || 18 || ராஜா ராணி,ராஜா ராணி,தங்கமணி,"ராஜா ராணி

தங்கமணி

8. ராணியின் சபதம்! வாளை ஓங்கிக்கொண்டே பாய்ந்தோடி வந்தான் அதிகார மமதை கொண்ட ராஜசிம்மன். ராணி ஆடாமல் அசையாமல் கம்பீரமாய் நின்றாள். ''சிங்கக் குட்டியிடமிருந்து உன் உயிரைக் காப்பாற்றி",0,
21,ஒரு வார்த்தை என்னும் தலைப்பின் ஆசிரியர் ?,unknown || 11 || ஒளி மாடம்,ஒளி மாடம்,நரா,"ஒளி மாடம்

'நரா'



3

செல்வம்



அன்று என் நண்பன் ஒரு சிறு சதை சொன்னான். அது வெறுங்கதையா என்பது எனக்குச் சந்தேகம்தான். அதுமாதிரி எத்தனையோ இடத்தில் நடந்திருக்கும் என்பதே எனக்குப்பட்டது. எத்தனையோ இ",0,
21,ஒரு வார்த்தை என்னும் தலைப்பின் ஆசிரியர் ?,unknown || 2 || வளரும் இலக்கியம்,வளரும் இலக்கியம்,"நா. வேத்தரசன், மு. அண்ணாமலை, சாமி பழனியப்பன்","வளரும் இலக்கியம்



இன்பக்கடல்

சத்திமுத்தப் புலவர்



கவியரசர் பாரதிதாசனார் தமிழ் மக்களுக்கு வழங்கியிருக்கும் இரண்டு நாடகங்கள் இவை. நாடகங்களின் சிறப்பு பற்றி நாம் அதிகம் சொல்லத் தேவையில்லை. ஏனெனில",0,
21,ஒரு வார்த்தை என்னும் தலைப்பின் ஆசிரியர் ?,unknown || 11 || உங்களுக்குத் தெரியுமா?,உங்களுக்குத் தெரியுமா?,வழிப்போக்கன்,"உங்களுக்குத் தெரியுமா? -- வழிப்போக்கன். காதல் கமிஷன்







நம்ம சர்க்கார் மிகவும் சுறு சுறுப்புள்ள சர்க்கார் என்று தான் சொல்ல வேண்டும். எந்தக் காரியமானலும் சரி. உடனே ஜரூர் நடவடிக்கை எடுக்காமல் இருக்க",0,
21,ஒரு வார்த்தை என்னும் தலைப்பின் ஆசிரியர் ?,unknown || 7 || யாருக்குச் சுதந்திரம்,யாருக்குச் சுதந்திரம்,சாமி பழனியப்பன்,"யாருக்குச் சுதந்திரம்? சாமி பழனியப்பன்



சாதி மதமென்ற போதையிலே -மக்கள்

தட்டுத் தடுமாறி மாய்கையிலே

நீதி முறையற்ற தன்மையிலே-இங்கு

நெருங்கும் சுதந்தரம் யாருக்கடா

இந்தச் சுதந்தரம் நம்மவர்க்கா - நம்மை",0,
21,ஒரு வார்த்தை என்னும் தலைப்பின் ஆசிரியர் ?,unknown || 7 || இலக்கியத் தென்றல்!,இலக்கியத் தென்றல்!,NA,"இலக்கியத் தென்றல்! வாழ்க்கைப் புயல்

ஆசிரியர் : சு புதுமைப் பிரசுரம் பெண்ணாடம். 1-0-0

ஹார்டி, ஹ்யூகோ போன்ற அயல் நாட்டு ஆசிரியர்கள் கிராமியச் சூழ்நிலையில் படைத்த நாவல்கள் தாமே அவர்களது பெயர்களை இலக்க",0,
21,ஒரு வார்த்தை என்னும் தலைப்பின் ஆசிரியர் ?,unknown || 3 || இலக்கிய விமரிசகர்கள்,இலக்கிய விமரிசகர்கள்,மு.அண்ணாமலை,"இலக்கிய விமரிசகர்கள்

செத்த பிணம்போல் கிடக்காமல் ஏதோ கலகலப்புடன் சண்டையும் வம்புமாக இருந்தால் தான் அறிவு விரிய இடம் உண்டாகும்



ரஷ்யக் கவிதைகளைப் படித்தேன். அதில் குறிப்பிடத்தக்க ஒரு வசன கவிதை இருந்",0,
21,ஒரு வார்த்தை என்னும் தலைப்பின் ஆசிரியர் ?,unknown || பொங்கல் மலர் || போர் முடிந்ததா?,போர் முடிந்ததா?,மு.வரதராசன்,"போர் முடிந்ததா 

                                                            		 	மு. வரதராசன் 



உயர்நிலைப்பள்ளியில் ஆங்கில - ஆசிரியர் வேலைக்கு ஒருவர் வேண்டும் என்றால், உடனே பி. அல்லது எம். ஆசிரியப் ",0,
21,ஒரு வார்த்தை என்னும் தலைப்பின் ஆசிரியர் ?,unknown || 8 || இலக்கியத்தில் காதல்,இலக்கியத்தில் காதல்,அகிலன்,"இலக்கியத்தில் காதல்

அகிலன்

மறுமலர்ச்சி பெற்று சிறுகதை, நாவல், கவிதை, நாடகம் இவற்றின் வாயிலாக இன்று வளர்ந்து வரும் தமிழ், காதல் கலப்பில்லாதிருந்தால் இவ்வளவு தூரம் வளர்ந்திருக்காது; இனியும் வளராது. உ",0,
21,ஒரு வார்த்தை என்னும் தலைப்பின் ஆசிரியர் ?,unknown || 22 || வளரும் இலக்கியம்,வளரும் இலக்கியம்,NA,"வளரும் இலக்கியம்



திருக்குறள் நாட்குறிப்பு

சைவசித்தாந்த நூற்பதிப்புக் கழகத்தார் வெளியிட்ட 1950-ஆம் ஆண்டு திருக்குறள் நாட்குறிப்புக் கிடைக்கப் பெற்றோம். இந்து, கிறித்தவ, முகம் மதிய சமயங்களின் திருநா",0,
21,ஒரு வார்த்தை என்னும் தலைப்பின் ஆசிரியர் ?,unknown || 7 || வளரும் இலக்கியம்,வளரும் இலக்கியம்,அரசன்,"வளரும் இலக்கியம்



வர்ணாஸ்ரமம் ***

குமரிக்கோட்டம் ***

இவையிரண்டும் திருச்சி திராவிடப்பண்ணை வெளியீடுகள். ஆசிரியர் C. அண்ணாத்துரை M. விலை முறையே ரூ. க்கும் வர்ணாஸ்ரமம் - ஸர் ஆர். சண்முகம் அவர்களுக்",0,
21,ஒரு வார்த்தை என்னும் தலைப்பின் ஆசிரியர் ?,unknown || 11 || ஏன் இந்த வாழ்வு?,ஏன் இந்த வாழ்வு?,திருச்சி வீ.முனிசாமி,"ஏன் இந்த வாழ்வு? திருச்சி வீ. முனிசாமி



இது திருவள்ளுவரின் கேள்வி. இரண்டாயிரம் ஆண்டுகளுக்கு முன்பு தமிழ் மக்களிடையே தோன்றி வாழ்ந்த ஒரு தமிழறிஞரின் கேள்வி உள்ளம் வெதும்பி, புழுங்கி வெறுப்படைந்த தமிழ",0,
21,ஒரு வார்த்தை என்னும் தலைப்பின் ஆசிரியர் ?,unknown || 16 || புதுக்கோட்டை மாவட்டம்,புதுக்கோட்டை மாவட்டம்,NA,"புதுக்கோட்டை மாவட்டம்



புதுக்கோட்டை இந்திய யூனியனில் இணைந்ததை நாம் வரவேற்றோம்; புதுக்கோட்டை மக்களுக்கு இணைப்பினால் நன்மை கிட்டும் என்றும் எழுதியிருந்தோம். ஆனால் நடைபெறுகிற இணைப்புத் திட்டம் புதுக்க",0,
21,ஒரு வார்த்தை என்னும் தலைப்பின் ஆசிரியர் ?,unknown || 11 || வளரும் இலக்கியம்,வளரும் இலக்கியம்,நா. வேத்தரசன்,"வளரும் இலக்கியம்



போதும் முதலாளித்வம் ***

 	தமிழ் நாட்டில் பொதுவுடைமைக் கருத்துக்கள் இன்னும் சரியாக விளக்கப்படவில்லை. பொதுவுடைமை பற்றிப் பேசும் கட்சிகளும் சரி, பத்திரிக்கைகளும் சரி முதலாளிகளை முழு ",0,
21,ஒரு வார்த்தை என்னும் தலைப்பின் ஆசிரியர் ?,unknown || 12 || போராட்டச் செய்தி நாட்குறிப்பு,போராட்டச் செய்தி நாட்குறிப்பு,NA,போராட்டச் செய்தி நாட்குறிப்பு. 1948 செப்டம்பர் 11  21-வது நாள் மறியல். ஐந்து மறியல் தொண்டர்கள் கைது. நேற்றுக் கைது செய்யப்பட்ட 11 பேருக்கு சிறைவாசம். சேலத்தில் இந்தி மந்திரி அவினாசிலிங்கத்திற்குக் கரு,0,
21,ஒரு வார்த்தை என்னும் தலைப்பின் ஆசிரியர் ?,unknown || 16 || உயிர்க்காதல்,உயிர்க்காதல்,உதயம்,"உயிர்க் காதல்

                உதயம்

 	'ராபர்ட் கிரீன் இங்கர்சாலை'ச் சற்று நேரம் மூடி வைத்தேன். சற்று நேரம் நிம்மதியாக நாலு ஆட்டம் சீட்டு விளையாடி வரலாம் என்று எண்ணிக் கிளம்பினேன். என்னையறியாமலே சற்",0,
22,யாருக்கு உங்கள் வாக்கு என்னும் தலைப்பின் சுருக்கம்?,unknown || 9 || யாருக்கு உங்கள் வாக்கு?,யாருக்கு உங்கள் வாக்கு?,NA,"யாருக்கு உங்கள் வாக்கு? தேர்தல் வருகிறது. கட்சிகள் கச்சை கட்டுகின்றன. தனிப்பட்ட நபர்கள் ‘எந்தக் கட்சி நல்லது? ' என்று இடந்தேடும் படலத்தில் இறங்கியிருக்கிறார்கள். கட்சிகளோ, எவரெவரை எங்கெங்கே நிறுத்தினா",3,
22,யாருக்கு உங்கள் வாக்கு என்னும் தலைப்பின் சுருக்கம்?,unknown || 16 || ஒருவரை ஒருவர் தேடி!,ஒருவரை ஒருவர் தேடி!,நா.பாண்டுரங்கன்,"ஒருவரை ஒருவர் தேடி….! பாண்டுரங்கனன்

நிலவொளியில் நின்று கொண்டிருந்த நீள்விழியாளைப் பார்த்தான் கண்ணன்! பூவையின் முகத்தில் புன்னகை. பயம், நாணம், பயம், இரக்கம் ஒன்றுமாறி ஒன்று - உணர்ச்சிகள் அவனிடம் கொந்த",0,
22,யாருக்கு உங்கள் வாக்கு என்னும் தலைப்பின் சுருக்கம்?,unknown || 10 || யாருக்கு உங்கள் வாக்கு?,யாருக்கு உங்கள் வாக்கு?,NA,"யாருக்கு உங்கள் வாக்கு? *** தேர்தலில் நிற்கவிரும்பும் நண்பரே, கேளும்! குளம் தொட்டு வளம் பெருக்கியும் காடு கொன்று நாடாக்கியும் மாட்சியுடன் ஆட்சி செலுத்திய கரிகால் வளவனைப்பற்றி நீர் அறிவீரா? பண்டு சிறந்",2,
22,யாருக்கு உங்கள் வாக்கு என்னும் தலைப்பின் சுருக்கம்?,unknown || 9 || நல்ல மருந்து,நல்ல மருந்து,பக்தவத்சலம்,"நல்ல மருந்து

படிக்கும்போது மாத்திரம் சுவையளித்துப் பிறகு மனதிலிருந்து மறைந்துவிடுகின்ற கதைகள் எத்தனையோ வெளிவருகின்றன. ஆனால் புதுமைப்பித்தனின் கதைகள் அத்தகையவையல்ல. அவை சிரஞ்சீவியானவை. தனி மனிதரின் ந",0,
22,யாருக்கு உங்கள் வாக்கு என்னும் தலைப்பின் சுருக்கம்?,unknown || 8 || காதலர் உள்ளம்,காதலர் உள்ளம்,டி.எம்.வாசுதேவன்,"காதலர் உள்ளம்

டி. வாசுதேவன்

கல்லூரியிலிருந்து அப்போதுதான் வீடு திரும்பினாள் பத்மா. முகம் கழுவி பவுடர் பூசிக்கொண்டு முன்னறைக்கு வந்தாள். அம்மா கொடுத்த காபியை பருகிவிட்டு ஒரு புத்தகத்துடன் தன் அறைக்க",0,
22,யாருக்கு உங்கள் வாக்கு என்னும் தலைப்பின் சுருக்கம்?,unknown || 11 || யாருக்கு உங்கள் வாக்கு?,யாருக்கு உங்கள் வாக்கு?,NA,"யாருக்கு உங்கள் வாக்கு? அலைந்து, வரிசையில் ஊர்ந்து பெறும் ரேஷனை உண்ணும்பொழுது, கடை கடையாய்த் திரிந்து கள்ள விலைக்குத் துணிவாங்க நேரும் பொழுது, முன்னைக்காட்டிலும் இருமடங்கு செலவிட்டு மூச்சடக்கி நின்று ",2,
22,யாருக்கு உங்கள் வாக்கு என்னும் தலைப்பின் சுருக்கம்?,unknown || 2 || உயிர்த்துடிப்பு,உயிர்த்துடிப்பு,வேலை-வில்லவன்,"உயிர்த்துடிப்பு



வேலை - வில்லவன்



அன்புள்ள வாசகர்களே,

இது கதையல்ல, அறிக்கை ஆமாம். அறிக்கைதான் அறிக்கை என்றவுடன் இதைப் படிக்காமல் விட்டுவிடுகிறீர்களா? வேண்டாம், வேண்டாம். இதைக் கதையாக வேண்டுமானால",0,
22,யாருக்கு உங்கள் வாக்கு என்னும் தலைப்பின் சுருக்கம்?,unknown || 15 || யாருக்கு உங்கள் வாக்கு?,யாருக்கு உங்கள் வாக்கு?,NA,"யாருக்கு உங்கள் வாக்கு? ***எவர் ஒருவர் வள்ளுவர் வகுத்த செந்நெறியில் செல்கிறாரோ, ‘சாதி இரண்டொழியவேறில்லை' என்று சாதி வேற்றுமை களைய முற்படுகிறாரோ, ‘யாதும் ஊரே- யாவரும் கேளிர்' என்ற பெருநோக்குடன் நோக்குக",2,
22,யாருக்கு உங்கள் வாக்கு என்னும் தலைப்பின் சுருக்கம்?,unknown || 13 || யாருக்கு உங்கள் வாக்கு?,யாருக்கு உங்கள் வாக்கு?,NA,"யாருக்கு உங்கள் வாக்கு? **இல்லாமையால் இடருற்று வாடிடும் எண்ணற்ற ஏழைகளின் இரத்தக் கண்ணீர், துப்பாக்கி முனைக்கஞ்சித் துடிப்படக்கி வாழ்ந்திடும் தொழிலாளர் தம் துயரக்குரல், நேர்மையற்ற நிர்வாகத்தில் அவதியுற",2,
22,யாருக்கு உங்கள் வாக்கு என்னும் தலைப்பின் சுருக்கம்?,unknown || 16 || யாருக்கு உங்கள் வாக்கு?,யாருக்கு உங்கள் வாக்கு?,NA,"யாருக்கு உங்கள் வாக்கு? ***வரப்போகும் தேர்தல் ஒரு சீட்டாட்டத்தைப் போல! ""வெற்றியோ, தோல்வியோ நிச்சயம் ஒரு கட்சியினருக்கு உண்டு. ஒருவர் நிற்கும் கட்சியின் பெருமையைக் கேட்டு நான் ஓட்டளிக்கமாட்டேன். `மன்னர",2,
22,யாருக்கு உங்கள் வாக்கு என்னும் தலைப்பின் சுருக்கம்?,unknown || 4 || ஆடும் மாடும்,ஆடும் மாடும்,டி.கே.சீனிவாசன்,"ஆடும் மாடும்

டி. சீனிவாசன்

பதின்மூன்றாவது அத்தியாயம்

தவறான சேர்க்கைகளால் தகராறான விளைவுகளைக் காணும் ரசாயன மாணவனைப் போலானான் சோமு. அவன் வாழ்வில் ஏற்பட்ட அந்த இலை உதிர்காலம் சிறிதுகாலமாகவே அவன் எத",0,
22,யாருக்கு உங்கள் வாக்கு என்னும் தலைப்பின் சுருக்கம்?,unknown || 18 || தமிழ் மக்களுக்கு அழைப்பு,தமிழ் மக்களுக்கு அழைப்பு,NA,"தமிழ் மக்களுக்கு அழைப்பு



இந்தியத் துணைக் கண்டத்தில் வரப்போகும் இரண்டு மூன்று மாதங்களில் மாபெரும் பொதுத் தேர்தல் நிகழவிருக்கிறது. உலகிலேயே இதுவரை கண்டிராத புதுமை என்று கூறத்தக்க வகையில் பதினெட்டுக்",1,
22,யாருக்கு உங்கள் வாக்கு என்னும் தலைப்பின் சுருக்கம்?,unknown || 7 || விடுதலை,விடுதலை,புதுமைச்சித்தன்,"விடுதலை

புதுமைச்சித்தன்



""நீலா……. ""

மாடியிலிருந்த நீலா, கூக்குரல் கேட்டு இறங்கி ஓடி வந்தாள். அந்தக் குரல் கருணாகரனுடையதென்று, அவளுக்குத் தெரியாதா, என்ன? வீட்டு முற்றத்தில் மாடிப் படிக்குச் செல்",0,
22,யாருக்கு உங்கள் வாக்கு என்னும் தலைப்பின் சுருக்கம்?,unknown || 1 || ஒரு பரிசு,ஒரு பரிசு,NA,கற்பனையுள்ளம் படைத்த நண்பர்கள் நம்மிடையே பலர் இருக்கிறார்கள். அவர்கள் சிந்தனைக்கு வேலைதரும் நோக்கத்தில் ஒரு பரிசுத் திட்டத்தை இப்பொழுது அறிவிக்க விரும்புகிறோம். 'பொன்னி'க்கு ஆறாவது ஆண்டு தொடங்கியிருக்,0,
22,யாருக்கு உங்கள் வாக்கு என்னும் தலைப்பின் சுருக்கம்?,unknown || 12 || கண் திறக்குமா?,கண் திறக்குமா?,நக்கீரன்,"கண் திறக்குமா? நக்கீரன்





-----ஒன்பதாம் அத்தியாயம்-----

     சிவகுமார லீலை



அன்றிரவு ரயில் ஓடுவதாகவே எனக்குத் தோன்றவில்லை; நான்தான் பரிமளாவைப் பார்ப்பதற்காக விழுந்தடித்துக்கொண்டு ஓடுவதுபோல் எ",0,
23,தமிழ் விருந்து என்னும் தலைப்பின் கருத்துக்கள்,unknown || 7 || தமிழர் யார்?,தமிழர் யார்?,புத்தமணி,"தமிழர் யார்? “புத்தமணி”







பொன்னின் ஒளியோடு மெருகிட்ட பித்தளை மின்னிப் போட்டியிடுகிறது! நல்ல வயிரம் போல் தோற்றங் காட்டிப் போலிப் புதுவயிரம் ஏமாற்றுகிறது! பண்பட்ட பயிர்களுக்கு ஊடே பயனற்றகளை முளைக்க",0,
23,தமிழ் விருந்து என்னும் தலைப்பின் கருத்துக்கள்,unknown || 1 || பொது மேடை,பொது மேடை,NA,"பொது மேடை



சென்னை 14 - 18-1-48 

'பொன்னி'யைக் கண்டேன். பதினெட்டு வயது இளங்குமரியைப் போல் அழகாகவும் கவர்ச்சியாகவுமிருக்கிறாள். தொட்ட இடமெல்லாம் இனிக்கிறது. பொன்னி வளர்க, வாழ்க என வாழ்த்துகிறேன். -இரா",0,
23,தமிழ் விருந்து என்னும் தலைப்பின் கருத்துக்கள்,unknown || 20 || விருந்து,விருந்து,கலைவாணி,"விருந்து



கலைவாணி





வாழ்க்கை மனை விளக்கின் மங்காத ஒளி இல்லறம். கணவன்– மனைவியரின் மனைமாட்சியின் ஒளிச்சுடர் மக்கட் பேறு. இல்வாழ்க்கையில் மனைவி, மக்கள் சுற்றத்தாரோடும் அன்புடையராயிருந்து நடத்திக் கா",1,
23,தமிழ் விருந்து என்னும் தலைப்பின் கருத்துக்கள்,unknown || 7 || யாருக்குச் சுதந்திரம்,யாருக்குச் சுதந்திரம்,சாமி பழனியப்பன்,"யாருக்குச் சுதந்திரம்? சாமி பழனியப்பன்



சாதி மதமென்ற போதையிலே -மக்கள்

தட்டுத் தடுமாறி மாய்கையிலே

நீதி முறையற்ற தன்மையிலே-இங்கு

நெருங்கும் சுதந்தரம் யாருக்கடா

இந்தச் சுதந்தரம் நம்மவர்க்கா - நம்மை",0,
23,தமிழ் விருந்து என்னும் தலைப்பின் கருத்துக்கள்,unknown || 2 || தமிழ் விருந்து,தமிழ் விருந்து,தமிழ்த்தும்பி,"தமிழ் விருந்து



ஐந்தாவது ஆண்டு ஆரம்ப இதழ் கண்டு ஆனந்தம் கொண்டேன். அதேபோது கடந்த நான்கு ஆண்டுகளில் தமிழகத்தாருக்குப் 'பொன்னி' ஆற்றியிருக்கும் எண்ணற்ற அருஞ் செயல்கள் என் நினைவிற்கு வந்தன, மக்கள் மன்றத",2,
23,தமிழ் விருந்து என்னும் தலைப்பின் கருத்துக்கள்,unknown || 12 || வெறுங்கலாட்டா!,வெறுங்கலாட்டா!,NA,"வெறுங்கலாட்டா						…. 7



இனிதே! 11



காதலின் முடிவு						…. 14



ஒற்றை ரோஜா (தொடர்கதை).... 17



ஆஸ்கார் ஒயில்டு						…. 28



தம்பி (சிறுவர் தொடர்கதை).... 35



துறவு								…. 89



மனச்சாட்சி		",0,
23,தமிழ் விருந்து என்னும் தலைப்பின் கருத்துக்கள்,unknown || 1 || வள்ளுவர் விருந்து,வள்ளுவர் விருந்து,திருக்குறள் முனிசாமி,"வள்ளுவர் விருந்து

திருக்குறள் முனிசாமி 



1. பசந்தாள் இவள்! தாயைப் பிரிந்த குழந்தை அழுகிறது. அழத்தான் செய்யும். ஒன்றுமறியாத நெஞ்சம் வேறென்ன செய்யமுடியும்? அழுகிற குழந்தையை யாராவது குறைகூறுவதுண்டா? '",0,
23,தமிழ் விருந்து என்னும் தலைப்பின் கருத்துக்கள்,unknown || 12 || தமிழைக்காப்போம் இந்தியை எதிர்ப்போம்,தமிழைக்காப்போம் இந்தியை எதிர்ப்போம்,NA,"தமிழைக்காப்போம் இந்தியை எதிர்ப்போம்



தமிழுக்குத் தீங்கென்றால் சீறும் உள்ளத்தார் தமிழகத்தில் பல்லாயிரவர் என்ற உண்மை கடந்த ஆகஸ்டு முதல் நாளில் புலனாயிற்று. தமிழ்நாட்டு ரயில் நிலையங்களில் இந்தியில் பெய",0,
23,தமிழ் விருந்து என்னும் தலைப்பின் கருத்துக்கள்,unknown || 8 || முத்தமிழ் வளர்வது காணீர்!,முத்தமிழ் வளர்வது காணீர்!,NA,"முத்தமிழ் வளர்வது காணீர்! ”முத்தமிழ் வளர்ச்சி மாநாடு வருக” என அழைத்தது கோவை. தமிழகமே திரண்டு கூடிற்று அங்கு. அத்தனை மக்கட் பெருவெள்ளம். மே 27,28-ம் நாட்களில் கோவையில் கூடிய முத்தமிழ் வளர்ச்சி மாநாடு வ",0,
23,தமிழ் விருந்து என்னும் தலைப்பின் கருத்துக்கள்,unknown || 5 || வளரும் இலக்கியம்,வளரும் இலக்கியம்,அரசன்,"வளரும் இலக்கியம்



இன்பத் திராவிடம்

 	இன்பத் திராவிடம் கிடைத்தது. ""அதற்காகப் போராடிக் கொண்டிருக்கும் எங்களுக்குத் தெரியாமல் எப்படிக் கிடைத்தது, என்று கிடைத்தது? என்று கேள்விகளை அடுக்கிவிடாதீர்கள். ",0,
23,தமிழ் விருந்து என்னும் தலைப்பின் கருத்துக்கள்,unknown || 12 || காலமும் சுருத்தும்,காலமும் சுருத்தும்,NA,"காலமும் கருத்தும்



பொங்கல் விழா! விழாக்கொண்டாட வேண்டுமென்று யாரும் விரும்புவது இயற்கை. வீணரின் பேச்சை நம்பி, அவசியமும், காரணமுமின்றி விழாக்கள் நடைபெறுவதும் நம் நாட்டில் இயற்கையாகி விட்டது. ஏதோ கதை க",0,
23,தமிழ் விருந்து என்னும் தலைப்பின் கருத்துக்கள்,unknown || 14 || தமிழ் அறிவுக் களஞ்சியம்,தமிழ் அறிவுக் களஞ்சியம்,கா.அப்பாத்துரை,"தமிழ் அறிவுக் களஞ்சியம்



8. தனித்தமிழியக்கம்

தனித் தமிழியக்கத்தை ஆதரித்தும் எதிர்த்தும் பலர் எழுதியுள்ளனர். அது தமிழகத்தின் நாட்டு (தேசீய) இயக்கம் என்பது உணரப்பட்டால் யாரும் எதிர்க்க வேண்டியதேயிராத",0,
23,தமிழ் விருந்து என்னும் தலைப்பின் கருத்துக்கள்,unknown || 5 || பொது மேடை,பொது மேடை,NA,"பொது மேடை



தமிழ் உபாத்திமைச் சங்கம்

டர்பன் 9-3-49

   இலக்கியம், கலை, அரசியல், சமயம் ஆகிய எல்லாத் துறைகளிலும், சமுதாய நலமே ஒப்பற்ற நலமாகக் கொண்டும், சமுதாய உணர்வு கொண்டு மக்களும் நாடும் உயர்வுகொ",0,
23,தமிழ் விருந்து என்னும் தலைப்பின் கருத்துக்கள்,unknown || 21 || இலங்கை வேந்தர்,இலங்கை வேந்தர்,ச.மு.பிள்ளை,"இலங்கை வேந்தர்

     டர்பன் ச. பிள்ளை



இலங்கை நாடு இன்று தனிப்பட்ட ஒரு தீவாயிருக்கிறது. அதன் ஆட்சி வேறாக இருப்பதுடன், அதற்குரிய மக்களாகச் சிங்களவர்கள் இருந்து வருகின்றனர். இதற்குத் தமிழில் கடைச்சங",0,
23,தமிழ் விருந்து என்னும் தலைப்பின் கருத்துக்கள்,unknown || 1 || தமிழ் விருந்து,தமிழ் விருந்து,மு.அண்ணாமலை,"தமிழ் விருந்து

- மு. அண்ணாமலை

1. மருளும் மீன்

ஒரு பாணன் தன் யாழை மிழற்றி அழகான செந்தமிழ்ப் பாட்டொன்று பாடிக்கொண்டு வந்தான். வீட்டு வாயிற்படியில் நின்றுகொண்டிருந்த பெண் அந்த இசையின்பத்தைப் பருகிக",3,
23,தமிழ் விருந்து என்னும் தலைப்பின் கருத்துக்கள்,unknown || 18 || தமிழர் நெறி,தமிழர் நெறி,NA,"தமிழர் நெறி

தைப் பொங்கல் தொடங்கிய தமிழர் புத்தாண்டு நாட்டிற்கு நல்வாழ்வு விரைவில் தொடங்கும் என்பதற்கான அறிகுறிகளோடு பிறந்திருக்கிறது ஏழை மக்களும் பாட்டாளிகளும் நடுத்தரமக்களும் படும் துயரம் அளவற்ற தேன",0,
23,தமிழ் விருந்து என்னும் தலைப்பின் கருத்துக்கள்,unknown || 22 || காலமும் கருத்தும்,காலமும் கருத்தும்,NA,"காலமும் கருத்தும்



பொங்கல் விழா





சாதி சமய வேறுபாடின்றித் தமிழர்கள் கொண்டாடும் விழா பொங்கல் ஒன்றுதான். தமிழகத்தின் ’தேசீய விழா' வாகப் பொங்கல் சிறப்புற்று வருகிறது. தமிழ்த் திருநாள் நிகழ்ச்சிகள் ",0,
23,தமிழ் விருந்து என்னும் தலைப்பின் கருத்துக்கள்,unknown || 10 || முதல் அத்தியாயம்,முதல் அத்தியாயம்,NA,"முதல் அத்தியாயம்

மொழிப்போரில் முதல் அத்தியாயம் முடிவுற்றது! ஆகஸ்டு பத்தில் மறியல் தொடங்கிற்று! நாடெங்கும் ஊர்வலங்கள், பொதுக்கூட்டங்கள் நடைபெற்றன. சென்னை நகரில் இடைவிடாது தலைவரும் தளபதியும் ஏனைய தோழர",0,
23,தமிழ் விருந்து என்னும் தலைப்பின் கருத்துக்கள்,unknown || 10 || தமிழ் விருந்து,தமிழ் விருந்து,தமிழ்த்தும்பி,"தமிழ் விருந்து

""தமிழ்த்தும்பி""

7. கண்களின் தவறு



இனிய தமிழ்ப்பாடலின் இன்னிசை காற்றிலே மிதந்து வந்து கதவைத் தட்டியது. மூடியிருந்த கதவு திறக்கப்பட்டது. வீட்டிலிருந்து பளபளக்கும் நீள்விழியாள் ஒருத",2,
23,தமிழ் விருந்து என்னும் தலைப்பின் கருத்துக்கள்,unknown || 10 || தமிழ்க் கனவு,தமிழ்க் கனவு,தியாகி,"தமிழ்க் கனவு

-தியாகி

அன்றொருநாள் அந்திப் போதினிலே

அலைகடல் கரைதனில் அமர்ந்திருந்தேன்

பொன்னின்எழில் பெற்ற பெண்ணொருத்தி

புன்னகையோ(டு) என்முன் னேநின்றான். ""மைந்தனே, நீயின்று பாடிவந்த

மாங்கனிப் ",0,
24,பொன்னியில் உள்ள மொத்த அட்டைப்பட கதைகள் யாவை?,unknown || 18 || தமிழர் நெறி,தமிழர் நெறி,NA,"தமிழர் நெறி

தைப் பொங்கல் தொடங்கிய தமிழர் புத்தாண்டு நாட்டிற்கு நல்வாழ்வு விரைவில் தொடங்கும் என்பதற்கான அறிகுறிகளோடு பிறந்திருக்கிறது ஏழை மக்களும் பாட்டாளிகளும் நடுத்தரமக்களும் படும் துயரம் அளவற்ற தேன",0,
24,பொன்னியில் உள்ள மொத்த அட்டைப்பட கதைகள் யாவை?,unknown || 14 || ஆசிரியர் வெங்கு,ஆசிரியர் வெங்கு,மு.செங்கல்வராயன்,"ஆசிரியர் ‘வெங்கு’

மு. செங்கல்வராயன்



அவன் கண்ட செல்வம் ஒரே குழந்தை. அது மடிந்துவிட்டது. அன்று முதல் இன்று வரை அவன் ஒரு பைத்தியக்காரன்- அப்படித்தானே ஊரார் சொல்லி வருகிறார்கள் - சொல்லுகிறார்கள்! அட ப",0,
24,பொன்னியில் உள்ள மொத்த அட்டைப்பட கதைகள் யாவை?,unknown || 12 || இலங்கைத் திருமுகம்,இலங்கைத் திருமுகம்,துரைசாமி,"இலங்கைத் திருமுகம்                   துரைசாமி                                            16

கள்வனா? பூபதி                                           17

நம் கருத்து                                  ",0,
24,பொன்னியில் உள்ள மொத்த அட்டைப்பட கதைகள் யாவை?,unknown || 18 || காதல் ஒரு ஆராய்ச்சி,காதல் ஒரு ஆராய்ச்சி,தமிழ்மணி,"ஒரு ஆராய்ச்சி

-தமிழ்மணி



காதல் — ஆராய்ச்சியாளர்களுக்குச் சோர்வை யூட்டும் ஒரு சிறிய சொல். சிறுகதைப் பிரம்மாக்களுக்குத் தலை கனக்கச் செய்யும் நூலேணி தான் காதல்கற்பனை. காண்டேகர் கண்ட கருகிய மொட்டு,",0,
24,பொன்னியில் உள்ள மொத்த அட்டைப்பட கதைகள் யாவை?,unknown || 1 || மலர் மணம்,மலர் மணம்,NA,"மலர் மணம்

அழகான மலர்

பொன்னி பொங்கல் மலர் அழகாக மலர்ந்திருக்கின்றது. மட்டற்ற மகிழ்ச்சி. அரியரத்தினம். ஆசிரியர் : `ஈழகேசரி'

சுன்னாகம்

★★★

மலர்ச்சோலையில்...! பொன்னி பொங்கல் மலர்ச் சோலையில் சித்",0,
24,பொன்னியில் உள்ள மொத்த அட்டைப்பட கதைகள் யாவை?,unknown || 7 || உதகையிலே!,உதகையிலே!,பிலோ இருதயநாத்,"பிலோ இருதயநாத்

நீலகிரியில் வாழும் நம் பூர்வீகக் குடிகளாகிய 'தொதவர்'களைக் காணவேண்டுமென்று அண்மையில் நான் உதகைக்குச் சென்றேன். தொதவர்கள் வசிக்கும் இடங்களுக்கு 'மந்து' என்று பெயர். இங்குள்ள கோத்தர்கள், ",0,
24,பொன்னியில் உள்ள மொத்த அட்டைப்பட கதைகள் யாவை?,unknown || 7 || உள்களுக்குப் பரிசு!,உள்களுக்குப் பரிசு!,NA,"உள்களுக்குப் பரிசு! …	3

யாரோ அவன்! …	4

ஒரே வழி 						…	5

இரண்டு காட்சிகள் 				…	8

இலக்கியத்தென்றல் 				…	12

பொழுதுபோக்கு 					…	15

யாரோ! …	17

முக்கோணம் 					…	26

உதகையிலே! …	36

காப்பிக் கொட்ட",1,
24,பொன்னியில் உள்ள மொத்த அட்டைப்பட கதைகள் யாவை?,unknown || 6 || நமது மருத்துவர்,நமது மருத்துவர்,வெங்கடப்பா,"நமது மருத்துவர்

G. வெங்கடப்பா M. வினா: மருத்துவரே, 15 வயதுள்ள என் நண்பர் ஒருவருக்கு உடல் முழுவதும் முடி வளர்ந்து, அழகைக் கெடுத்து துன்பம் கொடுக்கிறது. இதை நீக்க என்ன மருந்து உபயோகிக்க வேண்டும்? சந்த",0,
24,பொன்னியில் உள்ள மொத்த அட்டைப்பட கதைகள் யாவை?,unknown || 1 || ஜப்பானிலே!,ஜப்பானிலே!,வீர.பழனியப்பன்,"பிள்ளையோ பிள்ளை





காங்கிரஸ் ஆட்சியில் தமிழ் நாட்டிலே பிள்ளைகள் விலைபேசப்படும் கதையைப் பார்த்தோம். தஞ்சை விவசாயிகளின் குழந்தைகளும், கோவை சேலம் நெசவாளிகளின் குழந்தைகளும் நாலணா எட்டணா என்று விலை கூறப்",0,
24,பொன்னியில் உள்ள மொத்த அட்டைப்பட கதைகள் யாவை?,unknown || 9 || மதம் அவசியமா?,மதம் அவசியமா?,க.அன்பழகன்,"மதம் அவசியமா? அன்பழகன்



'மதம் அவசியமா? ' என்ற கேள்வி இன்று வெளிப்படையாகக் கேட்கப்படுகிறது. இக்கேள்வி மக்கள் மனதிலே தோன்றத் தொடங்கியதே ஒன்றிரண்டு நூற்றாண்டுகளாகத்தான். அதற்கு முன்பெல்லாம் இக்கேள்விக்",0,
24,பொன்னியில் உள்ள மொத்த அட்டைப்பட கதைகள் யாவை?,unknown || 21 || பொதுமேடை,பொதுமேடை,NA,"பொதுமேடை….. போத்தனூர்

 1-12-49

 வரிக்காக மதுவிலக்கா? மதுவிலக்கு வெற்றியளிக்கவில்லை என்பது மாநில மக்களும், நாடாளும் அமைச்சர்களும் நன்கறிந்ததொன்றாகும். அதைக் குறித்து முதலமைச்சர் முதல் கடைசிக் கதர்க",0,
24,பொன்னியில் உள்ள மொத்த அட்டைப்பட கதைகள் யாவை?,unknown || 12 || நாவலாசிரியர் தாமஸ் ஹார்டி,நாவலாசிரியர் தாமஸ் ஹார்டி,மு. அண்ணாமலை,"நாவலாசிரியர் தாமஸ் ஹார்டி

மு. அண்ணாமலை

1

மேல்நாட்டிலே சில இடங்களில் பெண்களுக்கெனத் தனி நூல்நிலையங்களும் குழந்தைகளுக்கெனத் தனி நூல்நிலையங்களும் இருக்கின்றன. பெண்பாலர்க்குரிய நூல்நிலையமொன்றில் ஓர்",0,
24,பொன்னியில் உள்ள மொத்த அட்டைப்பட கதைகள் யாவை?,unknown || 17 || காலமும் கருத்தும்,காலமும் கருத்தும்,NA,"காலமும் கருத்தும்



அமெரிக்காவிற்கு நேரு

நம் முதலமைச்சர் 'நல்லெண்ணத் தூதுவராக' அமெரிக்கா சென்றுள்ளார். அமெரிக்கா, இந்திய முதல்வரை வரவேற்கப் பெரும் ஏற்பாடுகள் செய்திருக்கிறது. ஏறக்குறைய ஒரு மாதம் ந",0,
24,பொன்னியில் உள்ள மொத்த அட்டைப்பட கதைகள் யாவை?,unknown || 7 || தியாகியா?,தியாகியா?,எழிலன்,"எழிலன் 



அன்பிலார் நெஞ்சம் போல வானம் இருண்டிருந்தது. அந்த ஊரோ அதை விட இருண்டிருந்தது. இரவு மணி பத்து இருக்கும். புளியமரத்திலிருந்து ஆந்தை அலறிக் கொண்டிருந்தது. ஆங்காங்கே நாய்கள் குரைத்துக் கொண்டிருந",0,
24,பொன்னியில் உள்ள மொத்த அட்டைப்பட கதைகள் யாவை?,unknown || 1 || மாறுதல்,மாறுதல்,திருநாவுக்கரசன்,"மாறுதல்



சொ. திருநாவுக்கரசன்





எட்டடுக்கு மாளிகையிலே ஏற்ற வாழ்வு பெற்றிருக்கும் ஏகாம்பரர் வெளி உலகிற்கு ஏதும் தெரியாதவராக—கள்ளச் சந்தையை மறைக்கக் கடவுள் பக்தராகக் காட்சியளிப்பது—காரிய உலகவாதிகளை",0,
24,பொன்னியில் உள்ள மொத்த அட்டைப்பட கதைகள் யாவை?,unknown || பொங்கல் மலர் || இளைஞருக்கு,இளைஞருக்கு,இளவழகனார்,"இளைஞருக்கு

                                                     		  	இளவழகனார்

 

இளமை என்பது, மென்மை இனிமை வலிமை முதலிய நல்ல கருத்துக்களை நமக்கு நினைப்பூட்டுகின்றது. மென்மை இனிமை முதலிய நல்ல பண்பு",0,
24,பொன்னியில் உள்ள மொத்த அட்டைப்பட கதைகள் யாவை?,unknown || 9 || பொது மேடை,பொது மேடை,NA,"பொது மேடை

கரூர்

17-6-50

★

உற்பத்தி பெருகுமா? 'நாங்கள் கேர்தலிலே வெற்றி பெற்றால் தெருவெல்லாம் தேனும் பாலும வழிந்தோடும் நீங்கன் நடக்கும் பொழுது வேட்டியைத் தூக்கிப் பிடித்துக் கொண்டுதான் செல்லவேண்டும",0,
24,பொன்னியில் உள்ள மொத்த அட்டைப்பட கதைகள் யாவை?,unknown || 1 || துரோகி,துரோகி,தில்லை வில்லாளன்,"துரோகி

-தில்லை வில்லாளன்

பதின்மூன்றாம் அத்தியாயம்

வால்ஷும், ஸ்கிராப்டனும்

வெற்றி வீரர்கள் தான் வெள்ளையர்கள். ஆனால் சுபேதார் பெயரை நினைக்கும் பொழுதெல்லாம் நடுங்கினார். கிளைவ் நாளும் இதையே எண்ணி",0,
24,பொன்னியில் உள்ள மொத்த அட்டைப்பட கதைகள் யாவை?,unknown || 1 || குதிரைப் பந்தயம்,குதிரைப் பந்தயம்,சி.கன்னியப்பன்,"குதிரைப் பந்தயம்

சி. கன்னியப்பன்

தன் வருகையைக் கூட உணர்ந்து கொள்ளாது அப்படி அவர் லயித்திருக்கக் காரணம் என்ன என்று தன் மனத்தைக் கலக்கிக் கொள்ளவில்லை அவள். அதுதான் அவளுக்குத் தெரிந்த விஷயமாயிற்றே! மேஜ",0,
24,பொன்னியில் உள்ள மொத்த அட்டைப்பட கதைகள் யாவை?,unknown || 7 || பலி,பலி,பண்டரிநாதன்,"பலி

பண்டரிநாதன்



புத்தகக் கூண்டில் அடைபட்டிருந்தேன். காண்டேகரின் 'எரி நட்சத்திரம்' என்ற கதை. ஆசிரியர் அழைத்துச் சென்ற கற்பனை உலகில் உலாவினேன்; வார்த்தைகளுடன் ஓடினேன்; பக்கங்களுடன் பறந்தேன். வெளிய",0,
25,பொன்னியில் மங்கையின் படைப்புக்கள்,unknown || 9 || பொது மேடை,பொது மேடை,NA,"பொது மேடை

கரூர்

17-6-50

★

உற்பத்தி பெருகுமா? 'நாங்கள் கேர்தலிலே வெற்றி பெற்றால் தெருவெல்லாம் தேனும் பாலும வழிந்தோடும் நீங்கன் நடக்கும் பொழுது வேட்டியைத் தூக்கிப் பிடித்துக் கொண்டுதான் செல்லவேண்டும",0,
25,பொன்னியில் மங்கையின் படைப்புக்கள்,unknown || 19 || குழந்தை உள்ளம,குழந்தை உள்ளம,தே.நாராயணன்,"குழந்தை உள்ளம்

-தே. நாராயணன்



குக்கிராமமான மங்களபுரி இவ்வளவு தூரம் பிரசித்தமடைந்ததற்குக் காலஞ்சென்ற ஜெமீன்தார் பைரவமூர்த்தி ராஜாதான் காரணம். அவருக்கு நிறைய ஜனக்கட்டு உண்டு. எனவே, அத்தனை பேரும் அடை",0,
25,பொன்னியில் மங்கையின் படைப்புக்கள்,unknown || 1 || இன்று...,இன்று...,NA,பொன்னி உங்கள் பொன்மலர்க் கரங்களிலே; புதுமை எழிலொடு புன்னகை புரிகின்றாள். கையிலேந்தியதும் மெய்யிலே ஒரு சிலுசிலுப்பு: கருத்திலே ஒரு புத்துணர்ச்சி; உள்ளத்திலே ஓர் உவகை; உதட்டிலே புன்னகை; இத்தனையும் ஏற்பட,0,
25,பொன்னியில் மங்கையின் படைப்புக்கள்,unknown || 2 || விநோத மண முறைகள்,விநோத மண முறைகள்,எஸ்.என்.கே.ராஜன்,"விநோத மண முறைகள்



எஸ். ராஜன்



தோடி:

நீலகிரி மலையின் மேல் வாழும் தோடி என்ற சாதியில் ஒரு வாலிபன் தனக்கு விருப்பமுள்ள ஒரு பெண் கிடைக்காமற் போனால் அவளை அடைந்தே தீர வேண்டும், அல்லது தற்கொலை செய்து கொ",0,
25,பொன்னியில் மங்கையின் படைப்புக்கள்,unknown || 1 || மலர் மணம்,மலர் மணம்,NA,"மலர் மணம்

அழகான மலர்

பொன்னி பொங்கல் மலர் அழகாக மலர்ந்திருக்கின்றது. மட்டற்ற மகிழ்ச்சி. அரியரத்தினம். ஆசிரியர் : `ஈழகேசரி'

சுன்னாகம்

★★★

மலர்ச்சோலையில்...! பொன்னி பொங்கல் மலர்ச் சோலையில் சித்",0,
25,பொன்னியில் மங்கையின் படைப்புக்கள்,unknown || 4 || நினைவின் விளைவிலே,நினைவின் விளைவிலே,எஸ்.ஆறுமுகம்,"நினைவின் விளைவிலே

எஸ். ஆறுமுகம்

”கொலையைப்பற்றி நீங்கள் சற்றுமுன் சொல்லிக் கொண்டிருந்தீர்களே, அது என்ன? ""  என்றாள் திருமதி செஸ்வார்டின், கையில் ஏந்திய உணவுத் தட்டுடன் ஓய்வறைக்குள் நுழைந்தபோது. ""அதை",0,
25,பொன்னியில் மங்கையின் படைப்புக்கள்,unknown || 4 || பொது மேடை,பொது மேடை,NA,"பொது மேடை

நாகபட்டணம் 14-3-49

தங்களின் பொன்னி இதழும். பரிசளிப்பு நூல்களும் கிடைக்கப் பெற்று மகிழ்ந்தேன். மாணவர் மன்றம் தோற்றுவித்து மாணவர்களாகிய எங்களை ஊக்குவிக்கும் தங்களுக்கு எனது நன்றி உரித் தாக",1,
25,பொன்னியில் மங்கையின் படைப்புக்கள்,unknown || 9 || கலையுலகம்,கலையுலகம்,கலைஞன்,"கலையுலகம்

சிட்டாடல் ஞானசௌந்தரி



மனம் வெம்பியுள்ள தமிழனுக்கு மகிழ்ச்சியூட்டும் ஒரு சில படங்களில் அண்மையில் வெளிவந்த சிட்டாடல் ஞானசெளந்தரியும் ஒன்று. ”ஞானசௌந்தரி "" கதையைத் தெரியாதவர்கள் தமிழ் நாட்டில",0,
25,பொன்னியில் மங்கையின் படைப்புக்கள்,unknown || 18 || பொது  மேடை,பொது  மேடை,NA,"வாசகர்களின் கருத்துரைகளை வெளியிடுவதற்கென்றே இப்பகுதி ஒவ்வொரு இதழிலும் இடம் பெறுகிறது. `பொன்'னியைப் பற்றி மட்டுமல்ல, உள்நாட்டு, வெளிநாட்டு நடப்புகளில் எதைப் பற்றியும் அன்பர்கள் தந்தம் எண்ணங்களை, எழுதிய",0,
25,பொன்னியில் மங்கையின் படைப்புக்கள்,unknown || 7 || யாருக்குச் சுதந்திரம்,யாருக்குச் சுதந்திரம்,சாமி பழனியப்பன்,"யாருக்குச் சுதந்திரம்? சாமி பழனியப்பன்



சாதி மதமென்ற போதையிலே -மக்கள்

தட்டுத் தடுமாறி மாய்கையிலே

நீதி முறையற்ற தன்மையிலே-இங்கு

நெருங்கும் சுதந்தரம் யாருக்கடா

இந்தச் சுதந்தரம் நம்மவர்க்கா - நம்மை",0,
25,பொன்னியில் மங்கையின் படைப்புக்கள்,unknown || 23 || பொது மேடை,பொது மேடை,NA,"பொது மேடை.. 'பொன்னி' தந்த மலர் பற்றி நமக்குக் கிடைத்து வரும் கருத்துரைகள் உண்மையிலேயே உற்சாகத்தை ஊட்டுவனவாய் அமைந்துள்ளன. சில கடிதங்களை மட்டும் வெளியிட்டுள்ளளோம். திருச்சி

25-1-50

முழு வெற்றி

பொ",0,
25,பொன்னியில் மங்கையின் படைப்புக்கள்,unknown || 7 || நாடகங்கள்,நாடகங்கள்,ரா.ஸ்ரீ.தேசிகன்,"நாடகங்கள்

உலகம் ஒரு நாடகசாலை என்பது யாவரும் அறிந்த விஷயம். அதில் நடிப்பவர்கள் நாம்தாம். ஆனால் இடையறாது நம் முன் நிகழ்கின்ற இந்நாடகத்தின் இயல்பை நாம் உற்று நோக்குவதில்லை. வாழ்க்கையின் தினசரி நாடகம் ஒர",0,
25,பொன்னியில் மங்கையின் படைப்புக்கள்,unknown || 2 || பொது மேடை,பொது மேடை,NA,"பொது மேடை



	சிதம்பரம் 16-2-49. 'பொன்னி' யின் பொங்கல் மலர் ஒரு தங்க மலர் - பகுத்தறிவு மணம் இருக்கிறது அதில்! பொன் மலர் நாற்றமுடைத்து…. என்று பாடியது இன்று உண்மையாகி விட்டது. கதைகளுக்கேற்ற பட அமைப்பு",0,
25,பொன்னியில் மங்கையின் படைப்புக்கள்,unknown || 14 || வழக்கறிஞர் பேசுகிறார்,வழக்கறிஞர் பேசுகிறார்,கோவை இளஞ்சேரன்,"வழக்கறிஞர் பேசுகிறார்

கோவை இளஞ்சேரன்



கோர்ட்டார் அறிவிப்பு:- கீழ்க்கோர்ட்டிலே தண்டனை பெற்ற குற்றவாளி அலமேலுவின் வழக்கு இன்று மேல் விசாரணைக்கு எடுக்கப்படுகிறது. சர்க்கார் வழக்கறிஞர்: ஏ. குன்னிராமன",0,
25,பொன்னியில் மங்கையின் படைப்புக்கள்,unknown || 14 || ஆசிரியர் வெங்கு,ஆசிரியர் வெங்கு,மு.செங்கல்வராயன்,"ஆசிரியர் ‘வெங்கு’

மு. செங்கல்வராயன்



அவன் கண்ட செல்வம் ஒரே குழந்தை. அது மடிந்துவிட்டது. அன்று முதல் இன்று வரை அவன் ஒரு பைத்தியக்காரன்- அப்படித்தானே ஊரார் சொல்லி வருகிறார்கள் - சொல்லுகிறார்கள்! அட ப",0,
25,பொன்னியில் மங்கையின் படைப்புக்கள்,unknown || 6 || சொல்லாராய்ச்சி அரங்கு,சொல்லாராய்ச்சி அரங்கு,கா.அப்பாத்துரை,"சொல்லாராய்ச்சி அரங்கு அப்பாத்துரை			           57

அனுபவம்                               ஜெகசிற்பியன் 			           60



மலர் 4]                            மே 10, 1950                    [இதழ் 6
",3,
25,பொன்னியில் மங்கையின் படைப்புக்கள்,unknown || 6 || பொதுமேடை,பொதுமேடை,NA,"பொதுமேடை                                                                                          27

வளரும் இலக்கியம்             தே. நாராயணன்                                 30

கலையும் ரசிகர்களும",3,
25,பொன்னியில் மங்கையின் படைப்புக்கள்,unknown || 6 || பரிசு பெற்ற பைத்தியம்,பரிசு பெற்ற பைத்தியம்,ராஜன்,"பரிசுபெற்றபைத்தியம்      ராஜன் 			                      52

தமிழர் இல்லம்                      மங்கை				           55

சொல்லாராய்ச்சி அரங்கு அப்பாத்துரை			           57

அனுபவம்                    ",3,
26,அணியணியாக வாரீர் என்னும் பாடலின் கருத்து என்ன,unknown || 16 || அணியணியாக வாரீர்!,அணியணியாக வாரீர்!,நாரா.நாச்சியப்பன்,"அணியணியாக வாரீர்! திராவிடத் தோழர்காள்! திராவிடத் தோழர்காள்! திராவிட முன்னேற்றக் கழகந் தன்னில்

பணிபல புரிய வாரீர் வாரீர்! அணியணி யாக வாரீர்! கொள்கை யொன்று கூறிப் பின்னதைத்

தள்ளி வைத்துத் தகாதென் போ",3,
26,அணியணியாக வாரீர் என்னும் பாடலின் கருத்து என்ன,unknown || 7 || உதவி ஆசிரியர்,உதவி ஆசிரியர்,கண்ணதாசன்,"உதவி ஆசிரியர்

கண்ணதாசன்

பழுப்பேறிப்போன ஒரு கதர் ஜிப்பா; அதைப் பிரதிபலிக்கும் ஒரு கதர் வேட்டி; அதன் நடுவே தையற்காரனின் கைவண்ணம். எண்ணெயுமில்லாமல்,  தண்ணீருமில்லாமல் 'பொல பொல' வென்று சீவிவிடப்பட்டிரு",0,
26,அணியணியாக வாரீர் என்னும் பாடலின் கருத்து என்ன,unknown || 20 || சிலப்பதிகாரக் காட்சிகள்,சிலப்பதிகாரக் காட்சிகள்,விசு.திருநாவுக்கரசு,"சிலப்பதிகாரக் காட்சிகள்

                                                வீசு. திருகாவுக்கரசு

20. பாடிமனையில் நிகழ்ந்த ஆடல்

 சேர வேந்தர் பாடிமனையில் அமளி மீது அமர அமைச்சரும் பிறரும் அமர்ந்தனர். ‘நில",0,
26,அணியணியாக வாரீர் என்னும் பாடலின் கருத்து என்ன,unknown || 14 || தம்பி,தம்பி,தங்கமணி,"தம்பி

தங்கமணி

ஏழாம் அத்தியாயம்



சைரந்திரிபுரத்தைச் சார்ந்த சந்தனக்கல் மண்டபத்திற்கு வெகு தூரத்திலே ஒரு சுடுகாடு. அந்தப் பயங்கரச் சுடுகாட்டிலே வழி தவறிய ஓர் உருவம், பிணமேடுகளின் மீது தட்டுத் தடும",0,
26,அணியணியாக வாரீர் என்னும் பாடலின் கருத்து என்ன,unknown || 20 || துரோகி,துரோகி,தில்லை வில்லாளன்,"துரோகி

 - தில்லை வில்லாளன்

 மூன்றாம்பாகம்

 முதல் அத்தியாயம்

தெற்கே! இடம் சென்னை செயிண்ட் ஜார்ஜ்கோட்டை! அந்த வானளாவும் மண்டபத்தினுள் குழப்பம். வெள்ளை வியாபாரத் தலைவர்களிடம் பரபரப்பு. வருணிக்க முடி",0,
26,அணியணியாக வாரீர் என்னும் பாடலின் கருத்து என்ன,unknown || 10 || இரண்டு ரோஜாக்கள்,இரண்டு ரோஜாக்கள்,நா.பாண்டுரங்கன்,"இரண்டு ரோஜாக்கள்!! பாண்டுரங்கன்

பூக்கடைக்குப் பக்கத்தில் ஒரு பூக்கூடை! பூக்கூடையும் ஒரு பூக்கடை தான். இரண்டு பூக்கடைகள்! முன்னதில் நிஜப்பூக்கள் குவிந்து கிடந்தன. பின்னதில் மெய்போல் தோற்றும் பொய்ப் ப",0,
26,அணியணியாக வாரீர் என்னும் பாடலின் கருத்து என்ன,unknown || 13 || இலக்கியத்தில் காதல்,இலக்கியத்தில் காதல்,மு.அண்ணாமலை,"இலக்கியத்தில் காதல் 

மு. அண்ணாமலை 



அந்தக் காலத்தில் ஒரு அரசனைப் பற்றியோ, அன்றி உயர் குடித்தோன்றலைப் பற்றியோ எழுதுவது தான் இலக்கியம் என்று நினைத்தார்கள். ஏழை எளியவர்களிடம் காதல் உண்டான கதையைப் பற்ற",0,
26,அணியணியாக வாரீர் என்னும் பாடலின் கருத்து என்ன,unknown || 12 || வளரும் இலக்கியம்,வளரும் இலக்கியம்,NA,"வளரும் இலக்கியம்



பாரதிதாசன்   கவிதைகள்

கவியரசர் பாரதிதாசனார் தனித்தனியே பத்திரிகைகளில் எழுதிய கவிதைகளையெல்லாம் தொகுத்து இரண்டாம் பகுதியாக வெளியிட்டிருக்கிறார்கள். வானொலியிற் பாடிய இரண்டு பாடல்களும",1,
26,அணியணியாக வாரீர் என்னும் பாடலின் கருத்து என்ன,unknown || 16 || தமிழ் விருந்து,தமிழ் விருந்து,தமிழ்த்தும்பி,"தமிழ் விருந்து



தமிழ்த்தும்பி



10. மலைநாட்டுத் தேர்தல்



பகற்பொழுதின் பிரகாசமான பொன்னொளி மறைந்து மாலை மஞ்சள் வெயில் வானத்தில் தவழ்ந்தது. ஒளிப்பிழம்பான கதிரோன் மேற்குத் திசை மலைக்குப் பின் தன் ",0,
26,அணியணியாக வாரீர் என்னும் பாடலின் கருத்து என்ன,unknown || 1 || எரிமலை தணிந்தது,எரிமலை தணிந்தது,மு.அண்ணாமலை,"எரிமலை தணிந்தது. அண்ணாமலை



உலகத்தின் தொடர்பில்லை; துறவியவ னில்லை

உதிர்க்கின்றான் கண்ணீரே; உளம்நைந்த தில்லை! கலகலென நகைக்கின்றான்; களிப்புமிக வில்லை! கந்தையினைக் கட்டுகின்றான்; வறுமைவர வில்லை! சலசல",0,
26,அணியணியாக வாரீர் என்னும் பாடலின் கருத்து என்ன,unknown || 9 || பெண்கள் முன்னேற்றம்,பெண்கள் முன்னேற்றம்,மங்கை,"பெண்கள் முன்னேற்றம்

மங்கை

5

மறுநாள் - அன்று சரசா உற்சாகமாக இருந்தாள். குழந்தைகள் பள்ளிக்கூடத்திற்குச் சென்றதும், கூடத்தில் ஒரு நாற்காலியிலமர்ந்து ஏதோ தைத்துக் கொண்டிருந்த அவளது மனம் முந்திய நாள்",0,
26,அணியணியாக வாரீர் என்னும் பாடலின் கருத்து என்ன,unknown || 9 || வேனிற்காலத்திற்கு!,வேனிற்காலத்திற்கு!,"[""வாணிதாசன்]""","வேனிற்காலத்திற்கு

வாணிதாசன்





கருகித் தீய்ந்து, கடுங்குளிர் மழையால் வேதனைப்பட்டு, பனியால் சோர்ந்து படுத்துறங்கிக் கொண்டிருந்த பூமி விழித்துக் கொண்டது. வேனிற்காலத்தின் குழந்தைப் பருவம்! எங்கும் ஒர",0,
26,அணியணியாக வாரீர் என்னும் பாடலின் கருத்து என்ன,unknown || 5 || கலை உலகம்,கலை உலகம்,புத்தநேரி ரா. நடராசன்,"கலை உலகம்

பில்ஹணன்



தமிழ்ப் படங்கள் இனி உருப்படவே செய்யாது என்ற நிலை உறுதிபெறும் வகையில் புராணக் குப்பைகளையும், அர்த்த மற்ற ஆபாசக்காட்சிகளையுமே அணிகலன்களாகக் கொண்டு வெளிவந்து கொண்டிருந்த தமிழ்ப் பட",0,
26,அணியணியாக வாரீர் என்னும் பாடலின் கருத்து என்ன,unknown || 3 || புரட்சிக்கவிஞர் விழா,புரட்சிக்கவிஞர் விழா,NA,"புரட்சிக்கவிஞர் விழா 



சென்ற ஏப்ரல் 29 புரட்சிக்கவிஞர் பாரதிதாசனாரின் 64-வது பிறந்த நாளாகும். தன்மான இயக்கம் தமிழர்க்குத் தந்த பெருஞ்செல்வமாக விளங்கி, எண்ணற்ற இளைஞர்களைக் கவிதைத் துறையில் ஊக்கும் கவ",1,
26,அணியணியாக வாரீர் என்னும் பாடலின் கருத்து என்ன,unknown || 14 || வடமொழி இலக்கியம்,வடமொழி இலக்கியம்,கா.அப்பரத்துரை,"வடமொழி இலக்கியம்

  அறிஞர். அப்பரத்துரை



வடமொழியின் தனிச் சிறப்புகள்

வழக்காறற்ற உயர்தனிச் செம்மொழிகளிடையே வடமொழி உலகின் முதன்மையான மூன்று மொழிகளுள் ஒன்றாய் ஒளி பெறுகின்றது. அதனோடொத்த மற்ற இருமொழிக",0,
26,அணியணியாக வாரீர் என்னும் பாடலின் கருத்து என்ன,unknown || 3 || கற்றதனலாய பயன்,கற்றதனலாய பயன்,வாழ்நன்,"கற்றதனலாய பயன்



‘வாழ்நன் '





வையத்துள் வாழ்வாங்கு வாழ விழையும் மக்களினம் கல்வியைக் கற்றலிலே இற்றை ஞான்று கருத்தூன்றி வருதல் கவனிக்கற்பாலது. ஆதலின் கல்வி என்றால் என்ன? கல்வியின் குறிக்கோள் யாது",0,
26,அணியணியாக வாரீர் என்னும் பாடலின் கருத்து என்ன,unknown || 1 || கன்னட இலக்கியம்,கன்னட இலக்கியம்,கா.அப்பாத்துரை,"கன்னட இலக்கியம் 

கா. அப்பாத்துரை



   				1’முன்னுரை 

இந்திய மொழிகளுள் தமிழுக்கும் வடமொழிக்கும் அடுத்தபடி பழமை வாய்ந்த இலக்கிய முடையது கன்னடமே. கன்னடம் திராவிட மொழிக் குழுவைச் சேர்ந்தது. பண்பட்ட தி",0,
26,அணியணியாக வாரீர் என்னும் பாடலின் கருத்து என்ன,unknown || 1 || தியாகம் ?,தியாகம் ?,நா.பாண்டுரங்கன்,"பாண்டுரங்கன் 



பட்டுவின் முதுகில் பளிர் பளிரெனத் தட்டினார் பரமசிவம். பட்டு, விரித்திருந்த படுக்கையில் போய் விழுந்தாள். அக்காட்சியைக் காணச் சகிக்க வில்லை அவருக்கு. அறையை விட்டு வெளியே வந்தார். ஆம், அ",0,
26,அணியணியாக வாரீர் என்னும் பாடலின் கருத்து என்ன,unknown || 11 || கலையுலகம்,கலையுலகம்,சி. கே. ராதாகிருஷ்ணன்,"கலையுலகம்





மதுவிது என்ற மலையாளப் படம் மலையாளிகளின் திருநாளான ஓணத்தன்று திரையிடப்படுமாம். பட்சிராஜா ஸ்டுடியோஸார் தயாரிக்கும் இப்படத்தில் லலிதா பத்மினி சகோதரிகள் முக்கிய பாத்திரங்களில் நடிக்கிறார்கள",0,
27,பாரதிதாசன் எழுதிய மயக்கமுற்றேன் என்னும் தலைப்பில் உள்ள கருத்து யாது?,unknown || 2 || பாரதிதாசன் பரம்பரை,பாரதிதாசன் பரம்பரை,கே. டி.தேவர்,"பாரதிதாசன் பரம்பரை



	[தோழர் எம். மணி திருக்கழுக்குன்றம் ""கெளமாரமடத்தில்"" கல்வி பயின்று வருகிறார். மயக்கமுற்றேன் அவருடைய பாடல், பல இதழ்களிலும் அவர்தம் பாடல்கள் வருகின்றன—ஆசிரியர்]



	மயக்கமுற்றேன",0,
27,பாரதிதாசன் எழுதிய மயக்கமுற்றேன் என்னும் தலைப்பில் உள்ள கருத்து யாது?,unknown || 21 || எஜமானி,எஜமானி,வ. சம்பந்தன்,"எஜமானி

-வ. சம்பந்தன்-

(சென்ற இதழ்த் தொடர்ச்சி)

அவளுக்கு நன்றாக ஞாபகமிருக்கிறது. அது நடந்து ஆறுமாதமாகி விட்டது. ஆனால் அவளால் மறக்க முடியவில்லை. ஒரு நாள் - இரவு மணி ஏழுதான் ஆகியிருந்தது. ஏதோ எடுப்",0,
27,பாரதிதாசன் எழுதிய மயக்கமுற்றேன் என்னும் தலைப்பில் உள்ள கருத்து யாது?,unknown || 5 || பொறியும் கனலும்,பொறியும் கனலும்,க.சிவானந்தவல்லி,"பொறியும் கனலும்

க. சிவானந்தவல்லி

புதுமைக்கவி பாரதியார் மறைந்தார் - புரட்சிக்கவி பாரதிதாசன் நம்முடன் வாழ்கிறார். அவர்கள் இருவரிடையேயும் உள்ள கருத்து ஒற்றுமை வேற்றுமை பற்றிய உண்மைகளைச் சிறிது ஆராய்வோம",1,
27,பாரதிதாசன் எழுதிய மயக்கமுற்றேன் என்னும் தலைப்பில் உள்ள கருத்து யாது?,unknown || 12 || நாவலாசிரியர் தாமஸ் ஹார்டி,நாவலாசிரியர் தாமஸ் ஹார்டி,மு. அண்ணாமலை,"நாவலாசிரியர் தாமஸ் ஹார்டி

மு. அண்ணாமலை

1

மேல்நாட்டிலே சில இடங்களில் பெண்களுக்கெனத் தனி நூல்நிலையங்களும் குழந்தைகளுக்கெனத் தனி நூல்நிலையங்களும் இருக்கின்றன. பெண்பாலர்க்குரிய நூல்நிலையமொன்றில் ஓர்",0,
27,பாரதிதாசன் எழுதிய மயக்கமுற்றேன் என்னும் தலைப்பில் உள்ள கருத்து யாது?,unknown || 11 || சிலப்பதிகாரக் காட்சிகள்,சிலப்பதிகாரக் காட்சிகள்,விசு.திருநாவுக்கரசு,"சிலப்பதிகாரக் காட்சிகள்

விசு. திருநாவுக்கரசு



11 ஆயர் பாடியில்



அந்தி புகுந்த நேரத்திலே ஆயர்பாடிக்கு வந்த கண்ணகியும் கோவலனும் மாதரியின் செம்மண் பூசிய சிறுமனை ஒன்றிலே குடி புகுந்தனர். வேலி சூழ்",0,
27,பாரதிதாசன் எழுதிய மயக்கமுற்றேன் என்னும் தலைப்பில் உள்ள கருத்து யாது?,unknown || 13 || பாரதிதாசன் பரம்பரை,பாரதிதாசன் பரம்பரை,தன.சுந்தரராசன்,"பாரதிதாசன் பரம்பரை

தோழர் தன. சுந்தரராசன் 



[திருமறைக்காட்டையடுத்த கடிநல்வயல் என்ற சிற்றூரைச் சேர்ந்தவர். அழகிய தமிழ் அவர் பாடல்களில் எழில் பெருக்கும். ‘ஏன் சிரித்தாள்? ' அதற்கொரு எடுத்துக்காட்டு]  ",0,
27,பாரதிதாசன் எழுதிய மயக்கமுற்றேன் என்னும் தலைப்பில் உள்ள கருத்து யாது?,unknown || 16 || உயிர்க்காதல்,உயிர்க்காதல்,உதயம்,"உயிர்க் காதல்

                உதயம்

 	'ராபர்ட் கிரீன் இங்கர்சாலை'ச் சற்று நேரம் மூடி வைத்தேன். சற்று நேரம் நிம்மதியாக நாலு ஆட்டம் சீட்டு விளையாடி வரலாம் என்று எண்ணிக் கிளம்பினேன். என்னையறியாமலே சற்",0,
27,பாரதிதாசன் எழுதிய மயக்கமுற்றேன் என்னும் தலைப்பில் உள்ள கருத்து யாது?,unknown || 4 || எங்களுர்க் கவிராய கேசரி,எங்களுர்க் கவிராய கேசரி,சுகி,"எங்களுர்க் கவிராய கேசரி 		……சுகி				85

இருட்டறையில் உள்ளதடா உலகம் 	….. ஜெகசிற்பியன்			92





விலை அணா 8





தமிழ்நாட்டு வால்ட் விட்மன்

பாரதிதாசனார் ஈடும் எடுப்புமில்லாத புரட்சிக் கவிஞர். தமிழ் ந",1,
27,பாரதிதாசன் எழுதிய மயக்கமுற்றேன் என்னும் தலைப்பில் உள்ள கருத்து யாது?,unknown || 12 || வளரும் இலக்கியம்,வளரும் இலக்கியம்,NA,"வளரும் இலக்கியம்



பாரதிதாசன்   கவிதைகள்

கவியரசர் பாரதிதாசனார் தனித்தனியே பத்திரிகைகளில் எழுதிய கவிதைகளையெல்லாம் தொகுத்து இரண்டாம் பகுதியாக வெளியிட்டிருக்கிறார்கள். வானொலியிற் பாடிய இரண்டு பாடல்களும",1,
27,பாரதிதாசன் எழுதிய மயக்கமுற்றேன் என்னும் தலைப்பில் உள்ள கருத்து யாது?,unknown || 4 || புரட்சிக் கவிஞருக்குப் புகழ்மாலை,புரட்சிக் கவிஞருக்குப் புகழ்மாலை,"ச. சோமசுந்தர பாரதியார், எஸ். முத்தையா, எஸ். ராமநாதன், பரலி - சு. நெல்லையப்பர், செ. மணவாள ராமாநுஜம், கி. வா. ஜகந்நாதன், சுத்தானந்த பாரதி, சொ. முருகப்பா, தி. ஐ. ர, விந்தன், சி. எம். இராமச்சந்திரன் செட்டியார், கா. அப்பாதுரை, டி. கே. சீனிவாசன், ரா. ஸ்ரீ. தேசிகன், சுகி, பி. கோதண்டராமன், அகிலன், நாரண துரைக்கண்ணன், அ. சிதம்பரநாதன், பெ. ராம. ராம. சித. சிதம்பரம், ப. நீலகண்டன், அழ. வள்ளியப்பா, க. அன்பழகன், டி. எல். ஸ்ரீபால், புலவர் குழந்தை, எம். எம். தண்டபாணி தேசிகர், இளமைப்பித்தன், வி. ஆர். எம். செட்டியார், சாமி சிதம்பரன், டி. கே. ஷண்முகம், ஜி. சுப்பிரமணியம், நா. பாண்டுரங்கன், ஒளவை சு. துரைசாமி, மு. அண்ணாமலை, என். ஜீவரத்தினம், டி. சண்முகம், வ. உ. சி. சுப்பிரமணியம், என். எஸ். இளங்கோ, புலவன். கோ. கணபதி, எஸ். சதாசிவம், பி. ராமசாமி, புலவர் த. முருகேசன், வ. சம்பந்தன், சோம. லெ. இலக்குமணச் செட்டியார், செ. இரா. சுப்பிரமணியம், ஏ. கே. வேலன், மா. தங்கவேலர், ப. கண்ணன், வள்ளிக்கண்ணன், எஸ். எஸ். மாரிசாமி","புரட்சிக் கவிஞருக்குப் புகழ் மாலை

[தமிழ் நாட்டுப் பொது வாழ்வில் பல துறையிலுமுள்ள குறிப்பிடத்தக்க நூற்றுக்கு மேற்பட்ட பெரியவர்களிடம் ""பாரதிதாசன் மணி விழா"" பற்றி அறிவித்து அவர்களின் கருத்துரைகளைக் கேட்",1,
27,பாரதிதாசன் எழுதிய மயக்கமுற்றேன் என்னும் தலைப்பில் உள்ள கருத்து யாது?,unknown || 18 || தமிழர் நெறி,தமிழர் நெறி,NA,"தமிழர் நெறி

தைப் பொங்கல் தொடங்கிய தமிழர் புத்தாண்டு நாட்டிற்கு நல்வாழ்வு விரைவில் தொடங்கும் என்பதற்கான அறிகுறிகளோடு பிறந்திருக்கிறது ஏழை மக்களும் பாட்டாளிகளும் நடுத்தரமக்களும் படும் துயரம் அளவற்ற தேன",0,
27,பாரதிதாசன் எழுதிய மயக்கமுற்றேன் என்னும் தலைப்பில் உள்ள கருத்து யாது?,unknown || 16 || புதுக்கோட்டை மாவட்டம்,புதுக்கோட்டை மாவட்டம்,NA,"புதுக்கோட்டை மாவட்டம்



புதுக்கோட்டை இந்திய யூனியனில் இணைந்ததை நாம் வரவேற்றோம்; புதுக்கோட்டை மக்களுக்கு இணைப்பினால் நன்மை கிட்டும் என்றும் எழுதியிருந்தோம். ஆனால் நடைபெறுகிற இணைப்புத் திட்டம் புதுக்க",0,
27,பாரதிதாசன் எழுதிய மயக்கமுற்றேன் என்னும் தலைப்பில் உள்ள கருத்து யாது?,unknown || 9 || வேனிற்காலத்திற்கு!,வேனிற்காலத்திற்கு!,"[""வாணிதாசன்]""","வேனிற்காலத்திற்கு

வாணிதாசன்





கருகித் தீய்ந்து, கடுங்குளிர் மழையால் வேதனைப்பட்டு, பனியால் சோர்ந்து படுத்துறங்கிக் கொண்டிருந்த பூமி விழித்துக் கொண்டது. வேனிற்காலத்தின் குழந்தைப் பருவம்! எங்கும் ஒர",0,
27,பாரதிதாசன் எழுதிய மயக்கமுற்றேன் என்னும் தலைப்பில் உள்ள கருத்து யாது?,unknown || 14 || நமக்குள்ளே,நமக்குள்ளே,சுகி,"நமக்குள்ளே

சுகி



''முன்னாளில் பிறருக்கு உதவுவது இயல்பாக இருந்தது. இப்போது தன்னலம், சுயநலம் என்பதைத் தவிர மக்களிடையே வேறு ஒரு மண்ணாங்கட்டியையும் காணோம்'' என்று ஒரு பெரியவர் சொன்னார். இவர் இரண்டு மாப",0,
27,பாரதிதாசன் எழுதிய மயக்கமுற்றேன் என்னும் தலைப்பில் உள்ள கருத்து யாது?,unknown || 12 || சிலப்பதிகாரக் காட்சிகள்,சிலப்பதிகாரக் காட்சிகள்,விசு.திருநாவுக்கரசு,"சிலப்பதிகாரக் காட்சிகள்

 ~ விசு திருநாவுக்கரசு ~



12. விதி வகுத்த வழி! கண்ணகியின் காற்சிலம்புடன் ஆயர்பாடியை விட்டகன்ற கோவலன் மதுரை நகரின் மணிமாட வீதிகளிலே சோர்ந்த உள்ளமும் தளர்ந்த நடையுமாய் நடந்து",0,
27,பாரதிதாசன் எழுதிய மயக்கமுற்றேன் என்னும் தலைப்பில் உள்ள கருத்து யாது?,unknown || 4 || வளரும் இலக்கியம்,வளரும் இலக்கியம்,NA,"வளரும் இலக்கியம்



தனி அரசு



தி. பிரச்சார ஏடுகளில் ஒன்றான தனி அரசு வழக்கமான பகுதிகளைத் தாங்கியபடி திங்கள் மும்முறையாக வெளிவருகிறது. ஆசைத்தம்பியின் 'காதல் மாளிகை' என்ற தொடர் கதையுடன், கலைச்செய்தி, ",0,
27,பாரதிதாசன் எழுதிய மயக்கமுற்றேன் என்னும் தலைப்பில் உள்ள கருத்து யாது?,unknown || 9 || வாத்தியாரம்மா,வாத்தியாரம்மா,இளமைப்பித்தன்,"வாத்தியாரம்மா

இளமைப்பித்தன்



வாத்தியாரம்மாவானால் என்ன? அவளுடைய வாழ்வில் சுக, துக்கமென்பது இருக்காதா? கோடானுகோடி மனிதப்பிராணிகளில் அவளும் ஒருத்தி தானே! துன்பத்தைத் தாங்கக்கூடிய மனத்தில், இன்பத்தையும",0,
27,பாரதிதாசன் எழுதிய மயக்கமுற்றேன் என்னும் தலைப்பில் உள்ள கருத்து யாது?,unknown || 9 || காலமும் கருத்தும்,காலமும் கருத்தும்,NA,"காலமும் கருத்தும்

புதுமைப்பித்தன்

புதுமைப்பித்தன் மறைந்து மூன்று ஆண்டுகள் ஆகிவிட்டன. இந்த ஆண்டுதான் அவர்மீது தமிழ் எழுத்தாளர்களுக்குக் ‘கருணை' பிறந்திருக்கிறது! சென்னை தமிழ் எழுத்தாளர் சங்கம் அவரு",0,
28,தமிழ் விருந்து என்னும் தலைப்பில் பெற்றுள்ள குறுந்தொகை பாடலின் பொருள் யாது,unknown || 10 || தமிழ் விருந்து,தமிழ் விருந்து,தமிழ்த்தும்பி,"தமிழ் விருந்து

""தமிழ்த்தும்பி""

7. கண்களின் தவறு



இனிய தமிழ்ப்பாடலின் இன்னிசை காற்றிலே மிதந்து வந்து கதவைத் தட்டியது. மூடியிருந்த கதவு திறக்கப்பட்டது. வீட்டிலிருந்து பளபளக்கும் நீள்விழியாள் ஒருத",1,
28,தமிழ் விருந்து என்னும் தலைப்பில் பெற்றுள்ள குறுந்தொகை பாடலின் பொருள் யாது,unknown || 6 || தமிழ் விருந்து,தமிழ் விருந்து,தமிழ்த்தும்பி,"தமிழ் விருந்து

  ""தமிழ்த்தும்பி""

5. என்னடி துன்பம்! கதிர்ச்செல்வன் மலை வாயில் விழுந்துகொண்டிருந்தான். அவனுடைய பொற்கதிர்கள் வானத்தின் தெளிந்த நீல வண்ணத்தைச் சிதைத்தன. பகலோனின் ஒளியை மறைக்க முற்பட்ட",1,
28,தமிழ் விருந்து என்னும் தலைப்பில் பெற்றுள்ள குறுந்தொகை பாடலின் பொருள் யாது,unknown || 4 || பாரதிதாசன்,பாரதிதாசன்,கவியரங்கம்,"பாரதிதாசன்



வாணிதாசன்

முடியரசன்

மு. அண்ணாமலை

கோவை இளஞ்சேரன்

வெ. குருசாமி

சி. திருநாவுக்கரசு

இராம. சேதுராமன்

ஆகிய கவிஞர்கள் கலந்துகொள்ளும்



மணி விழாக் கவியரங்கம்





தமிழ் மக்களின",0,
28,தமிழ் விருந்து என்னும் தலைப்பில் பெற்றுள்ள குறுந்தொகை பாடலின் பொருள் யாது,unknown || 1 || தமிழ் விருந்து,தமிழ் விருந்து,மு.அண்ணாமலை,"தமிழ் விருந்து

- மு. அண்ணாமலை

1. மருளும் மீன்

ஒரு பாணன் தன் யாழை மிழற்றி அழகான செந்தமிழ்ப் பாட்டொன்று பாடிக்கொண்டு வந்தான். வீட்டு வாயிற்படியில் நின்றுகொண்டிருந்த பெண் அந்த இசையின்பத்தைப் பருகிக",1,
28,தமிழ் விருந்து என்னும் தலைப்பில் பெற்றுள்ள குறுந்தொகை பாடலின் பொருள் யாது,unknown || பொங்கல் மலர் || தமிழ்ப் பாட்டு,தமிழ்ப் பாட்டு,முருகு சுப்பிரமணியன்,"தமிழ்ப் பாட்டு

                             				  முருகு சுப்பிரமணியன்



தமிழியக்கத்தின் பேரலையாகத் தமிழிசை இயக்கம் நாட்டில் எழுந்தது. ""தமிழ் நாட்டில் தமிழ்ப் பாட்டுக்கு முதன்மை வேண்டும்"" தமிழ்ப் பா",0,
28,தமிழ் விருந்து என்னும் தலைப்பில் பெற்றுள்ள குறுந்தொகை பாடலின் பொருள் யாது,unknown || 3 || தமிழ் விருந்து,தமிழ் விருந்து,தமிழ்த்தும்பி,"தமிழ் விருந்து

3. வறுமை மாய்ந்தது. ""தமிழ்த்தும்பி”



மங்கள வாத்தியங்கள் ககன வெளியிலே முழங்க, முகமண்டலத்திலே மகிழ்ச்சி விளங்க, தோற்றத்திலே பெருமிதம் புரள, விழிகளிலே கம்பீரம் மிளிர, ’ஜாம் ஜாம்' என்ற",1,
28,தமிழ் விருந்து என்னும் தலைப்பில் பெற்றுள்ள குறுந்தொகை பாடலின் பொருள் யாது,unknown || 10 || அந்த நாள்,அந்த நாள்,சிலம்பின் செல்வன்,"அந்த நாள்

காட்சி 28

[இடம்:-   கங்கையின் வடகரை: வடவர்  தென்னவரின் வாள்மயங்கு படுகளம்; வில்லவன் கோதையும். செங்குட்டுவனும் வடவர் தலைகளை வாளுக்கிரை யாக்கி வலம் வருகினறனர்; களம் புகுந்த சிங்க ஏறுகள் கரி",0,
28,தமிழ் விருந்து என்னும் தலைப்பில் பெற்றுள்ள குறுந்தொகை பாடலின் பொருள் யாது,unknown || 12 || தமிழ் விருந்து,தமிழ் விருந்து,தமிழ்த்தும்பி,"தமிழ் விருந்து

""தமிழ்த்தும்பி""

8. கொடுத்துவைத்த தலைவன்



தேன் மணக்கும் தென்றலின் இன்பத்திலே திளைத்திருந்தான் தலைவன். இப்படிப்பட்ட இளந்தென்றலில்தான் அவன் தலைவியை முதன் முதலாகச் சந்தித்தது. தென்றல",1,
28,தமிழ் விருந்து என்னும் தலைப்பில் பெற்றுள்ள குறுந்தொகை பாடலின் பொருள் யாது,unknown || 9 || கலையுலகம்,கலையுலகம்,கலைஞன்,"கலையுலகம்

சிட்டாடல் ஞானசௌந்தரி



மனம் வெம்பியுள்ள தமிழனுக்கு மகிழ்ச்சியூட்டும் ஒரு சில படங்களில் அண்மையில் வெளிவந்த சிட்டாடல் ஞானசெளந்தரியும் ஒன்று. ”ஞானசௌந்தரி "" கதையைத் தெரியாதவர்கள் தமிழ் நாட்டில",0,
28,தமிழ் விருந்து என்னும் தலைப்பில் பெற்றுள்ள குறுந்தொகை பாடலின் பொருள் யாது,unknown || 3 || புரட்சிக்கவிஞர் விழா,புரட்சிக்கவிஞர் விழா,NA,"புரட்சிக்கவிஞர் விழா 



சென்ற ஏப்ரல் 29 புரட்சிக்கவிஞர் பாரதிதாசனாரின் 64-வது பிறந்த நாளாகும். தன்மான இயக்கம் தமிழர்க்குத் தந்த பெருஞ்செல்வமாக விளங்கி, எண்ணற்ற இளைஞர்களைக் கவிதைத் துறையில் ஊக்கும் கவ",0,
28,தமிழ் விருந்து என்னும் தலைப்பில் பெற்றுள்ள குறுந்தொகை பாடலின் பொருள் யாது,unknown || 21 || தமிழ் விருந்து,தமிழ் விருந்து,தமிழ்த்தும்பி,"தமிழ் விருந்து





'தமிழ்த்தும்பி '



12. பாண்டியன் சபதம்



பாண்டியநாட்டு அரியாசனத்தில் இடம்பெற்ற போது நெடுஞ்செழியனின் வயது மிகக் குறைவு. அவ்வளவு இளைய பருவத்தில் அது மட்டும் யாரும் பாண்டிய மன்னன",1,
28,தமிழ் விருந்து என்னும் தலைப்பில் பெற்றுள்ள குறுந்தொகை பாடலின் பொருள் யாது,unknown || 3 || காந்தள் மெல்விரல்,காந்தள் மெல்விரல்,எழில்வேந்தன்,"காந்தள் மெல்விரல்



"" எழில்வேந்தன் ""





‘பெண்களால் முன்னேறக் கூடும்' என்று கூறினார் புரட்சிக் கவிஞர். உண்மை தான். 'ஆவதும் பெண்ணாலே அழிவதும் பெண்ணாலே' என்று நம் நாட்டில் தொன்றுதொட்டு வழங்கிவரும் ப",0,
28,தமிழ் விருந்து என்னும் தலைப்பில் பெற்றுள்ள குறுந்தொகை பாடலின் பொருள் யாது,unknown || பொங்கல் மலர் || தமிழ்ப் பாடல்,தமிழ்ப் பாடல்,பெரி.சிவனடியான்,"தமிழ்ப் பாடல்

பெரி. சிவனடியான். தலைவன்: முட்டைவிட்டு வெளிவந்த புறவின் குஞ்சா? முளைத்துவரும் இளந்தளிரா? நீ தான்



தலைவி: பட்டுவிட்ட பாக்காஉம் விழிகள், இல்லை

பார்வையிலே பழுதெதுவும் நேர்ந்ததுண்டா? ",0,
28,தமிழ் விருந்து என்னும் தலைப்பில் பெற்றுள்ள குறுந்தொகை பாடலின் பொருள் யாது,unknown || 3 || காலமும் கருத்தும்,காலமும் கருத்தும்,NA,"காலமும் கருத்தும்



மாதம் இருமுறை

இந்த இதழ் முதல் 'பொன்னி' மாதம் இருமுறையாக வெளிவருகிறது. இச்செய்தி நம் அன்பர்களை மகிழ்ச்சிக் கடலில் திளைக்கவைக்கும் என்று நம்புகின்றோம். ஏற்கனவே எண்ணற்ற அன்பர்கள் இ",0,
28,தமிழ் விருந்து என்னும் தலைப்பில் பெற்றுள்ள குறுந்தொகை பாடலின் பொருள் யாது,unknown || 8 || வளரும் இலக்கியம்,வளரும் இலக்கியம்,அரசன்,"வளரும் இலக்கியம்



புதிய திராவிடம் **

நம் குறிக்கோள், இன்றைய நிலை, புதிய திராவிடம் அமைய வேண்டிய முறை ஆகியவற்றை உணர்வெழுப்பும் தமிழில் எழுதியிருக்கிறார் தோழர் எஸ். ராமன் ""புதிய திராவிடத்தில் கோவில்கள",0,
28,தமிழ் விருந்து என்னும் தலைப்பில் பெற்றுள்ள குறுந்தொகை பாடலின் பொருள் யாது,unknown || 14 || தமிழ் விருந்து,தமிழ் விருந்து,தமிழ்த்தும்பி,"தமிழ் விருந்து



தமிழ்த்தும்பி



9. பேசும் கிளியும் பேசாப் பாவையும்



‘கொக்கரக்கோ' என்று கோழியின் குரல் காற்று வெளியில் தவழ்ந்தது. அதைத் தொடர்ந்து சில பறவைகளின் 'கிரீச்' என்ற ஒலியும் கேட்டது. காலை ",1,
28,தமிழ் விருந்து என்னும் தலைப்பில் பெற்றுள்ள குறுந்தொகை பாடலின் பொருள் யாது,unknown || 6 || வளரும் இலக்கியம்,வளரும் இலக்கியம்,நா. வேத்தரசன்,"வளரும் இலக்கியம்

ஓடாதே**

 ஒரு சிறு பையனின் பரிதாபகரமான கதை. அவன் துன்பத்தைத் தாங்கமுடியாமல் கடலில் விழப் போகும்போது `தமிழ்வாணன்' அண்ணா தடுத்து விடுகிறார். அவன் அன்புக்குரிய தங்கச்சியும் ஓடி வருகிறாள",0,
28,தமிழ் விருந்து என்னும் தலைப்பில் பெற்றுள்ள குறுந்தொகை பாடலின் பொருள் யாது,unknown || 4 || எங்களுர்க் கவிராய கேசரி,எங்களுர்க் கவிராய கேசரி,சுகி,"எங்களுர்க் கவிராய கேசரி 		……சுகி				85

இருட்டறையில் உள்ளதடா உலகம் 	….. ஜெகசிற்பியன்			92





விலை அணா 8





தமிழ்நாட்டு வால்ட் விட்மன்

பாரதிதாசனார் ஈடும் எடுப்புமில்லாத புரட்சிக் கவிஞர். தமிழ் ந",0,
29,நமது அரசியல் வானம் என்னும் நூல் எந்த இதழில் இடம் பெற்றுள்ளது அது யாரால் எழுதப்பட்டது,unknown || 23 || எண்ணத்தில் புரட்சி,எண்ணத்தில் புரட்சி,டர்பன்.திரு.ச. மு. பிள்ளை,"எண்ணத்தில் புரட்சி

டர்பன் திரு. பிள்ளை

 எண்ணந்தான் மனித ஆற்றலின் ஊற்று,வினைத்திறனின் விளைநிலம்,இலட்சியப் பாதையிலே நல்லூருக்குக் கொண்டு சேர்க்கும் கைகாட்டி மரம். ஆகவே நாம் சிந்திக்கத் தொடங்க வேண்டும",0,
29,நமது அரசியல் வானம் என்னும் நூல் எந்த இதழில் இடம் பெற்றுள்ளது அது யாரால் எழுதப்பட்டது,unknown || 5 || வளரும் இலக்கியம்,வளரும் இலக்கியம்,அரசன்,"வளரும் இலக்கியம்



இன்பத் திராவிடம்

 	இன்பத் திராவிடம் கிடைத்தது. ""அதற்காகப் போராடிக் கொண்டிருக்கும் எங்களுக்குத் தெரியாமல் எப்படிக் கிடைத்தது, என்று கிடைத்தது? என்று கேள்விகளை அடுக்கிவிடாதீர்கள். ",0,
29,நமது அரசியல் வானம் என்னும் நூல் எந்த இதழில் இடம் பெற்றுள்ளது அது யாரால் எழுதப்பட்டது,unknown || 1 || வளரும் இலக்கியம்,வளரும் இலக்கியம்,"கோவை இளஞ்சேரன், சாமி பழனியப்பன், மலையன், நாக முத்தையா","வளரும் இலக்கியம்



வரப்பெற்றோம். திராவிடநாடு (பொங்கல் மலர். )

அழகான முந்நிற அட்டையோடு இவ்வாண்டுத் திராவிட நாடு பொங்கல் மலர் திகழ்கின்றது. அண்ணாவின் `இருளில் ஒளி ' 'புதிய பாதை' என்ற கட்டுரைகளுடன் தோ",0,
29,நமது அரசியல் வானம் என்னும் நூல் எந்த இதழில் இடம் பெற்றுள்ளது அது யாரால் எழுதப்பட்டது,unknown || 4 || ஏழை நாய்,ஏழை நாய்,ரா.நீலமேகம்,"ஏழை நாய்



- ரா. நீலமேகம்-





தெருவில் அதிக ஜன நடமாட்டம் இல்லாத நேரம், தனியாகப் போய்க் கொண்டிருந்த என் காலில் திடீரென்று ஒரு சிறு கல் வந்து பட்டுச் சிதறியது. வலி தாங்க முடியாமல் திரும்பினேன். பின்ன",0,
29,நமது அரசியல் வானம் என்னும் நூல் எந்த இதழில் இடம் பெற்றுள்ளது அது யாரால் எழுதப்பட்டது,unknown || 4 || வளரும் இலக்கியம்,வளரும் இலக்கியம்,NA,"வளரும் இலக்கியம்



தனி அரசு



தி. பிரச்சார ஏடுகளில் ஒன்றான தனி அரசு வழக்கமான பகுதிகளைத் தாங்கியபடி திங்கள் மும்முறையாக வெளிவருகிறது. ஆசைத்தம்பியின் 'காதல் மாளிகை' என்ற தொடர் கதையுடன், கலைச்செய்தி, ",0,
29,நமது அரசியல் வானம் என்னும் நூல் எந்த இதழில் இடம் பெற்றுள்ளது அது யாரால் எழுதப்பட்டது,unknown || 4 || தனிமனித சுதந்திரம்,தனிமனித சுதந்திரம்,ரா.தணலன்,"தனிமனித சுதந்திரம்



ரா. தணலன்







ஏன் இதை வெறுக்கிறோம்? இந்த நூற்றாண்டு மனிதத் தன்மையின் அருணோதய காலமாக இருக்க வேண்டும் என்று சரித்திரம் தீர்மானித்து விட்டது. 'எல்லோரும் இந்நாட்டு மக்கள். எல்லோர",0,
29,நமது அரசியல் வானம் என்னும் நூல் எந்த இதழில் இடம் பெற்றுள்ளது அது யாரால் எழுதப்பட்டது,unknown || 21 || வளரும் இலக்கியம்,வளரும் இலக்கியம்,பூவை,"வளரும் இலக்கியம்



ஆட்சியின் அடிப்படையில் புதைந்து கிடக்கும் ஊழல்களை அம்பலப்படுத்தி, நேர்மை வழி வகுக்கும் அளவிலே தோழர் நா. இராசவேல் ராஜிநாமா' வை ஆக்கித் தந்திருக்கிறார், நாடக உருவில். இது அலுவலகப் பட",0,
29,நமது அரசியல் வானம் என்னும் நூல் எந்த இதழில் இடம் பெற்றுள்ளது அது யாரால் எழுதப்பட்டது,unknown || 6 || நமது அரசியல் வானம்,நமது அரசியல் வானம்,கா.அப்பாத்துரை,"நமது அரசியல் வானம்

அறிஞர் கா. அப்பாத்துரை எம். ,

வறுமை, தொழிலில்லாத் திண்டாட்டம், பசி, பட்டினி, ஆடையில்லாத் துயரம், வீடில்லாத் துயரம் முதலிய எல்லாத் தொல்லைகளும் மக்கள் வாழ்வில் இன்று தலைவிரித்தாடு",3,
29,நமது அரசியல் வானம் என்னும் நூல் எந்த இதழில் இடம் பெற்றுள்ளது அது யாரால் எழுதப்பட்டது,unknown || 19 || பொது மேடை,பொது மேடை,NA,"`பொன்னி'யின் அன்பர்கள் நாட்டு நடப்பு, உலக நிகழ்ச்சி எதைப் பற்றியும் தத்தம் கருத்துரையை இப்பகுதிக்கு எழுதி அனுப்பலாம். ஒரே ஒரு நிபந்தனைதான். உங்கள் கருத்துரை ஒரு ‘கார்டுக்குள்' அடங்கி விட

- வேண்டுமென",0,
29,நமது அரசியல் வானம் என்னும் நூல் எந்த இதழில் இடம் பெற்றுள்ளது அது யாரால் எழுதப்பட்டது,unknown || 7 || யாருக்குச் சுதந்திரம்,யாருக்குச் சுதந்திரம்,சாமி பழனியப்பன்,"யாருக்குச் சுதந்திரம்? சாமி பழனியப்பன்



சாதி மதமென்ற போதையிலே -மக்கள்

தட்டுத் தடுமாறி மாய்கையிலே

நீதி முறையற்ற தன்மையிலே-இங்கு

நெருங்கும் சுதந்தரம் யாருக்கடா

இந்தச் சுதந்தரம் நம்மவர்க்கா - நம்மை",0,
29,நமது அரசியல் வானம் என்னும் நூல் எந்த இதழில் இடம் பெற்றுள்ளது அது யாரால் எழுதப்பட்டது,unknown || 6 || வளரும் இலக்கியம்,வளரும் இலக்கியம்,நா. வேத்தரசன்,"வளரும் இலக்கியம்

ஓடாதே**

 ஒரு சிறு பையனின் பரிதாபகரமான கதை. அவன் துன்பத்தைத் தாங்கமுடியாமல் கடலில் விழப் போகும்போது `தமிழ்வாணன்' அண்ணா தடுத்து விடுகிறார். அவன் அன்புக்குரிய தங்கச்சியும் ஓடி வருகிறாள",0,
29,நமது அரசியல் வானம் என்னும் நூல் எந்த இதழில் இடம் பெற்றுள்ளது அது யாரால் எழுதப்பட்டது,unknown || 10 || வளரும் இலக்கியம்,வளரும் இலக்கியம்,நா. வேத்தரசன்,"வளரும் இலக்கியம்



புரட்சி இலக்கியம்

இன்றைய இலக்கியங்களைப் பற்றிய ஒரு தெளிவான ஆராய்ச்சியாக இருக்கும் இந்நூல். இலக்கிய உலகில் நாறிக்கிடக்கும் அழுகிய கற்பனைகளை அகற்றி, புரட்சி இலக்கியங்களை அரியணையேற்",0,
29,நமது அரசியல் வானம் என்னும் நூல் எந்த இதழில் இடம் பெற்றுள்ளது அது யாரால் எழுதப்பட்டது,unknown || 21 || உலகக் கண்ணேட்டம்,உலகக் கண்ணேட்டம்,வில்லன்,"உலகக் கண்ணேட்டம்

'வில்லன்'





அமெரிக்காவின் பொறுப்பு





இன்று உலக மக்களின் உள்ளத்தினின்று யுத்த பயத்தை அடியோடு விலக்குவதற்கு அமெரிக்கா தான் முன் வர வேண்டும். சோவியத் ருஷியாவும் கம்பூனிஸ்ட் சீனாவு",0,
29,நமது அரசியல் வானம் என்னும் நூல் எந்த இதழில் இடம் பெற்றுள்ளது அது யாரால் எழுதப்பட்டது,unknown || 10 || கண் திறக்குமா?,கண் திறக்குமா?,நக்கீரன்,"கண் திறக்குமா? நக்கீரன்

 நடந்த கதை:

”தேசத்தொண்டு என்பது சுயநலத்துக்காகச் செய்வதல்ல; தேசத் துக்காகவும் தேச மக்களுக்காக வும் தான்! "" என்ற சித்தாந்தத்துடன், சந்திரமோகன் என்னும் சட்டப்பரீட்சையில் தேறிய ",0,
29,நமது அரசியல் வானம் என்னும் நூல் எந்த இதழில் இடம் பெற்றுள்ளது அது யாரால் எழுதப்பட்டது,unknown || 16 || புதுக்கட்சி அமைப்பதே நன்று!,புதுக்கட்சி அமைப்பதே நன்று!,NA,"புதுக்கட்சி அமைப்பதே நன்று! தளபதி அண்ணாத்துரை விளக்கம்

[கடந்த 17-9-49 சனிக்கிழமையன்று சென்னையில் நிகழ்ந்த திராவிடர் கழக மத்திய நிர்வாகக் கமிட்டி உறுப்பினர்கள் கூட்டம் எதிர்கால வேலைத்திட்டம் பற்றி ஆல",0,
29,நமது அரசியல் வானம் என்னும் நூல் எந்த இதழில் இடம் பெற்றுள்ளது அது யாரால் எழுதப்பட்டது,unknown || 9 || கல்வி நீரோடை,கல்வி நீரோடை,NA,"கல்வி நீரோடை



கண்ணுடைய ரென்பவர் கற்றோர் முகத்திரண்டு

புண்ணுடையர் கல்லா தவர்



இத்திருக்குறளின் கருத்தை நாட்டு மக்கள் நன்கு உணர்ந்து விட்டார்கள் போன்றே தோன்றுகின்றது. இல்லாவிட்டால் ஜூன் ஜூலை மாதங்",0,
30,பணியாளா நீ? திருநாவுக்கரசு எழுதிய பாடலின் முக்கிய கருத்து யாது,unknown || 6 || பணியாளா நீ?,பணியாளா நீ?,சி.திருநாவுக்கரசு,"பணியாளா நீ? திருநாவுக்கரசு

பொய்யரின் ஆட்சியிலே மலர்ச்சி காணாப்

 பொதுமக்கள் நெஞ்சம்போல் பரந்தி ருக்கும்

மையிருட்டில் பெருமழையின் வரவால், வெப்பம்

மாய்ந்தொழியக் குளிரேந்தி உலவும் காற்றே! “நொய்மைமலர",3,
30,பணியாளா நீ? திருநாவுக்கரசு எழுதிய பாடலின் முக்கிய கருத்து யாது,unknown || 10 || கண் திறக்குமா?,கண் திறக்குமா?,நக்கீரன்,"கண் திறக்குமா? நக்கீரன்

 நடந்த கதை:

”தேசத்தொண்டு என்பது சுயநலத்துக்காகச் செய்வதல்ல; தேசத் துக்காகவும் தேச மக்களுக்காக வும் தான்! "" என்ற சித்தாந்தத்துடன், சந்திரமோகன் என்னும் சட்டப்பரீட்சையில் தேறிய ",0,
30,பணியாளா நீ? திருநாவுக்கரசு எழுதிய பாடலின் முக்கிய கருத்து யாது,unknown || 4 || எங்களுர்க் கவிராய கேசரி,எங்களுர்க் கவிராய கேசரி,சுகி,"எங்களுர்க் கவிராய கேசரி 		……சுகி				85

இருட்டறையில் உள்ளதடா உலகம் 	….. ஜெகசிற்பியன்			92





விலை அணா 8





தமிழ்நாட்டு வால்ட் விட்மன்

பாரதிதாசனார் ஈடும் எடுப்புமில்லாத புரட்சிக் கவிஞர். தமிழ் ந",0,
30,பணியாளா நீ? திருநாவுக்கரசு எழுதிய பாடலின் முக்கிய கருத்து யாது,unknown || 10 || வளரும் இலக்கியம்,வளரும் இலக்கியம்,நா. வேத்தரசன்,"வளரும் இலக்கியம்



புரட்சி இலக்கியம்

இன்றைய இலக்கியங்களைப் பற்றிய ஒரு தெளிவான ஆராய்ச்சியாக இருக்கும் இந்நூல். இலக்கிய உலகில் நாறிக்கிடக்கும் அழுகிய கற்பனைகளை அகற்றி, புரட்சி இலக்கியங்களை அரியணையேற்",0,
30,பணியாளா நீ? திருநாவுக்கரசு எழுதிய பாடலின் முக்கிய கருத்து யாது,unknown || 8 || வெள்ளி முளைத்தது,வெள்ளி முளைத்தது,வீர.பழனியப்பன்,"வெள்ளி முளைத்தது

வீர. பழனியப்பன்



 ”ஏய்...... ”

……………………….. ”

'பட்' 'பட்’ என்று கதவைத் தட்டும் சப்தம். எருமை மாடு""

`படார்'... கதவைப் பலமாகத் தட்டும் சப்தம். ம்' என்ற முனகல் வீட்டினுள்ளிருந்து ",0,
30,பணியாளா நீ? திருநாவுக்கரசு எழுதிய பாடலின் முக்கிய கருத்து யாது,unknown || 6 || வளரும் இலக்கியம்,வளரும் இலக்கியம்,நா. வேத்தரசன்,"வளரும் இலக்கியம்

ஓடாதே**

 ஒரு சிறு பையனின் பரிதாபகரமான கதை. அவன் துன்பத்தைத் தாங்கமுடியாமல் கடலில் விழப் போகும்போது `தமிழ்வாணன்' அண்ணா தடுத்து விடுகிறார். அவன் அன்புக்குரிய தங்கச்சியும் ஓடி வருகிறாள",0,
30,பணியாளா நீ? திருநாவுக்கரசு எழுதிய பாடலின் முக்கிய கருத்து யாது,unknown || 4 || பாரதிதாசன்,பாரதிதாசன்,கவியரங்கம்,"பாரதிதாசன்



வாணிதாசன்

முடியரசன்

மு. அண்ணாமலை

கோவை இளஞ்சேரன்

வெ. குருசாமி

சி. திருநாவுக்கரசு

இராம. சேதுராமன்

ஆகிய கவிஞர்கள் கலந்துகொள்ளும்



மணி விழாக் கவியரங்கம்





தமிழ் மக்களின",1,
30,பணியாளா நீ? திருநாவுக்கரசு எழுதிய பாடலின் முக்கிய கருத்து யாது,unknown || 7 || செல்வீர் சிதம்பரம் நோக்கி...!,செல்வீர் சிதம்பரம் நோக்கி...!,NA,செல்வீர் சிதம்பரம் நோக்கி...! கதிரவன் ஒளிபரப்பத் தொடங்கி விட்டான்; காரிருள் கண்டஞ்சி ஓடுகின்றது. மூடுபனி விலகுகின்றது. மூரல் முறுவல் காட்டி பகலவன் பல் கதிர் விரிக்கத் தொடங்கிவிட்டான். ககனத்தை மறைத்த க,0,
30,பணியாளா நீ? திருநாவுக்கரசு எழுதிய பாடலின் முக்கிய கருத்து யாது,unknown || 11 || அந்த நாள்,அந்த நாள்,சிலம்பின் செல்வன்,"அந்தநாள்

சிலம்பீன் செல்வன்



காட்சி 31

[மாதவி மேன்மாட நிலா முற்றத்தில் நின்று மனப் போராட்டத்தால் புலம்புகின்றாள்]



மனம்: ஆம்! நான் நடித்தேன்! வாழ்க்கையை நாசமாக்கிக் கொண்டேன். சோலை வனத்தைப் பால",0,
30,பணியாளா நீ? திருநாவுக்கரசு எழுதிய பாடலின் முக்கிய கருத்து யாது,unknown || 21 || வளரும் இலக்கியம்,வளரும் இலக்கியம்,பூவை,"வளரும் இலக்கியம்



ஆட்சியின் அடிப்படையில் புதைந்து கிடக்கும் ஊழல்களை அம்பலப்படுத்தி, நேர்மை வழி வகுக்கும் அளவிலே தோழர் நா. இராசவேல் ராஜிநாமா' வை ஆக்கித் தந்திருக்கிறார், நாடக உருவில். இது அலுவலகப் பட",0,
30,பணியாளா நீ? திருநாவுக்கரசு எழுதிய பாடலின் முக்கிய கருத்து யாது,unknown || 11 || நம் கருத்து,நம் கருத்து,NA,"நம் கருத்து



சரவணபவா-யூனிட்டியின்

'எதிர்பாராதது'

சதை - வசனம்: ஸ்ரீதர்

டைரக்ஷன்: ஸி. நாரயணமூர்த்தி

நடிகர்கள்: சிவாஜி கணேசன், பத்மினி, நாகையா மற்றும் பலர்



கதை: சுந்தர் என்ற காலேஜ் மாணவன் ",0,
30,பணியாளா நீ? திருநாவுக்கரசு எழுதிய பாடலின் முக்கிய கருத்து யாது,unknown || 4 || எழுந்தது திராவிடம்!,எழுந்தது திராவிடம்!,NA,"எழுந்தது திராவிடம்



‘வருக வருக’ என்றழைத்தனர்  தூத்துக்குடி மாநாட்டு வரவேற்புக் குழுவினர். ""தமிழகத்தின் தென்கோடியிலே மாநாடு கூடுகிறதே - பெருந்தொலையன்றோ! நாம் எவ்வாறு செல்வது? "" என்று தயங்கிய மக்களையெ",0,
30,பணியாளா நீ? திருநாவுக்கரசு எழுதிய பாடலின் முக்கிய கருத்து யாது,unknown || 6 || பாரதிதாசன் பரம்பரை,பாரதிதாசன் பரம்பரை,சு.வழித் துணைராமன்,"பாரதிதாசன் பரம்பரை



[ஆர்வமும் ஆற்றலும் நிறைந்த இளைஞர் திரு. வழித்துணைராமன் அவர்கள் பாரதிதாசன் பரம்பரையினர். தூத்துக்குடி அவர் தம் சொந்த ஊர். ஆறு பற்றிய கற்பனை அவராக்கம். - ஆசிரியர்]



ஆறு



துயில",0,
30,பணியாளா நீ? திருநாவுக்கரசு எழுதிய பாடலின் முக்கிய கருத்து யாது,unknown || 10 || திரை விலகியது,திரை விலகியது,எம்.கே.சங்கரன்,"திரை விலகியது

எம். சங்கரன்



மிராசுதார் கண்ணப்பருடைய மூத்த பெண்ணின் கல்யாணத்திற்குப் பிரபல பாடகி கான சுந்தரியின் கச்சேரிக்கு ஏற்பாடு செய்யப்பட்டிருந்தது. கான சுந்தரி ரேடியோ, சினிமா முதலியவைகளில் பி",0,
30,பணியாளா நீ? திருநாவுக்கரசு எழுதிய பாடலின் முக்கிய கருத்து யாது,unknown || 6 || சிலப்பதிகாரக் காட்சிகள்,சிலப்பதிகாரக் காட்சிகள்,விசு.திருநாவுக்கரசு,"சிலப்பதிகாரக் காட்சிகள்

விசு. திருகாவுக்கரசு



6. காவலன் போலும் கோவலன்

மாதவியை விட்டுப் பிரிந்த கோவலன் கண்ணகியை நினைத்துத் தன் இல்லம் நோக்கி வருகிறான். அப்பொழுது மாலைப்பொழுது வரவே பூம்புகாரின் ஒரு ",0,
30,பணியாளா நீ? திருநாவுக்கரசு எழுதிய பாடலின் முக்கிய கருத்து யாது,unknown || 1 || வெண்ணிலவில்,வெண்ணிலவில்,ஜி.சுப்பிரமணியம்,"வெண்ணிலவில்

வித்துவான் ஜி. சுப்பிரமணியம் எம். மாடி அறைக்குச் சென்று சாளரக் கதவுகளைத் திறந்தேன். பளிச்சென்று நிலாக்கதிர்கள் என்மேல் தாண்டிக் குதித்தன. வானிலே வெண்மதியம் காட்சி தந்தது. 'திங்களைப் போற்",0,
30,பணியாளா நீ? திருநாவுக்கரசு எழுதிய பாடலின் முக்கிய கருத்து யாது,unknown || 12 || பரிசு பெற்ற தலைப்பு,பரிசு பெற்ற தலைப்பு,NA,"பரிசு பெற்ற தலைப்பு



25-7-52 இதழ் தலைப்புப் போட்டியில் பரிசுபெற்ற தலைப்பு;



""விரைவேன்! குழவியைக் காணவா? கொழுதனைப் பேணவா? ”



பரிசு பெற்றவர்: மா. சந்திர சேகரன், சின்னமனூர். பாராட்டுக்குரிய தலைப்பு",0,
30,பணியாளா நீ? திருநாவுக்கரசு எழுதிய பாடலின் முக்கிய கருத்து யாது,unknown || 3 || புரட்சிக்கவிஞர் விழா,புரட்சிக்கவிஞர் விழா,NA,"புரட்சிக்கவிஞர் விழா 



சென்ற ஏப்ரல் 29 புரட்சிக்கவிஞர் பாரதிதாசனாரின் 64-வது பிறந்த நாளாகும். தன்மான இயக்கம் தமிழர்க்குத் தந்த பெருஞ்செல்வமாக விளங்கி, எண்ணற்ற இளைஞர்களைக் கவிதைத் துறையில் ஊக்கும் கவ",0,
31,"பொன்னியில் 'இந்தி வந்தது, இந்தி' தலைப்பு எதனை பேசுகிறது ?",unknown || பொங்கல் மலர் || வரிச்சுவடி,வரிச்சுவடி,நா.மு.மாணிக்கம்,"வரிச்சுவடி

                                                  		        நா. மாணிக்கம்

 	அரிச்சுவடியை நன்றாய்ப் படிக்கவேண்டும். அமைச்சர் அவினாசியாரிலிருந்து அத்தனை பேருமே அரிச்சுவடியை நன்றாகப் படிக்க",1,
31,"பொன்னியில் 'இந்தி வந்தது, இந்தி' தலைப்பு எதனை பேசுகிறது ?",unknown || 12 || காலமும் சுருத்தும்,காலமும் சுருத்தும்,NA,"காலமும் கருத்தும்



பொங்கல் விழா! விழாக்கொண்டாட வேண்டுமென்று யாரும் விரும்புவது இயற்கை. வீணரின் பேச்சை நம்பி, அவசியமும், காரணமுமின்றி விழாக்கள் நடைபெறுவதும் நம் நாட்டில் இயற்கையாகி விட்டது. ஏதோ கதை க",0,
31,"பொன்னியில் 'இந்தி வந்தது, இந்தி' தலைப்பு எதனை பேசுகிறது ?",unknown || 7 || இந்தி வந்தது இந்தி!,இந்தி வந்தது இந்தி!,NA,"இந்தி வந்தது, இந்தி! இங்கே கல்வியமைச்சருக்குத் தமிழ்ப் பெருமக்களின் கருத்துரைகள் திரட்டித் தரப்படுகின்றன. கட்டாய இந்தியைக் கண்டு தமிழ்ப் பொது மக்கள், குறிப்பாக மாணவர்கள் எவ்வனவு கொதிப்படைகிறார்கள்! வர",3,
31,"பொன்னியில் 'இந்தி வந்தது, இந்தி' தலைப்பு எதனை பேசுகிறது ?",unknown || பொங்கல் மலர் || பால்  பொங்கிற்று,பால்  பொங்கிற்று,சுகி,"பால் பொங்கிற்று

                                                                  	  சுகி



 [தெருவை ஒட்டிய வீடானாலும் முன்பக்கம் கை பிடிச்சுவர். அகன்ற கூடத்தில் அலங்காரமான மேஜை நாற்காலிக",0,
31,"பொன்னியில் 'இந்தி வந்தது, இந்தி' தலைப்பு எதனை பேசுகிறது ?",unknown || 8 || இலக்கியத்தில் காதல்,இலக்கியத்தில் காதல்,அகிலன்,"இலக்கியத்தில் காதல்

அகிலன்

மறுமலர்ச்சி பெற்று சிறுகதை, நாவல், கவிதை, நாடகம் இவற்றின் வாயிலாக இன்று வளர்ந்து வரும் தமிழ், காதல் கலப்பில்லாதிருந்தால் இவ்வளவு தூரம் வளர்ந்திருக்காது; இனியும் வளராது. உ",0,
31,"பொன்னியில் 'இந்தி வந்தது, இந்தி' தலைப்பு எதனை பேசுகிறது ?",unknown || 1 || வள்ளுவர் விருந்து,வள்ளுவர் விருந்து,திருக்குறள் முனிசாமி,"வள்ளுவர் விருந்து

திருக்குறள் முனிசாமி 



1. பசந்தாள் இவள்! தாயைப் பிரிந்த குழந்தை அழுகிறது. அழத்தான் செய்யும். ஒன்றுமறியாத நெஞ்சம் வேறென்ன செய்யமுடியும்? அழுகிற குழந்தையை யாராவது குறைகூறுவதுண்டா? '",0,
31,"பொன்னியில் 'இந்தி வந்தது, இந்தி' தலைப்பு எதனை பேசுகிறது ?",unknown || 1 || நிழல்,நிழல்,பி. எல்.சாமி,"நிழல்





புத்தாண்டு



‘பொன்னி'யும், தமிழகமும் தம் வாழ்வில் ஒரு புத்தாண்டு புகுந்துள்ளன. அண்மையில் கழிந்த தமிழர் தனித்தமிழ் விழாவான பொங்கல் விழாவுடன் திருவள்ளுவர் ஆண்டு 1983 முடிவுற்று 1984 பிறந்து",0,
31,"பொன்னியில் 'இந்தி வந்தது, இந்தி' தலைப்பு எதனை பேசுகிறது ?",unknown || 18 || கண் திறக்குமா?,கண் திறக்குமா?,நக்கீரன்,"கண்திறக்குமா? -நக்கீரன்





நடந்தகதை:

வாழ்க்கையில் பல சோதனைகளுக்கு ஆளான சந்திரமோகன், தன் கடைசி காலத்தில் தமிழ்நாட்டையும் தமிழ் மக்களையும் நோக்கி “கண் திறக்குமா? "" என்ற கேள்வியுடன் தன் 'கதை'யைச் சொ",0,
31,"பொன்னியில் 'இந்தி வந்தது, இந்தி' தலைப்பு எதனை பேசுகிறது ?",unknown || 11 || இந்தி வந்தது இந்தி!,இந்தி வந்தது இந்தி!,NA,"இந்தி வந்தது,இந்தி! அறப்போர் நடைபெறுகிறது, சென்னையில்! ஆனால் மக்களின் ஆதரவு நாடெங்கும் அதற்குண்டு என்பதற்குச் சான்று இக்கடிதங்கள், மீந்துள்ளவை அடுத்த இதழில் வெளிவரும். புதுக்கோட்டை

24-8-48

இரத்தத்",3,
31,"பொன்னியில் 'இந்தி வந்தது, இந்தி' தலைப்பு எதனை பேசுகிறது ?",unknown || 18 || தமிழர் நெறி,தமிழர் நெறி,NA,"தமிழர் நெறி

தைப் பொங்கல் தொடங்கிய தமிழர் புத்தாண்டு நாட்டிற்கு நல்வாழ்வு விரைவில் தொடங்கும் என்பதற்கான அறிகுறிகளோடு பிறந்திருக்கிறது ஏழை மக்களும் பாட்டாளிகளும் நடுத்தரமக்களும் படும் துயரம் அளவற்ற தேன",0,
31,"பொன்னியில் 'இந்தி வந்தது, இந்தி' தலைப்பு எதனை பேசுகிறது ?",unknown || 16 || இந்தி வந்தது இந்தி!,இந்தி வந்தது இந்தி!,மே. நா. சுந்தரேசன்,"இந்தி வந்தது, இந்தி! [சேலம் ‘தினத்தாளில்’ துணையாசிரியராய்ப் பணியாற்றும் திரு. சுந்தரேசன் இக்கட்டுரையாளர்; காங்கிரஸ் தோழர்களும் இந்தி வருவதை விரும்பவில்லை என்பதை இக்கட்டுரை மெய்ப்பிக்கிறது]



'தேவமொழி",3,
31,"பொன்னியில் 'இந்தி வந்தது, இந்தி' தலைப்பு எதனை பேசுகிறது ?",unknown || 1 || அழியாதன்றோ!,அழியாதன்றோ!,பாரதிதாசன்,"அழியாதன்றோ! ”……………………………….. வெறி கொள் 

வலியாரால் வாடும் எளியாரின் சார்பில் 

புலியாகிப் போர்தொடுக்கும் போதில்- வலியோர்கள் 

எய்யும் கோற்புண்ணும் இனிதாகும் அவ்வெளியார் 

உய்ய உழைத்ததனைத் தானினைத்தால்!",0,
31,"பொன்னியில் 'இந்தி வந்தது, இந்தி' தலைப்பு எதனை பேசுகிறது ?",unknown || 16 || புதுக்கோட்டை மாவட்டம்,புதுக்கோட்டை மாவட்டம்,NA,"புதுக்கோட்டை மாவட்டம்



புதுக்கோட்டை இந்திய யூனியனில் இணைந்ததை நாம் வரவேற்றோம்; புதுக்கோட்டை மக்களுக்கு இணைப்பினால் நன்மை கிட்டும் என்றும் எழுதியிருந்தோம். ஆனால் நடைபெறுகிற இணைப்புத் திட்டம் புதுக்க",0,
31,"பொன்னியில் 'இந்தி வந்தது, இந்தி' தலைப்பு எதனை பேசுகிறது ?",unknown || 4 || இலக்கியச் செல்வங்கள்,இலக்கியச் செல்வங்கள்,செங்கதிர்,"இலக்கியச் செல்வங்கள்



கெடுப்பதும் எடுப்பதும்

‘’செங்கதிர்’’



கெடுப்பது - அரியதொரு பொருளை இழத்தல்; தவறி விடுதல். எடுப்பது - அப்பொருளை மீண்டும் பெறுதல். ஒரு பொருள் கெட்டால் தோன்றும் துயரத்தின் அள",0,
31,"பொன்னியில் 'இந்தி வந்தது, இந்தி' தலைப்பு எதனை பேசுகிறது ?",unknown || 6 || பொதுமேடை,பொதுமேடை,NA,"பொதுமேடை                                                                                          27

வளரும் இலக்கியம்             தே. நாராயணன்                                 30

கலையும் ரசிகர்களும",0,
31,"பொன்னியில் 'இந்தி வந்தது, இந்தி' தலைப்பு எதனை பேசுகிறது ?",unknown || 4 || ஏழை நாய்,ஏழை நாய்,ரா.நீலமேகம்,"ஏழை நாய்



- ரா. நீலமேகம்-





தெருவில் அதிக ஜன நடமாட்டம் இல்லாத நேரம், தனியாகப் போய்க் கொண்டிருந்த என் காலில் திடீரென்று ஒரு சிறு கல் வந்து பட்டுச் சிதறியது. வலி தாங்க முடியாமல் திரும்பினேன். பின்ன",0,
31,"பொன்னியில் 'இந்தி வந்தது, இந்தி' தலைப்பு எதனை பேசுகிறது ?",unknown || 6 || பரிசு பெற்ற பைத்தியம்,பரிசு பெற்ற பைத்தியம்,ராஜன்,"பரிசுபெற்றபைத்தியம்      ராஜன் 			                      52

தமிழர் இல்லம்                      மங்கை				           55

சொல்லாராய்ச்சி அரங்கு அப்பாத்துரை			           57

அனுபவம்                    ",0,
31,"பொன்னியில் 'இந்தி வந்தது, இந்தி' தலைப்பு எதனை பேசுகிறது ?",unknown || 4 || தனிமனித சுதந்திரம்,தனிமனித சுதந்திரம்,ரா.தணலன்,"தனிமனித சுதந்திரம்



ரா. தணலன்







ஏன் இதை வெறுக்கிறோம்? இந்த நூற்றாண்டு மனிதத் தன்மையின் அருணோதய காலமாக இருக்க வேண்டும் என்று சரித்திரம் தீர்மானித்து விட்டது. 'எல்லோரும் இந்நாட்டு மக்கள். எல்லோர",0,
31,"பொன்னியில் 'இந்தி வந்தது, இந்தி' தலைப்பு எதனை பேசுகிறது ?",unknown || 6 || சொல்லாராய்ச்சி அரங்கு,சொல்லாராய்ச்சி அரங்கு,கா.அப்பாத்துரை,"சொல்லாராய்ச்சி அரங்கு அப்பாத்துரை			           57

அனுபவம்                               ஜெகசிற்பியன் 			           60



மலர் 4]                            மே 10, 1950                    [இதழ் 6
",0,
31,"பொன்னியில் 'இந்தி வந்தது, இந்தி' தலைப்பு எதனை பேசுகிறது ?",unknown || 4 || சொல்லாராய்ச்சி அரங்கு,சொல்லாராய்ச்சி அரங்கு,கா.அப்பாத்துரை,"சொல்லாராய்ச்சி



அரங்கு





அறிஞர் கா. அப்பாத்துரை





சங்கம், படு, பட்டம், பட்டி, பட்டர், பண்டிதர்







தமிழகத்தில் முச்சங்கங்கள் இருந்ததாகத் தமிழர் மரபுரை கூறுகிறது. இன்றிருப்பது கடைச்சங்க நூல்",0,
32,காதில் பிறந்த கதை ஆசிரியர் யார்? அக்கதைப் பற்றி குறிப்பிடுக.,unknown || 2 || சிநேகிதி,சிநேகிதி,மு.அண்ணாமலை,"சிநேகிதி

மு. அண்ணாமலை

[வெளியிட்டவர்கள்: பழனி பிரசுரம் - புதுக்கோட்டை விலை ரூ. 2-8-0]



வளரும் இலக்கியம்

பண்பாடடைந்த உள்ளத்தையும் செயற்கரிய செயல் செய்பவர்களையும் நாம் வாழ்க்கையில் அடிக்கடி காண்ப",0,
32,காதில் பிறந்த கதை ஆசிரியர் யார்? அக்கதைப் பற்றி குறிப்பிடுக.,unknown || 14 || காணிக்கை,காணிக்கை,வீர.பழனியப்பன்,"காணிக்கை

வீர. பழனியப்பன்



""கண்ணம்மா,



எட்டுப் பக்கங்களில் என்னுடைய சுகத்தைப் பற்றி விசாரித்து, எச்சரித்து நீ எழுதியிருந்த கடிதம் கிடைத்தது. அதைப் படிப்பதற்கென்று ஒரு அரைமணி நேரத்தை நான் செலவி",0,
32,காதில் பிறந்த கதை ஆசிரியர் யார்? அக்கதைப் பற்றி குறிப்பிடுக.,unknown || 12 || போராட்டச் செய்தி நாட்குறிப்பு,போராட்டச் செய்தி நாட்குறிப்பு,NA,போராட்டச் செய்தி நாட்குறிப்பு. 1948 செப்டம்பர் 11  21-வது நாள் மறியல். ஐந்து மறியல் தொண்டர்கள் கைது. நேற்றுக் கைது செய்யப்பட்ட 11 பேருக்கு சிறைவாசம். சேலத்தில் இந்தி மந்திரி அவினாசிலிங்கத்திற்குக் கரு,0,
32,காதில் பிறந்த கதை ஆசிரியர் யார்? அக்கதைப் பற்றி குறிப்பிடுக.,unknown || 9 || வளரும் இலக்கியம்,வளரும் இலக்கியம்,"திரு. நா. வேத்தரசன், நாக. முத்தையா","வளரும் இலக்கியம்

மக்கட்பேறு

குடும்ப விளக்கு என்ற தலைப்பிலே,இல்லறம், விருந் தோமபல் திருமணம என மூன்று புத்தகங்களை முன்னர் எழுதித் தமிழ் உலக்கீந்த சுனியரசர் பாரதிதாசனார் நானகாம புத்தகமாக 'மக்க பேறு என்",0,
32,காதில் பிறந்த கதை ஆசிரியர் யார்? அக்கதைப் பற்றி குறிப்பிடுக.,unknown || 21 || சிறுகதை ஆசிரியர் மாபஸான்,சிறுகதை ஆசிரியர் மாபஸான்,மு.அண்ணாமலை,"சிறுகதை ஆசிரியர் மாபஸான்

                                                                                                                     மு. அண்ணாமலை

`கற்பு' கற்பு' என்று பேசிக் கொண்டிருந்த நே",0,
32,காதில் பிறந்த கதை ஆசிரியர் யார்? அக்கதைப் பற்றி குறிப்பிடுக.,unknown || 17 || ரகசிய லாபக்காரர்கள்,ரகசிய லாபக்காரர்கள்,அறிஞர் அண்ணாதுரை,"ரகசிய லாபக்காரர்கள்

டெல்லி சர்க்காருக்கு வாய்த்துடுக்கு இருக்கிறதேயன்றி நாட்டையாளும் திறமை சிறிதுகூட இல்லை. பத்து முதலாளிகள் சேர்ந்து கொண்டு பண்டித நேருவைப் பதுமைபோல் மிரட்டுகின்றனர். தேர்தலுக்கு மு",0,
32,காதில் பிறந்த கதை ஆசிரியர் யார்? அக்கதைப் பற்றி குறிப்பிடுக.,unknown || 5 || நடிக்கிறேன்,நடிக்கிறேன்,ஜெகசிற்பியன்,"நடிக்கிறேன்

                 -ஜெகசிற்பியன்





'நான்' என்று ஆரம்பிக்கும் ஒரு கதையின் கதாநாயகனோ, நாயகியோ ஏன் நல்ல நிலையிலுள்ளவர்களாகவே இருக்கிறார்கள்? அந்த ’நானாக’ நடிக்கும் எழுத்தாளன் எந்தக் கதையில",0,
32,காதில் பிறந்த கதை ஆசிரியர் யார்? அக்கதைப் பற்றி குறிப்பிடுக.,unknown || 1 || அழியாதன்றோ!,அழியாதன்றோ!,பாரதிதாசன்,"அழியாதன்றோ! ”……………………………….. வெறி கொள் 

வலியாரால் வாடும் எளியாரின் சார்பில் 

புலியாகிப் போர்தொடுக்கும் போதில்- வலியோர்கள் 

எய்யும் கோற்புண்ணும் இனிதாகும் அவ்வெளியார் 

உய்ய உழைத்ததனைத் தானினைத்தால்!",0,
32,காதில் பிறந்த கதை ஆசிரியர் யார்? அக்கதைப் பற்றி குறிப்பிடுக.,unknown || 9 || அன்பின் எல்லை,அன்பின் எல்லை,தமிழ்த்தும்பி,"அன்பின் எல்லை



தமிழ்த்தும்பி





பல் கிட்டும் குளிர். வாடைக் காற்று வேறு 'விர்விர் ' என்று சுழன்றடித்தது. இருக்கும் குளிரை அதிகமாக்கிக்  கொண்டிருந்தது அவ்வாடை. போதும் போதாததற்கு மழையும் அவற்றோடு  ",0,
32,காதில் பிறந்த கதை ஆசிரியர் யார்? அக்கதைப் பற்றி குறிப்பிடுக.,unknown || 8 || ரஷ்ய இலக்கியம்,ரஷ்ய இலக்கியம்,கா.அப்பாத்துரை,"ரஷ்ய இலக்கியம்

கா. அப்பாத்துரை



1. உருவில் இளையாள் எனில் அறிவில் முதியாள். உலக இலக்கியங்களுள் ஐரோப்பிய இலக்கியங்களே மிகவும் பிற்பட்டுத் தோன்றியவை. அவற்றுள்ளும் மிகவும் பிற்பட்டுத்தோன்றிய புத்திலக",0,
32,காதில் பிறந்த கதை ஆசிரியர் யார்? அக்கதைப் பற்றி குறிப்பிடுக.,unknown || 6 || உங்களுக்குத் தெரியுமா?,உங்களுக்குத் தெரியுமா?,வழிப்போக்கன்,"உங்களுக்குத் தெரியுமா? வழிப்போக்கன்

           6. சாம்பார் சாம்பியன்

 இட்டிலி சாம்பாரைப் பற்றிப்பேசுவது மிகவும் சாதாரணமான விஷயம். மேலும் அது,மிருதுவான தன்மையும், கடினமான காய்கறிக் கூட்டுக்களும் கலந",0,
32,காதில் பிறந்த கதை ஆசிரியர் யார்? அக்கதைப் பற்றி குறிப்பிடுக.,unknown || 1 || கன்னட இலக்கியம்,கன்னட இலக்கியம்,கா.அப்பாத்துரை,"கன்னட இலக்கியம் 

கா. அப்பாத்துரை



   				1’முன்னுரை 

இந்திய மொழிகளுள் தமிழுக்கும் வடமொழிக்கும் அடுத்தபடி பழமை வாய்ந்த இலக்கிய முடையது கன்னடமே. கன்னடம் திராவிட மொழிக் குழுவைச் சேர்ந்தது. பண்பட்ட தி",0,
32,காதில் பிறந்த கதை ஆசிரியர் யார்? அக்கதைப் பற்றி குறிப்பிடுக.,unknown || பொங்கல் மலர் || நந்தன்,நந்தன்,தில்லை வில்லாளன்,"நந்தன்

தில்லை வில்லாளன்



`டைரக்டர்' ஜீனதத்தன் சுழல் நாற்காலியில் சுற்றிவிட்டுத் திருபினார். அவர் எதிரில் 'பித்தன்' நின்றார். ""நல்ல கதை யொன்று எழுத வேண்டும்""

""ஆகா, அழகாய், கவர்ச்சியாய்- '

அற்புத",0,
32,காதில் பிறந்த கதை ஆசிரியர் யார்? அக்கதைப் பற்றி குறிப்பிடுக.,unknown || 16 || வளரும் இலக்கியம்,வளரும் இலக்கியம்,நா. வேத்தரசன்,"வளரும் இலக்கியம்



மேலைநாட்டுடன் ஒப்பிட்டு பார்க்கையில் நாடகப் பணியில் நம் நாடு இன்னும் எவ்வளவோ முன்னேற வேண்டியிருக்கிறது. இலக்கியச் சந்தையில் `அத்தி பூத்தாற்போல' என்ற முன்னறிவிப்புடன் இடம்பெறும் விர",0,
32,காதில் பிறந்த கதை ஆசிரியர் யார்? அக்கதைப் பற்றி குறிப்பிடுக.,unknown || 14 || ஆசிரியர் வெங்கு,ஆசிரியர் வெங்கு,மு.செங்கல்வராயன்,"ஆசிரியர் ‘வெங்கு’

மு. செங்கல்வராயன்



அவன் கண்ட செல்வம் ஒரே குழந்தை. அது மடிந்துவிட்டது. அன்று முதல் இன்று வரை அவன் ஒரு பைத்தியக்காரன்- அப்படித்தானே ஊரார் சொல்லி வருகிறார்கள் - சொல்லுகிறார்கள்! அட ப",0,
32,காதில் பிறந்த கதை ஆசிரியர் யார்? அக்கதைப் பற்றி குறிப்பிடுக.,unknown || 8 || ஏன்?,ஏன்?,அகிலன்,"- அகிலன்

ஏன் என்னுள்ளத்திலே இந்தக் கேள்வி சுற்றிச் சுற்றி வந்தது. வானவில் வட்ட வடிவம் பெற்று, மத்தியில் முழு நிலவை வைத்துச் சுற்றினால், எப்படிச் சௌந்தர்யமாக இருக்குமோ அப்படி இன்பத்தைக் கொடுத்தது- எனக",0,
32,காதில் பிறந்த கதை ஆசிரியர் யார்? அக்கதைப் பற்றி குறிப்பிடுக.,unknown || பொங்கல் மலர் || கல்கி,கல்கி,எஸ்.ஆறுமுகம்,"கல்கி

பேட்டிக்கட்டுரை

       பூவை. ஆறுமுகம்



""அகில உலகச் சிறுகதைப் போட்டியில், தமிழ்க் கதை ஒன்று கூடப் பரிசு பெறவில்லையே. இது பற்றிய தங்களின கருத்து யாது? ""



"" பெயர்பெற்ற புதுமைப்பித்தன், கு",0,
32,காதில் பிறந்த கதை ஆசிரியர் யார்? அக்கதைப் பற்றி குறிப்பிடுக.,unknown || 18 || வாழப் பிறந்தவள்,வாழப் பிறந்தவள்,பூவை.எஸ். ஆறுமுகம்,"வாழப் பிறந்தவள்

   சிறுகதை:  பூவை எஸ். ஆறுமுகம்





நடுச்சாமம். இரவு ஊர்ந்துகொண்டிருந்தது. ஒளி உமிழ்ந்து பரப்பி நின்ற மேஜை விளக்கின் பாதத்தில் விரிந்து கிடந்த வைத்திய சஞ்சிகை ஒன்றில் கருத்தை மையமிட",0,
33,"பொன்னியில் மலர் 2, இதழ் 7 யில், கோவை இளஞ்சேரன் ஆசிரியர் எழுதிய இலக்கிய வடிவத்தின் பெயரையும், அதன் தலைப்பையும் தருக.",unknown || 6 || இலக்கிய வள்ளல்,இலக்கிய வள்ளல்,இல.அரிராமன்,"இலக்கிய வள்ளல்

                                                              -இல. அரிராமன்-

‘’சார்..... தபால்.......... ’’

 - ஒரு கவரை வீட்டினுள் வீசியெறிந்து விட்டு மறைந்தான் தபால்காரன். எழுந்து ச",0,
33,"பொன்னியில் மலர் 2, இதழ் 7 யில், கோவை இளஞ்சேரன் ஆசிரியர் எழுதிய இலக்கிய வடிவத்தின் பெயரையும், அதன் தலைப்பையும் தருக.",unknown || 17 || காலமும் கருத்தும்,காலமும் கருத்தும்,NA,"காலமும் கருத்தும்



அமெரிக்காவிற்கு நேரு

நம் முதலமைச்சர் 'நல்லெண்ணத் தூதுவராக' அமெரிக்கா சென்றுள்ளார். அமெரிக்கா, இந்திய முதல்வரை வரவேற்கப் பெரும் ஏற்பாடுகள் செய்திருக்கிறது. ஏறக்குறைய ஒரு மாதம் ந",0,
33,"பொன்னியில் மலர் 2, இதழ் 7 யில், கோவை இளஞ்சேரன் ஆசிரியர் எழுதிய இலக்கிய வடிவத்தின் பெயரையும், அதன் தலைப்பையும் தருக.",unknown || 2 || பொது மேடை,பொது மேடை,NA,"பொது மேடை



	சிதம்பரம் 16-2-49. 'பொன்னி' யின் பொங்கல் மலர் ஒரு தங்க மலர் - பகுத்தறிவு மணம் இருக்கிறது அதில்! பொன் மலர் நாற்றமுடைத்து…. என்று பாடியது இன்று உண்மையாகி விட்டது. கதைகளுக்கேற்ற பட அமைப்பு",0,
33,"பொன்னியில் மலர் 2, இதழ் 7 யில், கோவை இளஞ்சேரன் ஆசிரியர் எழுதிய இலக்கிய வடிவத்தின் பெயரையும், அதன் தலைப்பையும் தருக.",unknown || 21 || மக்கள் மன்றம்,மக்கள் மன்றம்,NA,"மக்கள் மன்றம்





நிழல்

(நாடகம்)

பி. சாமி





ஜெகசிற்பியன்

வாணிதாசன்

ஜடாதரன்

இரா. இளஞ்சேரன்

பி. ராமகிருஷ்ணன்

ரா. பாலாஜி

தன. நடராஜன்



ஆகியவர்கள் எழுதுகிறார்கள்











பொருளடக்கம்



மலர",0,
33,"பொன்னியில் மலர் 2, இதழ் 7 யில், கோவை இளஞ்சேரன் ஆசிரியர் எழுதிய இலக்கிய வடிவத்தின் பெயரையும், அதன் தலைப்பையும் தருக.",unknown || 8 || வெள்ளி முளைத்தது,வெள்ளி முளைத்தது,வீர.பழனியப்பன்,"வெள்ளி முளைத்தது

வீர. பழனியப்பன்



 ”ஏய்...... ”

……………………….. ”

'பட்' 'பட்’ என்று கதவைத் தட்டும் சப்தம். எருமை மாடு""

`படார்'... கதவைப் பலமாகத் தட்டும் சப்தம். ம்' என்ற முனகல் வீட்டினுள்ளிருந்து ",0,
33,"பொன்னியில் மலர் 2, இதழ் 7 யில், கோவை இளஞ்சேரன் ஆசிரியர் எழுதிய இலக்கிய வடிவத்தின் பெயரையும், அதன் தலைப்பையும் தருக.",unknown || 6 || சொல்லாராய்ச்சி அரங்கு,சொல்லாராய்ச்சி அரங்கு,கா.அப்பாத்துரை,"சொல்லாராய்ச்சி அரங்கு அப்பாத்துரை			           57

அனுபவம்                               ஜெகசிற்பியன் 			           60



மலர் 4]                            மே 10, 1950                    [இதழ் 6
",0,
33,"பொன்னியில் மலர் 2, இதழ் 7 யில், கோவை இளஞ்சேரன் ஆசிரியர் எழுதிய இலக்கிய வடிவத்தின் பெயரையும், அதன் தலைப்பையும் தருக.",unknown || 10 || கண் திறக்குமா?,கண் திறக்குமா?,நக்கீரன்,"கண் திறக்குமா? நக்கீரன்

 நடந்த கதை:

”தேசத்தொண்டு என்பது சுயநலத்துக்காகச் செய்வதல்ல; தேசத் துக்காகவும் தேச மக்களுக்காக வும் தான்! "" என்ற சித்தாந்தத்துடன், சந்திரமோகன் என்னும் சட்டப்பரீட்சையில் தேறிய ",0,
33,"பொன்னியில் மலர் 2, இதழ் 7 யில், கோவை இளஞ்சேரன் ஆசிரியர் எழுதிய இலக்கிய வடிவத்தின் பெயரையும், அதன் தலைப்பையும் தருக.",unknown || 6 || பொதுமேடை,பொதுமேடை,NA,"பொதுமேடை                                                                                          27

வளரும் இலக்கியம்             தே. நாராயணன்                                 30

கலையும் ரசிகர்களும",0,
33,"பொன்னியில் மலர் 2, இதழ் 7 யில், கோவை இளஞ்சேரன் ஆசிரியர் எழுதிய இலக்கிய வடிவத்தின் பெயரையும், அதன் தலைப்பையும் தருக.",unknown || 10 || வளரும் இலக்கியம்,வளரும் இலக்கியம்,நா. வேத்தரசன்,"வளரும் இலக்கியம்



புரட்சி இலக்கியம்

இன்றைய இலக்கியங்களைப் பற்றிய ஒரு தெளிவான ஆராய்ச்சியாக இருக்கும் இந்நூல். இலக்கிய உலகில் நாறிக்கிடக்கும் அழுகிய கற்பனைகளை அகற்றி, புரட்சி இலக்கியங்களை அரியணையேற்",0,
33,"பொன்னியில் மலர் 2, இதழ் 7 யில், கோவை இளஞ்சேரன் ஆசிரியர் எழுதிய இலக்கிய வடிவத்தின் பெயரையும், அதன் தலைப்பையும் தருக.",unknown || 6 || பார் பார் பட்டணம் பார்,பார் பார் பட்டணம் பார்,மெரீனா,"3 பட்டணம்பார்

""மெரீனா எழுதுகிறது பட்டணத்திலே வெய்யில் கடு மையாகக் கொளுத்துகிறது. ஒரு நாளுக்கொருநாள வெப் பம் கூடிககொண்டே போகி றது. அப்பப்பா தாங்க முடிய வில்லை. விஷ ஏறுவது போலல்லவா ஏறுகிறது! இப் படியே ",0,
33,"பொன்னியில் மலர் 2, இதழ் 7 யில், கோவை இளஞ்சேரன் ஆசிரியர் எழுதிய இலக்கிய வடிவத்தின் பெயரையும், அதன் தலைப்பையும் தருக.",unknown || 11 || இலக்கியத்தில் காதல்,இலக்கியத்தில் காதல்,கோவை இளஞ்சேரன்,"இலக்கியத்தில் காதல்

கோவை இளஞ்சேரன்



உலகத்தையே உருட்டிப் பார்க்கும் அறிவு; எந்த அறிவையும் அடகு பெறும் செல்வம்; தனது பற்றுக் கோட்டிலே இமைப்போதில் பரவும் மின்சாரம்; கொடுமைகளையும் குழைய வைக்கும் அழகு; ",1,
33,"பொன்னியில் மலர் 2, இதழ் 7 யில், கோவை இளஞ்சேரன் ஆசிரியர் எழுதிய இலக்கிய வடிவத்தின் பெயரையும், அதன் தலைப்பையும் தருக.",unknown || 6 || பரிசு பெற்ற பைத்தியம்,பரிசு பெற்ற பைத்தியம்,ராஜன்,"பரிசுபெற்றபைத்தியம்      ராஜன் 			                      52

தமிழர் இல்லம்                      மங்கை				           55

சொல்லாராய்ச்சி அரங்கு அப்பாத்துரை			           57

அனுபவம்                    ",0,
33,"பொன்னியில் மலர் 2, இதழ் 7 யில், கோவை இளஞ்சேரன் ஆசிரியர் எழுதிய இலக்கிய வடிவத்தின் பெயரையும், அதன் தலைப்பையும் தருக.",unknown || 16 || வளரும் இலக்கியம்,வளரும் இலக்கியம்,நா. வேத்தரசன்,"வளரும் இலக்கியம்



மேலைநாட்டுடன் ஒப்பிட்டு பார்க்கையில் நாடகப் பணியில் நம் நாடு இன்னும் எவ்வளவோ முன்னேற வேண்டியிருக்கிறது. இலக்கியச் சந்தையில் `அத்தி பூத்தாற்போல' என்ற முன்னறிவிப்புடன் இடம்பெறும் விர",0,
33,"பொன்னியில் மலர் 2, இதழ் 7 யில், கோவை இளஞ்சேரன் ஆசிரியர் எழுதிய இலக்கிய வடிவத்தின் பெயரையும், அதன் தலைப்பையும் தருக.",unknown || 1 || வளரும் இலக்கியம்,வளரும் இலக்கியம்,"கோவை இளஞ்சேரன், சாமி பழனியப்பன், மலையன், நாக முத்தையா","வளரும் இலக்கியம்



வரப்பெற்றோம். திராவிடநாடு (பொங்கல் மலர். )

அழகான முந்நிற அட்டையோடு இவ்வாண்டுத் திராவிட நாடு பொங்கல் மலர் திகழ்கின்றது. அண்ணாவின் `இருளில் ஒளி ' 'புதிய பாதை' என்ற கட்டுரைகளுடன் தோ",1,
33,"பொன்னியில் மலர் 2, இதழ் 7 யில், கோவை இளஞ்சேரன் ஆசிரியர் எழுதிய இலக்கிய வடிவத்தின் பெயரையும், அதன் தலைப்பையும் தருக.",unknown || 11 || ஒளி மாடம்,ஒளி மாடம்,நரா,"ஒளி மாடம்

'நரா'



3

செல்வம்



அன்று என் நண்பன் ஒரு சிறு சதை சொன்னான். அது வெறுங்கதையா என்பது எனக்குச் சந்தேகம்தான். அதுமாதிரி எத்தனையோ இடத்தில் நடந்திருக்கும் என்பதே எனக்குப்பட்டது. எத்தனையோ இ",0,
33,"பொன்னியில் மலர் 2, இதழ் 7 யில், கோவை இளஞ்சேரன் ஆசிரியர் எழுதிய இலக்கிய வடிவத்தின் பெயரையும், அதன் தலைப்பையும் தருக.",unknown || 17 || வளரும் இலக்கியம்,வளரும் இலக்கியம்,NA,"வளரும் இலக்கியம்

இந்நாள் இலக்கியச் சந்தையில் இடம்பெறும் புத்தகப் பட்டியலின் இடத்தை நாவல் - அதிலும் எட்டணா நாவல்களின் பெயர்கள் அதிகம் அடைத்துக் கொண்டிருக்கும் நிலையிலே, ‘சில்லறை' நாவல்களுக்குத்தான் இன",0,
33,"பொன்னியில் மலர் 2, இதழ் 7 யில், கோவை இளஞ்சேரன் ஆசிரியர் எழுதிய இலக்கிய வடிவத்தின் பெயரையும், அதன் தலைப்பையும் தருக.",unknown || 11 || வளரும் இலக்கியம்,வளரும் இலக்கியம்,நா. வேத்தரசன்,"வளரும் இலக்கியம்



போதும் முதலாளித்வம் ***

 	தமிழ் நாட்டில் பொதுவுடைமைக் கருத்துக்கள் இன்னும் சரியாக விளக்கப்படவில்லை. பொதுவுடைமை பற்றிப் பேசும் கட்சிகளும் சரி, பத்திரிக்கைகளும் சரி முதலாளிகளை முழு ",0,
34,"பொன்னியில் மலர் 2, இதழ் 7 யில், உருது இலக்கியம் என்ற தலைப்பின் ஆசிரியர் மற்றும் அதன் கருத்துக்களை ஒரு சில பகிர்க.",unknown || 17 || வளரும் இலக்கியம்,வளரும் இலக்கியம்,NA,"வளரும் இலக்கியம்

இந்நாள் இலக்கியச் சந்தையில் இடம்பெறும் புத்தகப் பட்டியலின் இடத்தை நாவல் - அதிலும் எட்டணா நாவல்களின் பெயர்கள் அதிகம் அடைத்துக் கொண்டிருக்கும் நிலையிலே, ‘சில்லறை' நாவல்களுக்குத்தான் இன",0,
34,"பொன்னியில் மலர் 2, இதழ் 7 யில், உருது இலக்கியம் என்ற தலைப்பின் ஆசிரியர் மற்றும் அதன் கருத்துக்களை ஒரு சில பகிர்க.",unknown || 2 || பொது மேடை,பொது மேடை,NA,"பொது மேடை



	சிதம்பரம் 16-2-49. 'பொன்னி' யின் பொங்கல் மலர் ஒரு தங்க மலர் - பகுத்தறிவு மணம் இருக்கிறது அதில்! பொன் மலர் நாற்றமுடைத்து…. என்று பாடியது இன்று உண்மையாகி விட்டது. கதைகளுக்கேற்ற பட அமைப்பு",0,
34,"பொன்னியில் மலர் 2, இதழ் 7 யில், உருது இலக்கியம் என்ற தலைப்பின் ஆசிரியர் மற்றும் அதன் கருத்துக்களை ஒரு சில பகிர்க.",unknown || 8 || வளரும் இலக்கியம்,வளரும் இலக்கியம்,அரசன்,"வளரும் இலக்கியம்



புதிய திராவிடம் **

நம் குறிக்கோள், இன்றைய நிலை, புதிய திராவிடம் அமைய வேண்டிய முறை ஆகியவற்றை உணர்வெழுப்பும் தமிழில் எழுதியிருக்கிறார் தோழர் எஸ். ராமன் ""புதிய திராவிடத்தில் கோவில்கள",0,
34,"பொன்னியில் மலர் 2, இதழ் 7 யில், உருது இலக்கியம் என்ற தலைப்பின் ஆசிரியர் மற்றும் அதன் கருத்துக்களை ஒரு சில பகிர்க.",unknown || 1 || வளரும் இலக்கியம்,வளரும் இலக்கியம்,"கோவை இளஞ்சேரன், சாமி பழனியப்பன், மலையன், நாக முத்தையா","வளரும் இலக்கியம்



வரப்பெற்றோம். திராவிடநாடு (பொங்கல் மலர். )

அழகான முந்நிற அட்டையோடு இவ்வாண்டுத் திராவிட நாடு பொங்கல் மலர் திகழ்கின்றது. அண்ணாவின் `இருளில் ஒளி ' 'புதிய பாதை' என்ற கட்டுரைகளுடன் தோ",0,
34,"பொன்னியில் மலர் 2, இதழ் 7 யில், உருது இலக்கியம் என்ற தலைப்பின் ஆசிரியர் மற்றும் அதன் கருத்துக்களை ஒரு சில பகிர்க.",unknown || 19 || வளரும் இலக்கியம்,வளரும் இலக்கியம்,நா. வேத்தரசன்,"வளரும் இலக்கியம்



காதல் (ஆண்டு மலர்)

அழகிய மூவர்ண முகப்புடன் காதல் ஆண்டு மலர் மலர்ந்திருக்கிறது. கவிமணி தேசிக விநாயகம் பிள்ளை அவர்களின் வாழ்த்துடன் துவங்கி, ஆஸ்தான கவிஞர், கவிமணி, நாச்சியப்பன், பா",0,
34,"பொன்னியில் மலர் 2, இதழ் 7 யில், உருது இலக்கியம் என்ற தலைப்பின் ஆசிரியர் மற்றும் அதன் கருத்துக்களை ஒரு சில பகிர்க.",unknown || 7 || வளரும் இலக்கியம்,வளரும் இலக்கியம்,அரசன்,"வளரும் இலக்கியம்



வர்ணாஸ்ரமம் ***

குமரிக்கோட்டம் ***

இவையிரண்டும் திருச்சி திராவிடப்பண்ணை வெளியீடுகள். ஆசிரியர் C. அண்ணாத்துரை M. விலை முறையே ரூ. க்கும் வர்ணாஸ்ரமம் - ஸர் ஆர். சண்முகம் அவர்களுக்",0,
34,"பொன்னியில் மலர் 2, இதழ் 7 யில், உருது இலக்கியம் என்ற தலைப்பின் ஆசிரியர் மற்றும் அதன் கருத்துக்களை ஒரு சில பகிர்க.",unknown || 17 || நமக்குள்ளே,நமக்குள்ளே,சுகி,"நமக்குள்ளே

சுகி

7

என் வீட்டுக்கு வந்த பிரசுரகர்த்தர், ""தாங்கள் ஒரு ரூபாய், அல்லது அரை ரூபாய் விலையில் ஒரு நாவல் எழுதிக்கொடுக்க முடியுமா? "" என்று கேட்டார். நான் என்ன பதில் சொன்னேன் என்பது இருக்கட்",0,
34,"பொன்னியில் மலர் 2, இதழ் 7 யில், உருது இலக்கியம் என்ற தலைப்பின் ஆசிரியர் மற்றும் அதன் கருத்துக்களை ஒரு சில பகிர்க.",unknown || 5 || வளரும் இலக்கியம்,வளரும் இலக்கியம்,அரசன்,"வளரும் இலக்கியம்



இன்பத் திராவிடம்

 	இன்பத் திராவிடம் கிடைத்தது. ""அதற்காகப் போராடிக் கொண்டிருக்கும் எங்களுக்குத் தெரியாமல் எப்படிக் கிடைத்தது, என்று கிடைத்தது? என்று கேள்விகளை அடுக்கிவிடாதீர்கள். ",0,
34,"பொன்னியில் மலர் 2, இதழ் 7 யில், உருது இலக்கியம் என்ற தலைப்பின் ஆசிரியர் மற்றும் அதன் கருத்துக்களை ஒரு சில பகிர்க.",unknown || 19 || பொது மேடை,பொது மேடை,NA,"`பொன்னி'யின் அன்பர்கள் நாட்டு நடப்பு, உலக நிகழ்ச்சி எதைப் பற்றியும் தத்தம் கருத்துரையை இப்பகுதிக்கு எழுதி அனுப்பலாம். ஒரே ஒரு நிபந்தனைதான். உங்கள் கருத்துரை ஒரு ‘கார்டுக்குள்' அடங்கி விட

- வேண்டுமென",0,
34,"பொன்னியில் மலர் 2, இதழ் 7 யில், உருது இலக்கியம் என்ற தலைப்பின் ஆசிரியர் மற்றும் அதன் கருத்துக்களை ஒரு சில பகிர்க.",unknown || 5 || பாரதிதாசன் பரம்பரை,பாரதிதாசன் பரம்பரை,கு.திரவியம்,"பாரதிதாசன் பரம்பரை

       ------------தமிழ்த்தாய்------------



சிலம்பொலிக்க   என்னருகில்   ஒருத்தி  வந்தாள்

சிற்றிடையில்   மேகலைதான்   மின்னக்  கண்டேன்! சிலிர்த்திடநல்   ஒளிகாலும்   அணியாம்  சிந்",0,
34,"பொன்னியில் மலர் 2, இதழ் 7 யில், உருது இலக்கியம் என்ற தலைப்பின் ஆசிரியர் மற்றும் அதன் கருத்துக்களை ஒரு சில பகிர்க.",unknown || 12 || ஒளிமாடம்,ஒளிமாடம்,ந.இராமலிங்கம்,"ஒளி மாடம்



4



ராஜம்



""என்ன, இது? இரண்டு மூன்று நாளாய் ஒரே முணுமுணுப்பு வேலை செய்ய விருப்பமிருந்தால் இங்கே இரு. சம்பளம் அதிகம் வேண்டுமென்றால் வேறு எங்கேயாவது போய்விடு. ஆமாம், இது கண்டிப்பான பேச்",0,
34,"பொன்னியில் மலர் 2, இதழ் 7 யில், உருது இலக்கியம் என்ற தலைப்பின் ஆசிரியர் மற்றும் அதன் கருத்துக்களை ஒரு சில பகிர்க.",unknown || 11 || வளரும் இலக்கியம்,வளரும் இலக்கியம்,நா. வேத்தரசன்,"வளரும் இலக்கியம்



போதும் முதலாளித்வம் ***

 	தமிழ் நாட்டில் பொதுவுடைமைக் கருத்துக்கள் இன்னும் சரியாக விளக்கப்படவில்லை. பொதுவுடைமை பற்றிப் பேசும் கட்சிகளும் சரி, பத்திரிக்கைகளும் சரி முதலாளிகளை முழு ",0,
34,"பொன்னியில் மலர் 2, இதழ் 7 யில், உருது இலக்கியம் என்ற தலைப்பின் ஆசிரியர் மற்றும் அதன் கருத்துக்களை ஒரு சில பகிர்க.",unknown || 23 || பொது மேடை,பொது மேடை,NA,"பொது மேடை.. 'பொன்னி' தந்த மலர் பற்றி நமக்குக் கிடைத்து வரும் கருத்துரைகள் உண்மையிலேயே உற்சாகத்தை ஊட்டுவனவாய் அமைந்துள்ளன. சில கடிதங்களை மட்டும் வெளியிட்டுள்ளளோம். திருச்சி

25-1-50

முழு வெற்றி

பொ",0,
34,"பொன்னியில் மலர் 2, இதழ் 7 யில், உருது இலக்கியம் என்ற தலைப்பின் ஆசிரியர் மற்றும் அதன் கருத்துக்களை ஒரு சில பகிர்க.",unknown || 10 || அலுவலக அறிவிப்பு,அலுவலக அறிவிப்பு,NA,"அலுவலக அறிவிப்பு



பொன்னி உரிய நாளில் சரிவர வெளிவருவதில்லை என விற்பனையாளர்கள், எழுத்தாளர்கள், பொன்னி அன்பர்கள் ஆகியோரிடை ஒரு பெருங் குறைபாடு எழுந்துள்ளது. உரிய காலத்தில் உங்கள் கையில் தவழத் தவறமாட்ட",0,
34,"பொன்னியில் மலர் 2, இதழ் 7 யில், உருது இலக்கியம் என்ற தலைப்பின் ஆசிரியர் மற்றும் அதன் கருத்துக்களை ஒரு சில பகிர்க.",unknown || 5 || தமிழ் அறிவுக் களஞ்சியம்,தமிழ் அறிவுக் களஞ்சியம்,கா.அப்பாத்துரை,"அறிவுக் களஞ்சியம் தமிழ்

அறிவுக் களஞ்சியம் முயற்சியும் தமிழ் பண்பாடும்

கட்டுரையாளர்: அறிஞர் கா. அப்பாத்துரை



தமிழர் மறுமலர்ச்சி இயக்கம் தோன்றிய பின் தமிழில் வரும் நூல்களில் ஒரு பெரும் பகுதி நேரடியா",0,
35,பொன்னியில் 'அடையாளம்' என்ற சிறுகதையின் ஆசிரியர் யார்?,unknown || 1 || மாறுதல்,மாறுதல்,திருநாவுக்கரசன்,"மாறுதல்



சொ. திருநாவுக்கரசன்





எட்டடுக்கு மாளிகையிலே ஏற்ற வாழ்வு பெற்றிருக்கும் ஏகாம்பரர் வெளி உலகிற்கு ஏதும் தெரியாதவராக—கள்ளச் சந்தையை மறைக்கக் கடவுள் பக்தராகக் காட்சியளிப்பது—காரிய உலகவாதிகளை",0,
35,பொன்னியில் 'அடையாளம்' என்ற சிறுகதையின் ஆசிரியர் யார்?,unknown || 4 || கோழிக்குணம்,கோழிக்குணம்,சுலோசனா,"கோழிக்குணம்

 சுலோசனா

 மூடியிருந்த ஜன்னலைத் திறந்தேன். குளிர்ச்சியான காற்று முகத்தை உரசி இன்புறுத்தியது. மலர்ந்து நின்ற மலர்களினின்று வரும் சுகந்த வாசத்தை முகர்ந்தவண்ணம் நின்ற எனது கண்கள், என் அழகிய ",0,
35,பொன்னியில் 'அடையாளம்' என்ற சிறுகதையின் ஆசிரியர் யார்?,unknown || 17 || பொதுமேடை,பொதுமேடை,NA,"பொது மேடை



இப்பகுதி வாசகர்களுக்கென்றே மீண்டும் தொடங்கப்படுகிறது. 'பொன்னி'யைப் பற்றி மட்டுமல்ல, உள்நாட்டு, வெளிநாட்டு நிகழ்ச்சிகளில் எதைப் பற்றியும் அன்பர்கள் தங்கள் கருத்துரைகளை எழுதியனுப்பலாம். ஆனா",0,
35,பொன்னியில் 'அடையாளம்' என்ற சிறுகதையின் ஆசிரியர் யார்?,unknown || 17 || வளரும் இலக்கியம்,வளரும் இலக்கியம்,NA,"வளரும் இலக்கியம்

இந்நாள் இலக்கியச் சந்தையில் இடம்பெறும் புத்தகப் பட்டியலின் இடத்தை நாவல் - அதிலும் எட்டணா நாவல்களின் பெயர்கள் அதிகம் அடைத்துக் கொண்டிருக்கும் நிலையிலே, ‘சில்லறை' நாவல்களுக்குத்தான் இன",0,
35,பொன்னியில் 'அடையாளம்' என்ற சிறுகதையின் ஆசிரியர் யார்?,unknown || 10 || சம்மதம்,சம்மதம்,சுரதா,"சம்மதம்



சுரதா







ஆண்: நிமிர்ந்த பம்பரம் போலே – யானை

 	 நெற்றியின் மேடு போலே – மலை பாராய்! பெண்: ஆகாயம் கட்டிய கொட்டகையோ மலை – கண்ணா? ஆண்: அசைகின்ற பூமியின் கொப்புளந்தான் மலை – கண்ணே





ஆண்: ",0,
35,பொன்னியில் 'அடையாளம்' என்ற சிறுகதையின் ஆசிரியர் யார்?,unknown || 8 || வளரும் இலக்கியம்,வளரும் இலக்கியம்,அரசன்,"வளரும் இலக்கியம்



புதிய திராவிடம் **

நம் குறிக்கோள், இன்றைய நிலை, புதிய திராவிடம் அமைய வேண்டிய முறை ஆகியவற்றை உணர்வெழுப்பும் தமிழில் எழுதியிருக்கிறார் தோழர் எஸ். ராமன் ""புதிய திராவிடத்தில் கோவில்கள",0,
35,பொன்னியில் 'அடையாளம்' என்ற சிறுகதையின் ஆசிரியர் யார்?,unknown || 10 || இலக்கியம் வளர,இலக்கியம் வளர,NA,"இலக்கியம் வரை! 64







பொன்னி சந்தா விவரம்; இலங்கை ஆண்டு ஒன்றுக்கு ரூ. 6-0-0; ஆறுமாதம் ரூ. 3-0-0 வெளிநாடு ஆண்டு ஒன்றுக்கு ரூ. 6-12-0; ஆறுமாதம் ரூ. இலங்கைக்கு வி. நம்பிக்கைத் தீர்மானம்





சென்னை ச",0,
35,பொன்னியில் 'அடையாளம்' என்ற சிறுகதையின் ஆசிரியர் யார்?,unknown || 6 || பரிசு பெற்ற பைத்தியம்,பரிசு பெற்ற பைத்தியம்,ராஜன்,"பரிசுபெற்றபைத்தியம்      ராஜன் 			                      52

தமிழர் இல்லம்                      மங்கை				           55

சொல்லாராய்ச்சி அரங்கு அப்பாத்துரை			           57

அனுபவம்                    ",0,
35,பொன்னியில் 'அடையாளம்' என்ற சிறுகதையின் ஆசிரியர் யார்?,unknown || 15 || வளரும் இலக்கியம்,வளரும் இலக்கியம்,நானா,"வளரும் இலக்கியம்

முதல் இரவு**

சென்னை ஸ்டார் பிரசுர வெளியீடு இந்நூல், புதிய முயற்சி. தோழர் ரகுநாதன் இந்நாவலைத் துணிந்து எழுதி, வெளியிட்டோரும் துணிந்து வெளியிட்டிருக்கிறார்கள். படிக்கின்றவர்களும் துணி",0,
35,பொன்னியில் 'அடையாளம்' என்ற சிறுகதையின் ஆசிரியர் யார்?,unknown || 6 || பார் பார் பட்டணம் பார்,பார் பார் பட்டணம் பார்,மெரீனா,"3 பட்டணம்பார்

""மெரீனா எழுதுகிறது பட்டணத்திலே வெய்யில் கடு மையாகக் கொளுத்துகிறது. ஒரு நாளுக்கொருநாள வெப் பம் கூடிககொண்டே போகி றது. அப்பப்பா தாங்க முடிய வில்லை. விஷ ஏறுவது போலல்லவா ஏறுகிறது! இப் படியே ",0,
35,பொன்னியில் 'அடையாளம்' என்ற சிறுகதையின் ஆசிரியர் யார்?,unknown || 2 || பொது மேடை,பொது மேடை,NA,"பொது மேடை



	சிதம்பரம் 16-2-49. 'பொன்னி' யின் பொங்கல் மலர் ஒரு தங்க மலர் - பகுத்தறிவு மணம் இருக்கிறது அதில்! பொன் மலர் நாற்றமுடைத்து…. என்று பாடியது இன்று உண்மையாகி விட்டது. கதைகளுக்கேற்ற பட அமைப்பு",0,
35,பொன்னியில் 'அடையாளம்' என்ற சிறுகதையின் ஆசிரியர் யார்?,unknown || 6 || பொதுமேடை,பொதுமேடை,NA,"பொதுமேடை                                                                                          27

வளரும் இலக்கியம்             தே. நாராயணன்                                 30

கலையும் ரசிகர்களும",0,
35,பொன்னியில் 'அடையாளம்' என்ற சிறுகதையின் ஆசிரியர் யார்?,unknown || 9 || வளரும் இலக்கியம்,வளரும் இலக்கியம்,"திரு. நா. வேத்தரசன், நாக. முத்தையா","வளரும் இலக்கியம்

மக்கட்பேறு

குடும்ப விளக்கு என்ற தலைப்பிலே,இல்லறம், விருந் தோமபல் திருமணம என மூன்று புத்தகங்களை முன்னர் எழுதித் தமிழ் உலக்கீந்த சுனியரசர் பாரதிதாசனார் நானகாம புத்தகமாக 'மக்க பேறு என்",0,
35,பொன்னியில் 'அடையாளம்' என்ற சிறுகதையின் ஆசிரியர் யார்?,unknown || 6 || சொல்லாராய்ச்சி அரங்கு,சொல்லாராய்ச்சி அரங்கு,கா.அப்பாத்துரை,"சொல்லாராய்ச்சி அரங்கு அப்பாத்துரை			           57

அனுபவம்                               ஜெகசிற்பியன் 			           60



மலர் 4]                            மே 10, 1950                    [இதழ் 6
",0,
35,பொன்னியில் 'அடையாளம்' என்ற சிறுகதையின் ஆசிரியர் யார்?,unknown || 18 || ராஜா ராணி,ராஜா ராணி,தங்கமணி,"ராஜா ராணி

தங்கமணி

8. ராணியின் சபதம்! வாளை ஓங்கிக்கொண்டே பாய்ந்தோடி வந்தான் அதிகார மமதை கொண்ட ராஜசிம்மன். ராணி ஆடாமல் அசையாமல் கம்பீரமாய் நின்றாள். ''சிங்கக் குட்டியிடமிருந்து உன் உயிரைக் காப்பாற்றி",0,
35,பொன்னியில் 'அடையாளம்' என்ற சிறுகதையின் ஆசிரியர் யார்?,unknown || 7 || யாருக்குச் சுதந்திரம்,யாருக்குச் சுதந்திரம்,சாமி பழனியப்பன்,"யாருக்குச் சுதந்திரம்? சாமி பழனியப்பன்



சாதி மதமென்ற போதையிலே -மக்கள்

தட்டுத் தடுமாறி மாய்கையிலே

நீதி முறையற்ற தன்மையிலே-இங்கு

நெருங்கும் சுதந்தரம் யாருக்கடா

இந்தச் சுதந்தரம் நம்மவர்க்கா - நம்மை",0,
35,பொன்னியில் 'அடையாளம்' என்ற சிறுகதையின் ஆசிரியர் யார்?,unknown || 7 || இலக்கியத் தென்றல்!,இலக்கியத் தென்றல்!,NA,"இலக்கியத் தென்றல்! வாழ்க்கைப் புயல்

ஆசிரியர் : சு புதுமைப் பிரசுரம் பெண்ணாடம். 1-0-0

ஹார்டி, ஹ்யூகோ போன்ற அயல் நாட்டு ஆசிரியர்கள் கிராமியச் சூழ்நிலையில் படைத்த நாவல்கள் தாமே அவர்களது பெயர்களை இலக்க",0,
35,பொன்னியில் 'அடையாளம்' என்ற சிறுகதையின் ஆசிரியர் யார்?,unknown || 6 || வளரும் இலக்கியம்,வளரும் இலக்கியம்,நா. வேத்தரசன்,"வளரும் இலக்கியம்

ஓடாதே**

 ஒரு சிறு பையனின் பரிதாபகரமான கதை. அவன் துன்பத்தைத் தாங்கமுடியாமல் கடலில் விழப் போகும்போது `தமிழ்வாணன்' அண்ணா தடுத்து விடுகிறார். அவன் அன்புக்குரிய தங்கச்சியும் ஓடி வருகிறாள",0,
36,"'பெரியார் பெரு மாண்பு' என்ற கட்டுரையில் திரு. வி. கலியாணசுந்தரனார் பெரியாரை முதன்முதலில் எப்போது, எங்கே சந்தித்ததாகக் குறிப்பிடுகிறார்?",unknown || 9 || பெரியார் பெருமாண்பு,பெரியார் பெருமாண்பு,திரு. வி. கலியாண சுந்தரனார்,"பெரியார் பெருமாண்பு

திரு. கலியாணசுந்தரனார்



[கடலூர் மாநாட்டில் பேசியதிலிருந்து தொகுத்தது]

படத்திறப்பை நண்பருக்கும் வழங்கலாம், நொதுமலருக்கும் வழங்கலாம், பகைவருக்குங்கூட வழங்கலாம். நான் நண்பர் என்",3,
36,"'பெரியார் பெரு மாண்பு' என்ற கட்டுரையில் திரு. வி. கலியாணசுந்தரனார் பெரியாரை முதன்முதலில் எப்போது, எங்கே சந்தித்ததாகக் குறிப்பிடுகிறார்?",unknown || 3 || நினைவுப் பாதையில்,நினைவுப் பாதையில்,இளமைப்பித்தன்,"நினைவுப்பாதையில்

இளமைப்பித்தன்



(சென்ற இதழ்த் தொடர்ச்சி)

நாங்கள் குடும்பத்துடன் ராமேசுவரத்திற்கு ரயிலில் போய்க் கொண்டிருந்தோம். இந்த விஷயங்களொன்றும் அப்பாவுக்குத் தெரியாது. தெரிந்திருந்தால் கட்ட",0,
36,"'பெரியார் பெரு மாண்பு' என்ற கட்டுரையில் திரு. வி. கலியாணசுந்தரனார் பெரியாரை முதன்முதலில் எப்போது, எங்கே சந்தித்ததாகக் குறிப்பிடுகிறார்?",unknown || 12 || ஏமாந்தது யார்?,ஏமாந்தது யார்?,ரா.ஆறுமுகம்,"ஏமாந்தது யார்? ஆறுமுகம்





தடதடவென்று கதவு தட்டும் சப்தம். நன்றாய்த் தூங்கிக்கொண்டிருந்த தாமோதரன் திடுக் கிட்டு விழித்தான். ""அம்மா, சீக்கிரம் கதவைத் திறக்க மாட்டீர்களா? ' ஒரு பெண்ணின் குரல். தாமோதர",0,
36,"'பெரியார் பெரு மாண்பு' என்ற கட்டுரையில் திரு. வி. கலியாணசுந்தரனார் பெரியாரை முதன்முதலில் எப்போது, எங்கே சந்தித்ததாகக் குறிப்பிடுகிறார்?",unknown || 7 || யாருக்குச் சுதந்திரம்,யாருக்குச் சுதந்திரம்,சாமி பழனியப்பன்,"யாருக்குச் சுதந்திரம்? சாமி பழனியப்பன்



சாதி மதமென்ற போதையிலே -மக்கள்

தட்டுத் தடுமாறி மாய்கையிலே

நீதி முறையற்ற தன்மையிலே-இங்கு

நெருங்கும் சுதந்தரம் யாருக்கடா

இந்தச் சுதந்தரம் நம்மவர்க்கா - நம்மை",0,
36,"'பெரியார் பெரு மாண்பு' என்ற கட்டுரையில் திரு. வி. கலியாணசுந்தரனார் பெரியாரை முதன்முதலில் எப்போது, எங்கே சந்தித்ததாகக் குறிப்பிடுகிறார்?",unknown || பொங்கல் மலர் || இலக்கியத் தம்பதிகள்,இலக்கியத் தம்பதிகள்,ஹேமு ஆனந்ததீர்த்தன்,"இலக்கியத் தம்பதிகள்



சிறுகதை: 							ஹேமு ஆனந்ததீர்த்தன்



மணி ஐந்தடிக்க ஐந்து நிமிஷம் இருக்கும்போதே ஆபீஸ் பியூன் மேஜை மீது கிடந்த ’பைல்'களையெல்லாம் எடுத்து ஒழுங்காகக் கட்டி அலமாரிக்குள் வைக்க ஆரம",0,
36,"'பெரியார் பெரு மாண்பு' என்ற கட்டுரையில் திரு. வி. கலியாணசுந்தரனார் பெரியாரை முதன்முதலில் எப்போது, எங்கே சந்தித்ததாகக் குறிப்பிடுகிறார்?",unknown || பொங்கல் மலர் || இந்திப் போர்  முன்பு!,இந்திப் போர்  முன்பு!,மா.இளஞ்செழியன்,"இந்திப்போர், முன்பு! இளஞ்செழியன்



தூ ங்குதல் போன்றது சாக்காடு - பின்னர்

தூங்கி விழித்தல் நம் பிறப்பு

தீங்குள்ள இந்தியை நாம் எதிர்ப்போம்-உயிர்த்

தித்திப்பை எண்ணிடப் போவதில்லை

ஆம்! சேரன் செங்க",0,
36,"'பெரியார் பெரு மாண்பு' என்ற கட்டுரையில் திரு. வி. கலியாணசுந்தரனார் பெரியாரை முதன்முதலில் எப்போது, எங்கே சந்தித்ததாகக் குறிப்பிடுகிறார்?",unknown || 10 || காலமும் கருத்தும்,காலமும் கருத்தும்,NA,"காலமும் கருத்தும்



பெங்களூர்

நோய்வாய்ப்பட்டிருந்த காங்கிரஸ் பெங்களூர்க் காற்றால் குணமாகிவிட்டதாகக் காங்கிரஸ் பத்திரிகைகள் பறைசாற்றுகின்றன. `காங்கிரஸ் பிளவுபட்டுவிடும்; சின்னாபின்னமாகி விடும்' என்",0,
36,"'பெரியார் பெரு மாண்பு' என்ற கட்டுரையில் திரு. வி. கலியாணசுந்தரனார் பெரியாரை முதன்முதலில் எப்போது, எங்கே சந்தித்ததாகக் குறிப்பிடுகிறார்?",unknown || 18 || தமிழர் நெறி,தமிழர் நெறி,NA,"தமிழர் நெறி

தைப் பொங்கல் தொடங்கிய தமிழர் புத்தாண்டு நாட்டிற்கு நல்வாழ்வு விரைவில் தொடங்கும் என்பதற்கான அறிகுறிகளோடு பிறந்திருக்கிறது ஏழை மக்களும் பாட்டாளிகளும் நடுத்தரமக்களும் படும் துயரம் அளவற்ற தேன",0,
36,"'பெரியார் பெரு மாண்பு' என்ற கட்டுரையில் திரு. வி. கலியாணசுந்தரனார் பெரியாரை முதன்முதலில் எப்போது, எங்கே சந்தித்ததாகக் குறிப்பிடுகிறார்?",unknown || 10 || காதாலும் கலியாணமும்,காதாலும் கலியாணமும்,பெருங்கோவன்,"காதலும் கல்யாணமும்



பெருங்கோவன்





இடம் :- சப்-மாரன் கோர்ட்டு



வாதி:- அழகுத்தாய்; வாதி வக்கீல்;



பிரதிவாதி :- அழகேசன்; பிரதிவாதி வக்கீல்; மற்றும் சாட்சிகள். நீதிபதி: வழக்கை ஆரம்பிக்கலாம். வா",0,
36,"'பெரியார் பெரு மாண்பு' என்ற கட்டுரையில் திரு. வி. கலியாணசுந்தரனார் பெரியாரை முதன்முதலில் எப்போது, எங்கே சந்தித்ததாகக் குறிப்பிடுகிறார்?",unknown || 11 || வளரும் இலக்கியம்,வளரும் இலக்கியம்,நா. வேத்தரசன்,"வளரும் இலக்கியம்



போதும் முதலாளித்வம் ***

 	தமிழ் நாட்டில் பொதுவுடைமைக் கருத்துக்கள் இன்னும் சரியாக விளக்கப்படவில்லை. பொதுவுடைமை பற்றிப் பேசும் கட்சிகளும் சரி, பத்திரிக்கைகளும் சரி முதலாளிகளை முழு ",0,
36,"'பெரியார் பெரு மாண்பு' என்ற கட்டுரையில் திரு. வி. கலியாணசுந்தரனார் பெரியாரை முதன்முதலில் எப்போது, எங்கே சந்தித்ததாகக் குறிப்பிடுகிறார்?",unknown || 2 || உயிர்த்துடிப்பு,உயிர்த்துடிப்பு,வேலை-வில்லவன்,"உயிர்த்துடிப்பு



வேலை - வில்லவன்



அன்புள்ள வாசகர்களே,

இது கதையல்ல, அறிக்கை ஆமாம். அறிக்கைதான் அறிக்கை என்றவுடன் இதைப் படிக்காமல் விட்டுவிடுகிறீர்களா? வேண்டாம், வேண்டாம். இதைக் கதையாக வேண்டுமானால",0,
36,"'பெரியார் பெரு மாண்பு' என்ற கட்டுரையில் திரு. வி. கலியாணசுந்தரனார் பெரியாரை முதன்முதலில் எப்போது, எங்கே சந்தித்ததாகக் குறிப்பிடுகிறார்?",unknown || 9 || கண் திறக்குமா?,கண் திறக்குமா?,நக்கீரன்,"கண்திறக்குமா? ஆசிரியர் நக்கீரன்



பதினாறாம் அத்தியாயம்

ஆனந்தக் கண்ணீர்



மணவாளன் விடை பெற்றுக்கொண்டு சென்றதும் இன்னதென்று விவரிக்க முடியாத ஒருவித உணர்ச்சியில் வசப்பட்டுவிட்டது என் மனம். `கோடையிலே இ",0,
36,"'பெரியார் பெரு மாண்பு' என்ற கட்டுரையில் திரு. வி. கலியாணசுந்தரனார் பெரியாரை முதன்முதலில் எப்போது, எங்கே சந்தித்ததாகக் குறிப்பிடுகிறார்?",unknown || 8 || சென்னை மாநாடு,சென்னை மாநாடு,NA,"சென்னை மாநாடு

17-7-1948 - தமிழர் வரலாற்றில் மறக்க முடியாத நாளாகப் பொறிக்கப்பட்டு விட்டது. சென்னை செயிண்ட்மேரி மண்டபம் அன்று தமிழர் பாசறையாகக் காட்சியளித்தது. பத்து ஆண்டுகட்கு முன் நுழைந்த கட்டாய இந்த",0,
36,"'பெரியார் பெரு மாண்பு' என்ற கட்டுரையில் திரு. வி. கலியாணசுந்தரனார் பெரியாரை முதன்முதலில் எப்போது, எங்கே சந்தித்ததாகக் குறிப்பிடுகிறார்?",unknown || 5 || கண் திறக்குமா?,கண் திறக்குமா?,நக்கீரன்,"கண் திறக்குமா? ஆசிரியர்: நக்கீரன்



பதினான்காம் அத்தியாயம்

- விரும்பிய விதமே –

அன்று சாயந்திரம் பாரிஸ்டர் பரந்தாமனை நான் விட்டாலும் அவர் என்னை விடுவதாயில்லை. ஆகவே வேறு வழியின்றி அவருடன் திலகர் குரு",0,
36,"'பெரியார் பெரு மாண்பு' என்ற கட்டுரையில் திரு. வி. கலியாணசுந்தரனார் பெரியாரை முதன்முதலில் எப்போது, எங்கே சந்தித்ததாகக் குறிப்பிடுகிறார்?",unknown || 6 || சுகந்தியின் புடவை,சுகந்தியின் புடவை,,,0,
36,"'பெரியார் பெரு மாண்பு' என்ற கட்டுரையில் திரு. வி. கலியாணசுந்தரனார் பெரியாரை முதன்முதலில் எப்போது, எங்கே சந்தித்ததாகக் குறிப்பிடுகிறார்?",unknown || 2 || வளரும் இலக்கியம்,வளரும் இலக்கியம்,"நா. வேத்தரசன், மு. அண்ணாமலை, சாமி பழனியப்பன்","வளரும் இலக்கியம்



இன்பக்கடல்

சத்திமுத்தப் புலவர்



கவியரசர் பாரதிதாசனார் தமிழ் மக்களுக்கு வழங்கியிருக்கும் இரண்டு நாடகங்கள் இவை. நாடகங்களின் சிறப்பு பற்றி நாம் அதிகம் சொல்லத் தேவையில்லை. ஏனெனில",0,
37,'எங்கள் எண்ணம்' என்ற கட்டுரையில் தமிழ் மொழி குறித்து முன்வைக்கப்படும் முக்கியக் கோரிக்கை என்ன?,unknown || 9 || எங்கள் எண்ணம்,எங்கள் எண்ணம்,NA,"எங்கள் எண்ணம்

விடுதலை பெற்ற இந்தியாவில் ஒவ்வொரு மாகாணமும் இன உணர்வோடு மொழியன்பும் கொண்டு செயலாற்றத் தொடங்கியுள்ளன. தங்கள் தங்கள் தாய்மொழிக்கு முதன்மை தருவதில் ஒவ்வொரு மொழியினரும் முனைந்து நிற்கின்றன",3,
37,'எங்கள் எண்ணம்' என்ற கட்டுரையில் தமிழ் மொழி குறித்து முன்வைக்கப்படும் முக்கியக் கோரிக்கை என்ன?,unknown || 2 || எங்கள் எண்ணம்,எங்கள் எண்ணம்,NA,"எங்கள் எண்ணம்



தடை யுத்தரவு





கருஞ்சட்டைப் படை என்பது இல்லாத ஒரு அமைப்பு;  அப்படி ஒன்றிருப்பதாக எண்ணிக்கொண்டு சட்ட விரோதமாக்கினார்கள் சென்னை அரசியலார். சோதனை நாடெங்கும் நிகழ்ந்தது. கருஞ்சட்டைப் ",0,
37,'எங்கள் எண்ணம்' என்ற கட்டுரையில் தமிழ் மொழி குறித்து முன்வைக்கப்படும் முக்கியக் கோரிக்கை என்ன?,unknown || 8 || திட்டமான தமிழ்,திட்டமான தமிழ்,ஆ.வ.இராமநாதன்,"திட்டமான தமிழ்

ஆ. இராம நாதன்

”அரிது அரிது மானிடராத லரிது’ என்ற முதுமொழிக் கொப்ப அரியதோர் மானிடப் பிறவியை எடுத்த மனிதன் தொடக்கத்தில் தான் உண்டு, வசித்து வந்த நிலத்தின் தட்பவெட்பங்களுக்கும் சூழ்நிலை",0,
37,'எங்கள் எண்ணம்' என்ற கட்டுரையில் தமிழ் மொழி குறித்து முன்வைக்கப்படும் முக்கியக் கோரிக்கை என்ன?,unknown || 10 || முதல் அத்தியாயம்,முதல் அத்தியாயம்,NA,"முதல் அத்தியாயம்

மொழிப்போரில் முதல் அத்தியாயம் முடிவுற்றது! ஆகஸ்டு பத்தில் மறியல் தொடங்கிற்று! நாடெங்கும் ஊர்வலங்கள், பொதுக்கூட்டங்கள் நடைபெற்றன. சென்னை நகரில் இடைவிடாது தலைவரும் தளபதியும் ஏனைய தோழர",0,
37,'எங்கள் எண்ணம்' என்ற கட்டுரையில் தமிழ் மொழி குறித்து முன்வைக்கப்படும் முக்கியக் கோரிக்கை என்ன?,unknown || 10 || காலமும் கருத்தும்,காலமும் கருத்தும்,NA,"காலமும் கருத்தும்



பெங்களூர்

நோய்வாய்ப்பட்டிருந்த காங்கிரஸ் பெங்களூர்க் காற்றால் குணமாகிவிட்டதாகக் காங்கிரஸ் பத்திரிகைகள் பறைசாற்றுகின்றன. `காங்கிரஸ் பிளவுபட்டுவிடும்; சின்னாபின்னமாகி விடும்' என்",0,
37,'எங்கள் எண்ணம்' என்ற கட்டுரையில் தமிழ் மொழி குறித்து முன்வைக்கப்படும் முக்கியக் கோரிக்கை என்ன?,"unknown || பொங்கல் மலர் || ஊஹூம், சிரிக்காதே","ஊஹூம், சிரிக்காதே",பாலா,"ஊஹீம், சிரிக்காதே

பாலா



ஆபீஸ் முடிந்து வீட்டிற்குள் நுழைந்த என்னை அமிர்தம் உதட்டில் புன்னகை ஏந்தி வரவேற்றாள். அவள் ஆசை காட்டி, அந்த ஆசையை யெல்லாம் ஆனந்தச் சிரிப்பாகப் பண்ட மாற்றல் செய்தவாறு ஏந்தி",0,
37,'எங்கள் எண்ணம்' என்ற கட்டுரையில் தமிழ் மொழி குறித்து முன்வைக்கப்படும் முக்கியக் கோரிக்கை என்ன?,unknown || 10 || மணிவிழா,மணிவிழா,NA,"மணிவிழா...... 9

பார் பார் பட்டணம் பார்                                  மெரீனா				11

கலையுலகம்                                                        வண்டு 				13

மன்னா நல்லதோ? திருநாவுக்கரசு 			16",0,
37,'எங்கள் எண்ணம்' என்ற கட்டுரையில் தமிழ் மொழி குறித்து முன்வைக்கப்படும் முக்கியக் கோரிக்கை என்ன?,unknown || 10 || ஆடையிழந்தார்!,ஆடையிழந்தார்!,தில்லை வில்லாளன்,"ஆடையிழந்தார்! -தில்லைவில்லாளன்

கலைக்டர் காரன்வாலிஸ் தன் கண்களை உயர்த்தி மேலே பார்த்தார். ஹெட் கிளார்க் ஏகாம்பர அய்யர் எதிரில் காகிதக் கட்டுகளைச் சுமந்து கொண்டு நின்றார். வாலிஸ் மற்றொரு முறை மேலுங்கீழ",0,
37,'எங்கள் எண்ணம்' என்ற கட்டுரையில் தமிழ் மொழி குறித்து முன்வைக்கப்படும் முக்கியக் கோரிக்கை என்ன?,unknown || 6 || பொதுமேடை,பொதுமேடை,NA,"பொதுமேடை                                                                                          27

வளரும் இலக்கியம்             தே. நாராயணன்                                 30

கலையும் ரசிகர்களும",0,
37,'எங்கள் எண்ணம்' என்ற கட்டுரையில் தமிழ் மொழி குறித்து முன்வைக்கப்படும் முக்கியக் கோரிக்கை என்ன?,unknown || 14 || தமிழ் அறிவுக் களஞ்சியம்,தமிழ் அறிவுக் களஞ்சியம்,கா.அப்பாத்துரை,"தமிழ் அறிவுக் களஞ்சியம்



8. தனித்தமிழியக்கம்

தனித் தமிழியக்கத்தை ஆதரித்தும் எதிர்த்தும் பலர் எழுதியுள்ளனர். அது தமிழகத்தின் நாட்டு (தேசீய) இயக்கம் என்பது உணரப்பட்டால் யாரும் எதிர்க்க வேண்டியதேயிராத",0,
37,'எங்கள் எண்ணம்' என்ற கட்டுரையில் தமிழ் மொழி குறித்து முன்வைக்கப்படும் முக்கியக் கோரிக்கை என்ன?,unknown || 1 || மொழிப்போர்,மொழிப்போர்,அருண்மொழி,"மொழிப் போர்

""அருண்மொழி""

 

உலக வாழ்வில் முன்னேற விரும்பும் ஒவ்வொரு மனிதனும் தான் ஈடுபட்ட துறையில் 'வெற்றி' காணவே விரும்புகின்றான். மக்களின் இயல்பான பண்பும் இதுதான். அடிமைக் கட்டு நீங்க ஆபிரகாம் லிங்",0,
37,'எங்கள் எண்ணம்' என்ற கட்டுரையில் தமிழ் மொழி குறித்து முன்வைக்கப்படும் முக்கியக் கோரிக்கை என்ன?,unknown || 3 || புரட்சிக்கவிஞர் விழா,புரட்சிக்கவிஞர் விழா,NA,"புரட்சிக்கவிஞர் விழா 



சென்ற ஏப்ரல் 29 புரட்சிக்கவிஞர் பாரதிதாசனாரின் 64-வது பிறந்த நாளாகும். தன்மான இயக்கம் தமிழர்க்குத் தந்த பெருஞ்செல்வமாக விளங்கி, எண்ணற்ற இளைஞர்களைக் கவிதைத் துறையில் ஊக்கும் கவ",0,
37,'எங்கள் எண்ணம்' என்ற கட்டுரையில் தமிழ் மொழி குறித்து முன்வைக்கப்படும் முக்கியக் கோரிக்கை என்ன?,unknown || 17 || டாக்டர் மு. வரதராசனார்,டாக்டர் மு. வரதராசனார்,பூவை எஸ்.ஆறுமுகம்,"டாக்டர் மு. வரதராசனார்



பேட்டிக்கட்டுரை: 						பூவை: எஸ். ஆறுமுகம்



“சினிமா பார்ப்பது தவறு என்ற சென்னை முதல்வர் சி. இராஜகோபாலாச்சாரியார், பெரியார் ஈ. ராமசாமி ஆகியவர்கள் கருத்துக்களைக் குறித்து நீ",0,
37,'எங்கள் எண்ணம்' என்ற கட்டுரையில் தமிழ் மொழி குறித்து முன்வைக்கப்படும் முக்கியக் கோரிக்கை என்ன?,unknown || 16 || புதையல்,புதையல்,சோம.மகாதேவன்,"புதையல்

சோம. மகாதேவன்

அமைதியைக் காண வாழ்வின் எல்லைக்குப் போகவேண்டிய நிலையில் இருந்தான் செல்லையா. அவனது சிந்தனையில் சுழலிட்டுக் கொண்டிருந்த எண்ணக் குமிழிகள் எந்த முடிவுக்கும் வராமல் இடையிலேயே உடைந்",0,
37,'எங்கள் எண்ணம்' என்ற கட்டுரையில் தமிழ் மொழி குறித்து முன்வைக்கப்படும் முக்கியக் கோரிக்கை என்ன?,unknown || 6 || சொல்லாராய்ச்சி அரங்கு,சொல்லாராய்ச்சி அரங்கு,கா.அப்பாத்துரை,"சொல்லாராய்ச்சி அரங்கு அப்பாத்துரை			           57

அனுபவம்                               ஜெகசிற்பியன் 			           60



மலர் 4]                            மே 10, 1950                    [இதழ் 6
",0,
37,'எங்கள் எண்ணம்' என்ற கட்டுரையில் தமிழ் மொழி குறித்து முன்வைக்கப்படும் முக்கியக் கோரிக்கை என்ன?,unknown || 15 || சதாசிவப் பண்டாரத்தார்,சதாசிவப் பண்டாரத்தார்,மு.அண்ணாமலை,"சதாசிவப் பண்டாரத்தார்

						பேட்டிக்கட்டுரை: மு. அண்ணாமலை



அண்ணாமலைநகர் பண்டிதர் குடியிருப்பிலிருந்து ஒரு வயதான மனிதர்கையில் ஒரு குடையைப் பிடித்துக்கொண்டு, ’தொப் தொப்' பென்று மெதுவாக அடியெடுத்து வ",0,
37,'எங்கள் எண்ணம்' என்ற கட்டுரையில் தமிழ் மொழி குறித்து முன்வைக்கப்படும் முக்கியக் கோரிக்கை என்ன?,unknown || 6 || முத்தமிழ் வளர,முத்தமிழ் வளர,NA,"முத்தமிழ் வளர

 	கோவையில் முத்தமிழ் வளர்ச்சி மாநாடு இம்மாதம் 27, 28ம் நாட்களில் புரட்சிக் கவிஞர் பாரதிதாசன் அவர்கள் தலைமையில் நிகழவிருக்கிறது. பசுமலை நாவலர் பாரதியார்,  மற்றும் தமிழ்ப் புலவர் பெருமக்",0,
37,'எங்கள் எண்ணம்' என்ற கட்டுரையில் தமிழ் மொழி குறித்து முன்வைக்கப்படும் முக்கியக் கோரிக்கை என்ன?,unknown || 10 || தமிழ்க் கனவு,தமிழ்க் கனவு,தியாகி,"தமிழ்க் கனவு

-தியாகி

அன்றொருநாள் அந்திப் போதினிலே

அலைகடல் கரைதனில் அமர்ந்திருந்தேன்

பொன்னின்எழில் பெற்ற பெண்ணொருத்தி

புன்னகையோ(டு) என்முன் னேநின்றான். ""மைந்தனே, நீயின்று பாடிவந்த

மாங்கனிப் ",0,
37,'எங்கள் எண்ணம்' என்ற கட்டுரையில் தமிழ் மொழி குறித்து முன்வைக்கப்படும் முக்கியக் கோரிக்கை என்ன?,unknown || 6 || பரிசு பெற்ற பைத்தியம்,பரிசு பெற்ற பைத்தியம்,ராஜன்,"பரிசுபெற்றபைத்தியம்      ராஜன் 			                      52

தமிழர் இல்லம்                      மங்கை				           55

சொல்லாராய்ச்சி அரங்கு அப்பாத்துரை			           57

அனுபவம்                    ",0,
37,'எங்கள் எண்ணம்' என்ற கட்டுரையில் தமிழ் மொழி குறித்து முன்வைக்கப்படும் முக்கியக் கோரிக்கை என்ன?,unknown || 6 || கண்ணம்மா,கண்ணம்மா,கோ.சங்கரன்,"கண்ணம்மா

கோ. சங்கரன்



அந்தி மறையும் நேரம். நான் தாமிரவருணி ஆற்றின் கரையை நோக்கிச் சென்று கொண்டிருந்தேன். இளந்தென்றல் எனக்கு அமைதியின்பம் அளித்தது. காற்றின் வேகத்தினால் நதியின் போக்கு வேகமாக இருந்த",0,
38,'மகளிர் அழகுக் குறிப்புகள்' கட்டுரையில் அக்காலப் பெண்கள் அணிந்த வளையல் வகைகளாக எவை குறிப்பிடப்படுகின்றன?,unknown || 7 || மகளிர் அழகுக் குறிப்புகள்,மகளிர் அழகுக் குறிப்புகள்,கலைச்செல்வி,"மகளிர் அழகுக் குறிப்புகள்



கட்டைக் காப்பும், கெட்டிக்கொலுசும் போட்டது மாறி, கிளாஸ் வளையல், பம்பாய் வளையல், முறுக்கு வளையல், என்றெல்லாம் வந்தது. அதுவும் மெல்ல மறைந்து ஸ்வஸ்திக், வசுந்தரா, பிரிட்ஜ் இப",3,
38,'மகளிர் அழகுக் குறிப்புகள்' கட்டுரையில் அக்காலப் பெண்கள் அணிந்த வளையல் வகைகளாக எவை குறிப்பிடப்படுகின்றன?,unknown || 6 || மகளிர் அழகுக் குறிப்புகள்,மகளிர் அழகுக் குறிப்புகள்,ஆ.மீனாட்சி,"மகளிர் அழகுக் குறிப்புகள்

            ஆ. மீனாட்சி



அநேக ஆயிரம் ஆண்டுகட்கு முன்னிருந்தே கைகளில் வளைகள் குலுங்கிட நடக்க வேண்டுமென்பது இந்திய மாதர் மனத்தே உதித்தெழும் அவாக்களில் ஒன்று. முன்னங்கைகளிலங",3,
38,'மகளிர் அழகுக் குறிப்புகள்' கட்டுரையில் அக்காலப் பெண்கள் அணிந்த வளையல் வகைகளாக எவை குறிப்பிடப்படுகின்றன?,unknown || 7 || யாருக்குச் சுதந்திரம்,யாருக்குச் சுதந்திரம்,சாமி பழனியப்பன்,"யாருக்குச் சுதந்திரம்? சாமி பழனியப்பன்



சாதி மதமென்ற போதையிலே -மக்கள்

தட்டுத் தடுமாறி மாய்கையிலே

நீதி முறையற்ற தன்மையிலே-இங்கு

நெருங்கும் சுதந்தரம் யாருக்கடா

இந்தச் சுதந்தரம் நம்மவர்க்கா - நம்மை",0,
38,'மகளிர் அழகுக் குறிப்புகள்' கட்டுரையில் அக்காலப் பெண்கள் அணிந்த வளையல் வகைகளாக எவை குறிப்பிடப்படுகின்றன?,unknown || 11 || பெண்கள் முன்னேற்றம்,பெண்கள் முன்னேற்றம்,சுலோசனா,"பெண்கள் முன்னேற்றம்

சுலோசனா



சரசு கொண்டு வந்த 'காட்லாக்’கைப் புரட்டிப் பார்த்தாள் லீலா. அதில் கண்ணைக் கவரும் முறையில் வரையப்பட்டிருந்த சட்டைகளெல்லாம் அவளுக்குப் பிடித்திருந்தன. ஒன்றைத் தேர்ந்தெடு",0,
38,'மகளிர் அழகுக் குறிப்புகள்' கட்டுரையில் அக்காலப் பெண்கள் அணிந்த வளையல் வகைகளாக எவை குறிப்பிடப்படுகின்றன?,unknown || 9 || மகளிர் அழகுக் குறிப்புகள்,மகளிர் அழகுக் குறிப்புகள்,கலைச்செல்வி,"மகளிர் அழகுக் குறிப்புகள்

கலைச்செல்வி



காதணிகளில் பற்பல விதங்களிருக்கின்றன. ஆண்களுக்கு மாத்திரம் இரண்டு மூன்று வகைகள் உண்டு. ஒற்றைக் கல் கடுக்கன், சாதாரணத் தங்க வளையங்கள் முதலியன. பெண்களுக்குக் க",0,
38,'மகளிர் அழகுக் குறிப்புகள்' கட்டுரையில் அக்காலப் பெண்கள் அணிந்த வளையல் வகைகளாக எவை குறிப்பிடப்படுகின்றன?,unknown || 8 || மகளிர் அழகுக் குறிப்புகள்,மகளிர் அழகுக் குறிப்புகள்,ஆ.மீனாட்சி,"மகளிர் அழகுக் குறிப்புகள்

ஆ. மீனாட்சி

முற்காலத்தில் பெண்கள் காதுகளை வளர்த்துக்கொள்ளுவதில் பிரியம் கொண்டனர். பெண்டிர் சிறு குழந்தைகளுக்கு ஒரு வயதானவுடன் காதுகளைக் குத்தி துவாரத்தைப் பெரிதாக்குவதற்கா",0,
38,'மகளிர் அழகுக் குறிப்புகள்' கட்டுரையில் அக்காலப் பெண்கள் அணிந்த வளையல் வகைகளாக எவை குறிப்பிடப்படுகின்றன?,unknown || 5 || தமிழ் விருந்து,தமிழ் விருந்து,தமிழ்த்தும்பி,"தமிழ்விருந்து

""தமிழ்த்தும்பி”



4. பெண்மைக்கு அழகல்ல

மங்கல ஒலிகள் பல முழங்க, கூடல் மாநகரில் காலை மலர்ந்தது. விடி வெள்ளியிலிருந்தே நகரம் கோலாகலத்திலே புரண்டது. இரவோடு இரவாகக் கட்டப்பட்ட தோரணங்கள்",0,
38,'மகளிர் அழகுக் குறிப்புகள்' கட்டுரையில் அக்காலப் பெண்கள் அணிந்த வளையல் வகைகளாக எவை குறிப்பிடப்படுகின்றன?,unknown || 5 || காலமும் கருத்தும்,காலமும் கருத்தும்,NA,"காலமும் கருத்தும்

அமெரிக்க உதவி

""இலவசமாகக் கோதுமை அளிக்கப் போகிறோம் இந்தியாவுக்கு” என்று பிரமாதமாக விளம்பரப் படுத்தினார்கள் அமெரிக்கர்கள். ஆனால் அந்தக் கோதுமை நமக்கு வந்து சேருவதற்குள் ஒன்று நம் ப",0,
39,'தியாக மூர்த்தி' கட்டுரையில் சிதம்பரம் பிள்ளை எதற்காக வருத்தப்பட்டார்?,unknown || 5 || யார் திருடன்?,யார் திருடன்?,அத்தான்,"யார் தீருடன்? - அத்தான் -

பூத்தோட்டம்   ஒன்றில்

 	பூங்கொடியின்   கொப்பில்

பூத்திருந்த  பூவில்

    	பூந்தேனை  வைத்து



 யாரேனும்  திருடர்

   	அதை  யெடுத்திடாமல்

 கூரான  முள்ளால்

  	கொடி, காத்",0,
39,'தியாக மூர்த்தி' கட்டுரையில் சிதம்பரம் பிள்ளை எதற்காக வருத்தப்பட்டார்?,unknown || 9 || தியாக மூர்த்தி,தியாக மூர்த்தி,முருகு சுப்பிரமணியன்,"தியாக மூர்த்தி

முருகு சுப்பிரமணியன்



சிதம்பரம்பிள்ளை எட்டாண்டுக் காலம் நகரசபைத் தலைவராக இருக்கும் பேறு பெற்றவர். மூன்றே ஆண்டில் முடிய வேண்டிய அவர் பதவி உலகப் பெரும் போரின் காரணமாகவும் அதற்குப் பி",3,
39,'தியாக மூர்த்தி' கட்டுரையில் சிதம்பரம் பிள்ளை எதற்காக வருத்தப்பட்டார்?,unknown || 10 || காலமும் கருத்தும்,காலமும் கருத்தும்,NA,"காலமும் கருத்தும்



பெங்களூர்

நோய்வாய்ப்பட்டிருந்த காங்கிரஸ் பெங்களூர்க் காற்றால் குணமாகிவிட்டதாகக் காங்கிரஸ் பத்திரிகைகள் பறைசாற்றுகின்றன. `காங்கிரஸ் பிளவுபட்டுவிடும்; சின்னாபின்னமாகி விடும்' என்",0,
39,'தியாக மூர்த்தி' கட்டுரையில் சிதம்பரம் பிள்ளை எதற்காக வருத்தப்பட்டார்?,unknown || 20 || புது உலகில் நேரு!,புது உலகில் நேரு!,டி.கே.சீனிவாசன்,"புது உலகில் நேரு! சீனிவாசன்

ஆடம்பரமும் அலங்காரமும் நிறைந்த வரவேற்புகளிடையே அமெரிக்காவில் பவனி வருகிறார் இந்நாட்டுப் பிரதமர் நேரு. தினத்தினம் பத்திரிகையைப் புரட்டினால் நேரு பலவிதத் தோற்றங்களில் காட்சி",0,
39,'தியாக மூர்த்தி' கட்டுரையில் சிதம்பரம் பிள்ளை எதற்காக வருத்தப்பட்டார்?,unknown || 7 || பார் பார் பட்டணம் பார்,பார் பார் பட்டணம் பார்,மெரீனா,"பட்டணம்பார்! ''மெரீனா'' எழுதுகிறது

காலஞ்சென்ற தேசீய வீரர், வ. சிதம்பரம் பிள்ளை காந்தியார் திட்டப்படி நூல் நூற்பவர்களைக் கண்டால் ""என்னடா கயிறு திரிக்கிறீர்கள்? "" என்று கிண்டல் செய்வாராம். அவர் புரட்ச",1,
39,'தியாக மூர்த்தி' கட்டுரையில் சிதம்பரம் பிள்ளை எதற்காக வருத்தப்பட்டார்?,unknown || 14 || துரோகி,துரோகி,தில்லை வில்லாளன்,"துரோகி

தில்லை வில்லாளன்



இருபத்தெட்டாம் அத்தியாயம்

சோணி, சந்த்! மெதுவாக மாடிப்படியேறி வந்த சோணிசந்த் அந்தச் சாளரத்தின் கதவுகளைச் சிறிது திறந்தான். அங்கு இருந்த காட்சி விநோதமாக இருந்தது. அவர்கள் ",0,
39,'தியாக மூர்த்தி' கட்டுரையில் சிதம்பரம் பிள்ளை எதற்காக வருத்தப்பட்டார்?,unknown || பொங்கல் மலர் || திருவாங்கூர்த் தமிழகம்,திருவாங்கூர்த் தமிழகம்,கா.அப்பாத்துரை,"திருவாங்கூர்த் தமிழகம் 

                                                       				   கா. அப்பாத்துரை

 

திருவாங்கூர்த் தமிழர் கோரிக்கை பற்றித் தமிழரேஅண்மை வரை ""ஏனோதானோ "" என்றிருந்துவந்தனர், தமிழகத",0,
39,'தியாக மூர்த்தி' கட்டுரையில் சிதம்பரம் பிள்ளை எதற்காக வருத்தப்பட்டார்?,unknown || 5 || ஒரே இரத்தம்,ஒரே இரத்தம்,சுலோசனா,"ஒரே இரத்தம்.... சுலோசனா



“ஜமீந்தார்! ஆச்சரியமாயிருக்கிறதே! வலையர் தெருச் ‘சாயாக் கடை'ப் பக்கமாகச் சற்று முன்பு உங்களைப் பார்த்தேனே…! அதற்குள்ளேயும்...... ""

""ஸ்டார்” ஐரோப்பிய ஹோட்டலின் ஓர் அறையில்",0,
39,'தியாக மூர்த்தி' கட்டுரையில் சிதம்பரம் பிள்ளை எதற்காக வருத்தப்பட்டார்?,unknown || 7 || சாக்கடையிலிருந்து,சாக்கடையிலிருந்து,இதயன்,"சாக்கடையிலிருந்து

இதயன்

நம் நாடு, திராவிட நாடு, தீப்பொறி, விடுதலை என்று கூவி அலைந்துக் கொண்டிருந்தான், சிறுவன். செய்தித் தாள்களும், வார ஏடுகளும் அன்றாடம் தாங்கி வந்துள்ள செய்திகளை, சிறுகதைகளை அவன் ",0,
39,'தியாக மூர்த்தி' கட்டுரையில் சிதம்பரம் பிள்ளை எதற்காக வருத்தப்பட்டார்?,unknown || 6 || பார் பார் பட்டணம் பார்,பார் பார் பட்டணம் பார்,மெரீனா,"3 பட்டணம்பார்

""மெரீனா எழுதுகிறது பட்டணத்திலே வெய்யில் கடு மையாகக் கொளுத்துகிறது. ஒரு நாளுக்கொருநாள வெப் பம் கூடிககொண்டே போகி றது. அப்பப்பா தாங்க முடிய வில்லை. விஷ ஏறுவது போலல்லவா ஏறுகிறது! இப் படியே ",0,
39,'தியாக மூர்த்தி' கட்டுரையில் சிதம்பரம் பிள்ளை எதற்காக வருத்தப்பட்டார்?,unknown || 8 || கண் திறக்குமா?,கண் திறக்குமா?,நக்கீரன்,"கண் திறக்குமா? ஆசிரியர்: நக்கீரன்



பதினைந்தாம் அத்தியாயம்

“இவர்தான் என் அண்ணா”



விவரிக்க முடியாத உணர்ச்சியுடனும் பொங்கி வரும் மகிழ்ச்சியுடனும் அன்று நான் வீட்டுக்குள் நுழைந்தேன். காரணம் இன்னத",0,
39,'தியாக மூர்த்தி' கட்டுரையில் சிதம்பரம் பிள்ளை எதற்காக வருத்தப்பட்டார்?,unknown || 6 || பொதுமேடை,பொதுமேடை,NA,"பொதுமேடை                                                                                          27

வளரும் இலக்கியம்             தே. நாராயணன்                                 30

கலையும் ரசிகர்களும",0,
39,'தியாக மூர்த்தி' கட்டுரையில் சிதம்பரம் பிள்ளை எதற்காக வருத்தப்பட்டார்?,unknown || 6 || பரிசு பெற்ற பைத்தியம்,பரிசு பெற்ற பைத்தியம்,ராஜன்,"பரிசுபெற்றபைத்தியம்      ராஜன் 			                      52

தமிழர் இல்லம்                      மங்கை				           55

சொல்லாராய்ச்சி அரங்கு அப்பாத்துரை			           57

அனுபவம்                    ",0,
39,'தியாக மூர்த்தி' கட்டுரையில் சிதம்பரம் பிள்ளை எதற்காக வருத்தப்பட்டார்?,unknown || 6 || சொல்லாராய்ச்சி அரங்கு,சொல்லாராய்ச்சி அரங்கு,கா.அப்பாத்துரை,"சொல்லாராய்ச்சி அரங்கு அப்பாத்துரை			           57

அனுபவம்                               ஜெகசிற்பியன் 			           60



மலர் 4]                            மே 10, 1950                    [இதழ் 6
",0,
39,'தியாக மூர்த்தி' கட்டுரையில் சிதம்பரம் பிள்ளை எதற்காக வருத்தப்பட்டார்?,unknown || 8 || வாழ்வுகாண?,வாழ்வுகாண?,மக்களன்பன்,"வாழ்வுகாண



(மக்களன்பன்)



”பொய் பேசுவது தவறல்ல:

ஆனால் அதன் பயன், இடம், விளவு ஆகியவைகளை அறிந்துதான் பேச வேண்டும்”

இது அறிஞர் சாக்ரடீஸின் அனுபவ சித்தாந்தம்! அதை அறிந்தோ அறியாமலோ சங்கரன் அன்று அப",0,
39,'தியாக மூர்த்தி' கட்டுரையில் சிதம்பரம் பிள்ளை எதற்காக வருத்தப்பட்டார்?,unknown || 14 || ஆசிரியர் வெங்கு,ஆசிரியர் வெங்கு,மு.செங்கல்வராயன்,"ஆசிரியர் ‘வெங்கு’

மு. செங்கல்வராயன்



அவன் கண்ட செல்வம் ஒரே குழந்தை. அது மடிந்துவிட்டது. அன்று முதல் இன்று வரை அவன் ஒரு பைத்தியக்காரன்- அப்படித்தானே ஊரார் சொல்லி வருகிறார்கள் - சொல்லுகிறார்கள்! அட ப",0,
40,'இது நியாயமா?' என்ற சிறுகதையில் வரும் 'அன்னம்' என்ற கதாபாத்திரம் எதனால் கவலையடைந்தது?,unknown || 9 || இது நியாயமா?,இது நியாயமா?,ராம.நாக. முத்தையா,"இது நியாயமா? முத்தையா

விபசாரி! அவள் ஓர் விபசாரி. அவளுக்கு அம்மா அப்பா இட்ட பெயர் அன்னம் என்றாலும், அவளை அவ்வூரார் விபசாரி என்ற பெயராலேயேதான் அழைத்து வந்தனர். பொல்லாத காதல் சுழல் அவளையும் ஒரு விபசாரி",1,
40,'இது நியாயமா?' என்ற சிறுகதையில் வரும் 'அன்னம்' என்ற கதாபாத்திரம் எதனால் கவலையடைந்தது?,unknown || 1 || மூடுபனி,மூடுபனி,மல்லிகை சந்தரம்,"மூடுபனி



T. மல்லிகை சுந்தரம். அன்று வானம் இருண்டு ஒரேயடியாகக் கறுத்துக் கிடந்தது. நீருண்ட மேகங்கள் ஒன்றோடொன்று முட்டி மோதி முழக்கம் செய்தன, ""இதோ வருணதேவன் வந்துவிட்டார்! "" எனக் கட்டியம் கூறுவது போலி",0,
40,'இது நியாயமா?' என்ற சிறுகதையில் வரும் 'அன்னம்' என்ற கதாபாத்திரம் எதனால் கவலையடைந்தது?,unknown || 14 || காணிக்கை,காணிக்கை,வீர.பழனியப்பன்,"காணிக்கை

வீர. பழனியப்பன்



""கண்ணம்மா,



எட்டுப் பக்கங்களில் என்னுடைய சுகத்தைப் பற்றி விசாரித்து, எச்சரித்து நீ எழுதியிருந்த கடிதம் கிடைத்தது. அதைப் படிப்பதற்கென்று ஒரு அரைமணி நேரத்தை நான் செலவி",0,
40,'இது நியாயமா?' என்ற சிறுகதையில் வரும் 'அன்னம்' என்ற கதாபாத்திரம் எதனால் கவலையடைந்தது?,unknown || 12 || உயர்திரு உல்லாசம் அவர்களுக்கு,உயர்திரு உல்லாசம் அவர்களுக்கு,வழிப்போக்கன்,"உயர்திரு உல்லாசம் அவர்களுக்கு

   	வாழ்க்கையின் லட்சியம் என்ன? உங்களைக் கேட்டால் உல்லாசமாய் இருக்க வேண்டியது என்பீர்கள். ஆனால் என்னைப் பொருத்த வரையில், ஓயாமல் மோதுகின்ற அலைகளையெல்லாம் தாங்கிக்கொண்டிரு",0,
40,'இது நியாயமா?' என்ற சிறுகதையில் வரும் 'அன்னம்' என்ற கதாபாத்திரம் எதனால் கவலையடைந்தது?,unknown || 1 || அழியாதன்றோ!,அழியாதன்றோ!,பாரதிதாசன்,"அழியாதன்றோ! ”……………………………….. வெறி கொள் 

வலியாரால் வாடும் எளியாரின் சார்பில் 

புலியாகிப் போர்தொடுக்கும் போதில்- வலியோர்கள் 

எய்யும் கோற்புண்ணும் இனிதாகும் அவ்வெளியார் 

உய்ய உழைத்ததனைத் தானினைத்தால்!",0,
40,'இது நியாயமா?' என்ற சிறுகதையில் வரும் 'அன்னம்' என்ற கதாபாத்திரம் எதனால் கவலையடைந்தது?,unknown || 4 || கோழிக்குணம்,கோழிக்குணம்,சுலோசனா,"கோழிக்குணம்

 சுலோசனா

 மூடியிருந்த ஜன்னலைத் திறந்தேன். குளிர்ச்சியான காற்று முகத்தை உரசி இன்புறுத்தியது. மலர்ந்து நின்ற மலர்களினின்று வரும் சுகந்த வாசத்தை முகர்ந்தவண்ணம் நின்ற எனது கண்கள், என் அழகிய ",0,
40,'இது நியாயமா?' என்ற சிறுகதையில் வரும் 'அன்னம்' என்ற கதாபாத்திரம் எதனால் கவலையடைந்தது?,unknown || 8 || வேட்கை,வேட்கை,ஏ. எஸ்.ராகவன்,"வேட்கை

ஏ. ராகவன்

எங்கள் வீட்டு மொட்டை மாடி என் சொர்க்கம். அங்கே கூரை வேய்ந்து தனி அறை ஒன்று அமைத்திருந்தேன். அங்கே தான் என் ஓய்வு நேரச் சீட்டுக் கச்சேரி, உதவாக்கரை சர்ச்சைகள், வீட்டுக்குக் கொண்டுவ",0,
40,'இது நியாயமா?' என்ற சிறுகதையில் வரும் 'அன்னம்' என்ற கதாபாத்திரம் எதனால் கவலையடைந்தது?,unknown || 16 || புதுக்கோட்டை மாவட்டம்,புதுக்கோட்டை மாவட்டம்,NA,"புதுக்கோட்டை மாவட்டம்



புதுக்கோட்டை இந்திய யூனியனில் இணைந்ததை நாம் வரவேற்றோம்; புதுக்கோட்டை மக்களுக்கு இணைப்பினால் நன்மை கிட்டும் என்றும் எழுதியிருந்தோம். ஆனால் நடைபெறுகிற இணைப்புத் திட்டம் புதுக்க",0,
40,'இது நியாயமா?' என்ற சிறுகதையில் வரும் 'அன்னம்' என்ற கதாபாத்திரம் எதனால் கவலையடைந்தது?,unknown || 6 || தமிழ் விருந்து,தமிழ் விருந்து,தமிழ்த்தும்பி,"தமிழ் விருந்து

  ""தமிழ்த்தும்பி""

5. என்னடி துன்பம்! கதிர்ச்செல்வன் மலை வாயில் விழுந்துகொண்டிருந்தான். அவனுடைய பொற்கதிர்கள் வானத்தின் தெளிந்த நீல வண்ணத்தைச் சிதைத்தன. பகலோனின் ஒளியை மறைக்க முற்பட்ட",0,
40,'இது நியாயமா?' என்ற சிறுகதையில் வரும் 'அன்னம்' என்ற கதாபாத்திரம் எதனால் கவலையடைந்தது?,unknown || 4 || முருகானந்தக் கவீராயர்,முருகானந்தக் கவீராயர்,இளமைப்பித்தன்,"முருகானந்தக் கவிராயர்

-இளமைப்பித்தன்

கொஞ்ச நாட்களாகவே திருவாளர் ‘முருகானந்தம்’ அவர்களுடைய ‘மூளை' முறுக்கேறிப் போயிருந்தது. திடீர், திடீரென்று இந்த உலக நினைவற்றவராய் மாறிப்போய்த் தம் கண்களை மூடிக்கொ",0,
40,'இது நியாயமா?' என்ற சிறுகதையில் வரும் 'அன்னம்' என்ற கதாபாத்திரம் எதனால் கவலையடைந்தது?,unknown || 4 || அலையும் வலை,அலையும் வலை,நா.பாண்டுரங்கன்,"அலையும் வலை

நா. பாண்டுரங்கன்



நகரத்தைக் கடந்து சாலையில் வெகு தொலை வந்து விட்டாள் ஆசிரியை அன்னம். விண்ணில், மாலை நேரத்தில், விரைந்திடும் மேகங்கள் எப்போதும் போல்தான் அன்றும் விதவிதமான வர்ணங்களில் காண",0,
40,'இது நியாயமா?' என்ற சிறுகதையில் வரும் 'அன்னம்' என்ற கதாபாத்திரம் எதனால் கவலையடைந்தது?,unknown || பொங்கல் மலர் || பால்  பொங்கிற்று,பால்  பொங்கிற்று,சுகி,"பால் பொங்கிற்று

                                                                  	  சுகி



 [தெருவை ஒட்டிய வீடானாலும் முன்பக்கம் கை பிடிச்சுவர். அகன்ற கூடத்தில் அலங்காரமான மேஜை நாற்காலிக",0,
40,'இது நியாயமா?' என்ற சிறுகதையில் வரும் 'அன்னம்' என்ற கதாபாத்திரம் எதனால் கவலையடைந்தது?,unknown || 8 || வெள்ளி முளைத்தது,வெள்ளி முளைத்தது,வீர.பழனியப்பன்,"வெள்ளி முளைத்தது

வீர. பழனியப்பன்



 ”ஏய்...... ”

……………………….. ”

'பட்' 'பட்’ என்று கதவைத் தட்டும் சப்தம். எருமை மாடு""

`படார்'... கதவைப் பலமாகத் தட்டும் சப்தம். ம்' என்ற முனகல் வீட்டினுள்ளிருந்து ",0,
40,'இது நியாயமா?' என்ற சிறுகதையில் வரும் 'அன்னம்' என்ற கதாபாத்திரம் எதனால் கவலையடைந்தது?,unknown || 8 || கண் திறக்குமா?,கண் திறக்குமா?,நக்கீரன்,"கண் திறக்குமா? ஆசிரியர்: நக்கீரன்



பதினைந்தாம் அத்தியாயம்

“இவர்தான் என் அண்ணா”



விவரிக்க முடியாத உணர்ச்சியுடனும் பொங்கி வரும் மகிழ்ச்சியுடனும் அன்று நான் வீட்டுக்குள் நுழைந்தேன். காரணம் இன்னத",0,
40,'இது நியாயமா?' என்ற சிறுகதையில் வரும் 'அன்னம்' என்ற கதாபாத்திரம் எதனால் கவலையடைந்தது?,unknown || 9 || கண் திறக்குமா?,கண் திறக்குமா?,நக்கீரன்,"கண்திறக்குமா? ஆசிரியர் நக்கீரன்



பதினாறாம் அத்தியாயம்

ஆனந்தக் கண்ணீர்



மணவாளன் விடை பெற்றுக்கொண்டு சென்றதும் இன்னதென்று விவரிக்க முடியாத ஒருவித உணர்ச்சியில் வசப்பட்டுவிட்டது என் மனம். `கோடையிலே இ",0,
40,'இது நியாயமா?' என்ற சிறுகதையில் வரும் 'அன்னம்' என்ற கதாபாத்திரம் எதனால் கவலையடைந்தது?,unknown || 4 || எங்களுர்க் கவிராய கேசரி,எங்களுர்க் கவிராய கேசரி,சுகி,"எங்களுர்க் கவிராய கேசரி 		……சுகி				85

இருட்டறையில் உள்ளதடா உலகம் 	….. ஜெகசிற்பியன்			92





விலை அணா 8





தமிழ்நாட்டு வால்ட் விட்மன்

பாரதிதாசனார் ஈடும் எடுப்புமில்லாத புரட்சிக் கவிஞர். தமிழ் ந",0,
40,'இது நியாயமா?' என்ற சிறுகதையில் வரும் 'அன்னம்' என்ற கதாபாத்திரம் எதனால் கவலையடைந்தது?,unknown || 4 || பாரதிதாசனின் பண்புகள்,பாரதிதாசனின் பண்புகள்,நா.இராசவேல்,"பாரதிதாசனின் பண்புகள்

நா. இராசவேல்

புதுவை, மாதா கோயில் தெருவில் பன்னிரண்டு ரூபாய் வாடகையில் சிறு வீடு; தெரு நடையில் அறையொன்று. அதன் கதவிலும், உள் சுவரிலும் பல இடங்களில் - பற்பல கோணங்களில் -- எழுதப",0,
41,பொன்னி இதழின் மலர் ஐந்தில் இதழ் மூன்றில் 'காலமும் கருத்தும்' தலைப்பில் உட்தலைப்பான 'தபால் கட்டணம்' கூறும் கருத்து யாது.,unknown || 2 || பாதுகாப்பு,பாதுகாப்பு,கோபாலரெட்டி,பாதுகாப்பு! ஒரு லட்சிய நாட்டில் மக்கள் நோயும் வறுமையும் இல்லாமல் வாழ வேண்டுமென்றும் பொருள்கள் அதிகம் உற்பத்தியாகிச் செல்வம் சேமிக்கப்பட வேண்டுமென்றும் திருப்தியும் மகிழ்ச்சியும் பாதுகாப்பும் குடிகொண்ட,0,
41,பொன்னி இதழின் மலர் ஐந்தில் இதழ் மூன்றில் 'காலமும் கருத்தும்' தலைப்பில் உட்தலைப்பான 'தபால் கட்டணம்' கூறும் கருத்து யாது.,unknown || 17 || வளரும் இலக்கியம்,வளரும் இலக்கியம்,NA,"வளரும் இலக்கியம்

இந்நாள் இலக்கியச் சந்தையில் இடம்பெறும் புத்தகப் பட்டியலின் இடத்தை நாவல் - அதிலும் எட்டணா நாவல்களின் பெயர்கள் அதிகம் அடைத்துக் கொண்டிருக்கும் நிலையிலே, ‘சில்லறை' நாவல்களுக்குத்தான் இன",0,
41,பொன்னி இதழின் மலர் ஐந்தில் இதழ் மூன்றில் 'காலமும் கருத்தும்' தலைப்பில் உட்தலைப்பான 'தபால் கட்டணம்' கூறும் கருத்து யாது.,unknown || 3 || காலமும் கருத்தும்,காலமும் கருத்தும்,NA,"காலமும் கருத்தும்



மாதம் இருமுறை

இந்த இதழ் முதல் 'பொன்னி' மாதம் இருமுறையாக வெளிவருகிறது. இச்செய்தி நம் அன்பர்களை மகிழ்ச்சிக் கடலில் திளைக்கவைக்கும் என்று நம்புகின்றோம். ஏற்கனவே எண்ணற்ற அன்பர்கள் இ",1,
41,பொன்னி இதழின் மலர் ஐந்தில் இதழ் மூன்றில் 'காலமும் கருத்தும்' தலைப்பில் உட்தலைப்பான 'தபால் கட்டணம்' கூறும் கருத்து யாது.,unknown || 20 || மக்கள் ஆட்சி மலர வேண்டும்,மக்கள் ஆட்சி மலர வேண்டும்,NA,"மக்கள் ஆட்சி மலர வேண்டும்

தேர்தல்காள் நெருங்கிவிட்டது. ஜனவரி பிறந்தால் தமிழ் நாட்டில் தேர்தல் தொடங்கிவிடும். இந்தியாவின் மற்ற சில பகுதிகளில் தேர்தல் இப்பொழுது நடந்து கொண்டிருக்கிறது. இமாசலப் பிரதேசம",0,
41,பொன்னி இதழின் மலர் ஐந்தில் இதழ் மூன்றில் 'காலமும் கருத்தும்' தலைப்பில் உட்தலைப்பான 'தபால் கட்டணம்' கூறும் கருத்து யாது.,unknown || 2 || காலமும் கருத்தும்,காலமும் கருத்தும்,NA,"காலமும் கருத்தும்

இரும்புத் தொழிற்சாலை



 	சென்னை மாகாணத்தில் ஒரு இரும்புத் தொழிற்சாலை ஏற்படுத்தச் செய்துவிட வேண்டுமென்று ஓமாந்தூரார் மந்திரிசபையினர் மிகுந்த அக்கரை காட்டி வருகின்றனர். மிகப் பரந்த த",1,
41,பொன்னி இதழின் மலர் ஐந்தில் இதழ் மூன்றில் 'காலமும் கருத்தும்' தலைப்பில் உட்தலைப்பான 'தபால் கட்டணம்' கூறும் கருத்து யாது.,unknown || 11 || இந்தி வந்தது இந்தி!,இந்தி வந்தது இந்தி!,NA,"இந்தி வந்தது,இந்தி! அறப்போர் நடைபெறுகிறது, சென்னையில்! ஆனால் மக்களின் ஆதரவு நாடெங்கும் அதற்குண்டு என்பதற்குச் சான்று இக்கடிதங்கள், மீந்துள்ளவை அடுத்த இதழில் வெளிவரும். புதுக்கோட்டை

24-8-48

இரத்தத்",0,
41,பொன்னி இதழின் மலர் ஐந்தில் இதழ் மூன்றில் 'காலமும் கருத்தும்' தலைப்பில் உட்தலைப்பான 'தபால் கட்டணம்' கூறும் கருத்து யாது.,unknown || 15 || சிலப்பதிகாரக் காட்சிகள்,சிலப்பதிகாரக் காட்சிகள்,விசு.திருநாவுக்கரசு,"சிலப்பதிகாரக் காட்சிகள்

விசு. திருநாவுக்கரசு

15. அரசன் யார்? கள்வன் யார்? ஆயர்பாடியிலே மாதரி கண்ணாற் கண்ட தீயநிகழ்ச்சிகளை ஒப்ப, அரச மாதேவி கனவிலே தீயன நிகழக் காணுகிறாள். செங்கோல் வளைவதை, வெண்குடை நி",0,
41,பொன்னி இதழின் மலர் ஐந்தில் இதழ் மூன்றில் 'காலமும் கருத்தும்' தலைப்பில் உட்தலைப்பான 'தபால் கட்டணம்' கூறும் கருத்து யாது.,unknown || 1 || வானம்படி,வானம்படி,கவிஞர் ஷெல்லி. கா.அப்பாத்துரை,"வானம்பாடி

முதலாசிரியர்: கவிஞர் ஷெல்லி. தமிழாக்கம்: கா. அப்பாத்துரை



வாழி வானம்பாடி, வான்

அணங்குநீ! புள் அல்லவே! சூழ் ஒளித்தடத்தில்நின்று

பண் இசைப்பாய் மெல்லவே;

தூய நெஞ்சுருக்கி மஞ்சுருக்கி வ",0,
41,பொன்னி இதழின் மலர் ஐந்தில் இதழ் மூன்றில் 'காலமும் கருத்தும்' தலைப்பில் உட்தலைப்பான 'தபால் கட்டணம்' கூறும் கருத்து யாது.,unknown || 1 || காலமும் கருத்தும்,காலமும் கருத்தும்,NA,"காலமும் கருத்தும் 



அகில தமிழர் மாநாடு 

சென்னையில் பிப்ரவரி 14, 15, தேதிகளில் கூடிய அகில தமிழர் மாநாடு சில தீர்மானங்களை நிறைவேற்றியிருக்கிறது. குறிப்பாக திரு ஜி.. நாயுடு அவர்கள் கொண்டுவந்த தமிழ் நா",2,
41,பொன்னி இதழின் மலர் ஐந்தில் இதழ் மூன்றில் 'காலமும் கருத்தும்' தலைப்பில் உட்தலைப்பான 'தபால் கட்டணம்' கூறும் கருத்து யாது.,unknown || 8 || கருகிய மலர்,கருகிய மலர்,சுலோசனா,"கருகிய மலர்

சிறுகதை : சுலோசனா

(சென்ற இதழ்த் தொடர்ச்சி)



துயரம் தாங்காது 'கோ’ வென்று கதறிவிட்டேன்! அவரது சித்தப்பிரமை என்னைக் கண்ட கணத்திலேயே அகன்றுவிட்டது! என் கணவரோடு ஏதேதோ பேசிக் கொண்டிருந்துவி",0,
41,பொன்னி இதழின் மலர் ஐந்தில் இதழ் மூன்றில் 'காலமும் கருத்தும்' தலைப்பில் உட்தலைப்பான 'தபால் கட்டணம்' கூறும் கருத்து யாது.,unknown || 18 || ராஜா ராணி,ராஜா ராணி,தங்கமணி,"ராஜா ராணி

தங்கமணி

8. ராணியின் சபதம்! வாளை ஓங்கிக்கொண்டே பாய்ந்தோடி வந்தான் அதிகார மமதை கொண்ட ராஜசிம்மன். ராணி ஆடாமல் அசையாமல் கம்பீரமாய் நின்றாள். ''சிங்கக் குட்டியிடமிருந்து உன் உயிரைக் காப்பாற்றி",0,
41,பொன்னி இதழின் மலர் ஐந்தில் இதழ் மூன்றில் 'காலமும் கருத்தும்' தலைப்பில் உட்தலைப்பான 'தபால் கட்டணம்' கூறும் கருத்து யாது.,unknown || 11 || மாகாளி கவசம்,மாகாளி கவசம்,எஸ்.சதாசிவம்,"மாகாளி கவசம்

-எஸ். சதாசிவம்

கந்தசாமிப்பிள்ளை தெருத் திண்ணையில் உட்கார்ந்து கொண்டு 'சிறுத்தொண்ட பக்தன் கதை'யில் கலிகால வர்ணனையை ராகம்போட்டு வாசித்துக்கொண்டிருந்தார். “காலம் கலிகாலம் பக்தா! கஷ்டகாலம் ",0,
41,பொன்னி இதழின் மலர் ஐந்தில் இதழ் மூன்றில் 'காலமும் கருத்தும்' தலைப்பில் உட்தலைப்பான 'தபால் கட்டணம்' கூறும் கருத்து யாது.,unknown || 20 || ஆடும் மாடும்,ஆடும் மாடும்,டி.கே.சீனிவாசன்,"ஆடும் மாடும்

டி. சீனிவாசன்

பத்தாவது அத்தியாயம்



பிரிக்கப்படும் மிட்டாய்ப் பொட்டலத்தை ஆசையோடு பார்க்கும் சிறு குழந்தையைப் போல வாடி வதங்கிய தோற்றத்தோடு வாயிலில் நிற்கும் சேகரனையே பார்த்தாள் மோகனா.",0,
41,பொன்னி இதழின் மலர் ஐந்தில் இதழ் மூன்றில் 'காலமும் கருத்தும்' தலைப்பில் உட்தலைப்பான 'தபால் கட்டணம்' கூறும் கருத்து யாது.,unknown || 12 || செய்தித் திரட்டு,செய்தித் திரட்டு,NA,"செய்தித் திரட்டு







அண்ணாமலைப் பல்கலைக் கழக வெள்ளி விழா





பிப்ரவரி 7, 8 தேதிகளில் அண்ணாமலைப் பல்கலைக் கழக வெள்ளி விழா சிதம்பரம் அண்ணாமலை நகரில் கொண்டாடப் பெற்றது. அவ்வமயம் பல துறைகளிலும் பண்பட்",2,
41,பொன்னி இதழின் மலர் ஐந்தில் இதழ் மூன்றில் 'காலமும் கருத்தும்' தலைப்பில் உட்தலைப்பான 'தபால் கட்டணம்' கூறும் கருத்து யாது.,unknown || 2 || மீண்டும் பரிசு!,மீண்டும் பரிசு!,NA,மீண்டும் பரிசு! சென்ற இதழில் வெளியான நிழற்படத்திற்கு ஆயிரக்கணக்கான தலைப்புகளை அனுப்பிவைத்திருக்கிறாாகள் நண்பர்கள். அவற்றில் பொருத்தமான தலைப்புகள் பல இருக்கின்றன. பொருத்தத்தோடு கற்பனையும் பொருள் நயமும்,0,
41,பொன்னி இதழின் மலர் ஐந்தில் இதழ் மூன்றில் 'காலமும் கருத்தும்' தலைப்பில் உட்தலைப்பான 'தபால் கட்டணம்' கூறும் கருத்து யாது.,unknown || 23 || பொது மேடை,பொது மேடை,NA,"பொது மேடை.. 'பொன்னி' தந்த மலர் பற்றி நமக்குக் கிடைத்து வரும் கருத்துரைகள் உண்மையிலேயே உற்சாகத்தை ஊட்டுவனவாய் அமைந்துள்ளன. சில கடிதங்களை மட்டும் வெளியிட்டுள்ளளோம். திருச்சி

25-1-50

முழு வெற்றி

பொ",0,
41,பொன்னி இதழின் மலர் ஐந்தில் இதழ் மூன்றில் 'காலமும் கருத்தும்' தலைப்பில் உட்தலைப்பான 'தபால் கட்டணம்' கூறும் கருத்து யாது.,unknown || 2 || வளரும் இலக்கியம்,வளரும் இலக்கியம்,"நா. வேத்தரசன், மு. அண்ணாமலை, சாமி பழனியப்பன்","வளரும் இலக்கியம்



இன்பக்கடல்

சத்திமுத்தப் புலவர்



கவியரசர் பாரதிதாசனார் தமிழ் மக்களுக்கு வழங்கியிருக்கும் இரண்டு நாடகங்கள் இவை. நாடகங்களின் சிறப்பு பற்றி நாம் அதிகம் சொல்லத் தேவையில்லை. ஏனெனில",0,
41,பொன்னி இதழின் மலர் ஐந்தில் இதழ் மூன்றில் 'காலமும் கருத்தும்' தலைப்பில் உட்தலைப்பான 'தபால் கட்டணம்' கூறும் கருத்து யாது.,unknown || 10 || மணிவிழா,மணிவிழா,NA,"மணிவிழா...... 9

பார் பார் பட்டணம் பார்                                  மெரீனா				11

கலையுலகம்                                                        வண்டு 				13

மன்னா நல்லதோ? திருநாவுக்கரசு 			16",0,
41,பொன்னி இதழின் மலர் ஐந்தில் இதழ் மூன்றில் 'காலமும் கருத்தும்' தலைப்பில் உட்தலைப்பான 'தபால் கட்டணம்' கூறும் கருத்து யாது.,unknown || 19 || வளரும் இலக்கியம்,வளரும் இலக்கியம்,நா. வேத்தரசன்,"வளரும் இலக்கியம்



காதல் (ஆண்டு மலர்)

அழகிய மூவர்ண முகப்புடன் காதல் ஆண்டு மலர் மலர்ந்திருக்கிறது. கவிமணி தேசிக விநாயகம் பிள்ளை அவர்களின் வாழ்த்துடன் துவங்கி, ஆஸ்தான கவிஞர், கவிமணி, நாச்சியப்பன், பா",0,
42,பொன்னி இதழில் தாகூர் எழுதிய கவிதையின் மொழிபெயர்ப்பாக வரும் தலைப்பின் பெயர் என்ன? அதன் ஆசிரியர் யார்?,unknown || 11 || இருண்ட வாழ்வு,இருண்ட வாழ்வு,இளமைப்பித்தன்,"இருண்ட வாழ்வு



""நான் யார்? "" இந்தக் கேள்வியை எனக்குள் நானே கேட்டுக் கொண்டேன். இந்தக் கேள்வியின் எதிரொலி இதயம் முழுவதும் ஓர் முறை சுற்றி வந்தது. ""எப்பொழுது பிறந்தேன். எதற்காகப் பிறந்தேன், என்னுடைய லட",0,
42,பொன்னி இதழில் தாகூர் எழுதிய கவிதையின் மொழிபெயர்ப்பாக வரும் தலைப்பின் பெயர் என்ன? அதன் ஆசிரியர் யார்?,unknown || 4 || மக்கள் மன்றம்,மக்கள் மன்றம்,NA,"மக்கள் மன்றம்



நீடாமங்கலம்

4-4-54



பைந்தமிழ்ப் பாதை நடந்து பூத்துக் குலுங்கிடும் செந்தமிழ்ச் சோலையைக் கண்ணுற்றேன். தும்பியெனப் பறந்து திரிந்து தேன் தமிழ்ச் சுவை திகட்டிட உண்டேன். வாழ்க பொன்னி!",0,
42,பொன்னி இதழில் தாகூர் எழுதிய கவிதையின் மொழிபெயர்ப்பாக வரும் தலைப்பின் பெயர் என்ன? அதன் ஆசிரியர் யார்?,unknown || 9 || அன்பின் எல்லை,அன்பின் எல்லை,தமிழ்த்தும்பி,"அன்பின் எல்லை



தமிழ்த்தும்பி





பல் கிட்டும் குளிர். வாடைக் காற்று வேறு 'விர்விர் ' என்று சுழன்றடித்தது. இருக்கும் குளிரை அதிகமாக்கிக்  கொண்டிருந்தது அவ்வாடை. போதும் போதாததற்கு மழையும் அவற்றோடு  ",0,
42,பொன்னி இதழில் தாகூர் எழுதிய கவிதையின் மொழிபெயர்ப்பாக வரும் தலைப்பின் பெயர் என்ன? அதன் ஆசிரியர் யார்?,unknown || 11 || காதலிக்கு.!,காதலிக்கு.!,வா.செ.குலோத்துங்கன்,"காதலிக்கு...! குலோத்துங்கன்



அன்பே!..... எவ்வளவு அழகான ஆழமான சொல்! உனக்கென்றே செந்தமிழ்க்காவில் யான் கொய்து வந்த தேன் சிந்தும் மணமலர்! எழில் நிறைந்த இளமையுள்ளத்தின் காதல் உணர்ச்சியை, அதன் மாற்றுக் க",0,
42,பொன்னி இதழில் தாகூர் எழுதிய கவிதையின் மொழிபெயர்ப்பாக வரும் தலைப்பின் பெயர் என்ன? அதன் ஆசிரியர் யார்?,unknown || 7 || பொதுமேடை,பொதுமேடை,NA,"பொது மேடை 





ஆண்டர்சன் பேட்டை



3-5-50





 * வாழ்க! கவிஞர் பாரதிதாசன் தமிழகத்தின் ஷெல்லி; தமிழரை வாழ்விக்க  வந்த தென்றல். காயமே இது பொய்யடா' என்று கீதம் பாடவில்லை பாரதிதாசன். பிறவா வரம் தாரும் ",0,
42,பொன்னி இதழில் தாகூர் எழுதிய கவிதையின் மொழிபெயர்ப்பாக வரும் தலைப்பின் பெயர் என்ன? அதன் ஆசிரியர் யார்?,unknown || 16 || புதுக்கோட்டை மாவட்டம்,புதுக்கோட்டை மாவட்டம்,NA,"புதுக்கோட்டை மாவட்டம்



புதுக்கோட்டை இந்திய யூனியனில் இணைந்ததை நாம் வரவேற்றோம்; புதுக்கோட்டை மக்களுக்கு இணைப்பினால் நன்மை கிட்டும் என்றும் எழுதியிருந்தோம். ஆனால் நடைபெறுகிற இணைப்புத் திட்டம் புதுக்க",0,
42,பொன்னி இதழில் தாகூர் எழுதிய கவிதையின் மொழிபெயர்ப்பாக வரும் தலைப்பின் பெயர் என்ன? அதன் ஆசிரியர் யார்?,unknown || 2 || தமிழ் விருந்து,தமிழ் விருந்து,தமிழ்த்தும்பி,"தமிழ் விருந்து



ஐந்தாவது ஆண்டு ஆரம்ப இதழ் கண்டு ஆனந்தம் கொண்டேன். அதேபோது கடந்த நான்கு ஆண்டுகளில் தமிழகத்தாருக்குப் 'பொன்னி' ஆற்றியிருக்கும் எண்ணற்ற அருஞ் செயல்கள் என் நினைவிற்கு வந்தன, மக்கள் மன்றத",0,
42,பொன்னி இதழில் தாகூர் எழுதிய கவிதையின் மொழிபெயர்ப்பாக வரும் தலைப்பின் பெயர் என்ன? அதன் ஆசிரியர் யார்?,unknown || 2 || சிநேகிதி,சிநேகிதி,மு.அண்ணாமலை,"சிநேகிதி

மு. அண்ணாமலை

[வெளியிட்டவர்கள்: பழனி பிரசுரம் - புதுக்கோட்டை விலை ரூ. 2-8-0]



வளரும் இலக்கியம்

பண்பாடடைந்த உள்ளத்தையும் செயற்கரிய செயல் செய்பவர்களையும் நாம் வாழ்க்கையில் அடிக்கடி காண்ப",0,
42,பொன்னி இதழில் தாகூர் எழுதிய கவிதையின் மொழிபெயர்ப்பாக வரும் தலைப்பின் பெயர் என்ன? அதன் ஆசிரியர் யார்?,unknown || 1 || மாறுதல்,மாறுதல்,திருநாவுக்கரசன்,"மாறுதல்



சொ. திருநாவுக்கரசன்





எட்டடுக்கு மாளிகையிலே ஏற்ற வாழ்வு பெற்றிருக்கும் ஏகாம்பரர் வெளி உலகிற்கு ஏதும் தெரியாதவராக—கள்ளச் சந்தையை மறைக்கக் கடவுள் பக்தராகக் காட்சியளிப்பது—காரிய உலகவாதிகளை",0,
42,பொன்னி இதழில் தாகூர் எழுதிய கவிதையின் மொழிபெயர்ப்பாக வரும் தலைப்பின் பெயர் என்ன? அதன் ஆசிரியர் யார்?,unknown || 15 || இரவில்...,இரவில்...,நா.பாண்டுரங்கன்,"பாண்டுரங்கன்



நடுவே டாலர் கோத்த வெண்முத்துமாலையை யாரோ தனித் தனியே பிய்த்து வீசியெறிந்தது போல, உயரத்தில் வட்ட நிலாவும் அதைச் சுற்றிச் சிதறிக் கிடந்த நட்சத்திரங்களும் காணப்பட்டன, மணியொலிகள் பன்னிரெண்",0,
42,பொன்னி இதழில் தாகூர் எழுதிய கவிதையின் மொழிபெயர்ப்பாக வரும் தலைப்பின் பெயர் என்ன? அதன் ஆசிரியர் யார்?,unknown || 3 || வளரும் இலக்கியம்,வளரும் இலக்கியம்,NA,"வளரும் இலக்கியம்



காலச் சக்கரம் * *

(வாரப் பத்திரிகை)

சிறு கதைகளும் இன்றையத் தேவையை உணர்த்தும் கட்டுரைகளும், கொண்டுள்ளது இப்பத்திரிகை. உட்பக்கங்களில் பத்திரிகை அமைப்பு பார்ப்பதற்கு அழகாக இல்லை. ",0,
42,பொன்னி இதழில் தாகூர் எழுதிய கவிதையின் மொழிபெயர்ப்பாக வரும் தலைப்பின் பெயர் என்ன? அதன் ஆசிரியர் யார்?,unknown || 7 || காலமும் கருத்தும்,காலமும் கருத்தும்,NA,"காலமும் கருத்தும்



புதுமைப் பித்தன்

தமிழ்ச் சிறுகதை மன்னராக விளங்கிவந்த நண்பர் 'புதுமைப் பித்தன்' இயற்கை எய்தினார் என்ற செய்தி தமிழருக்குப் பெருந் துயரத்தை அளித்தது. 'வெறும் அத்தைப் பாட்டி'க் கதை",0,
42,பொன்னி இதழில் தாகூர் எழுதிய கவிதையின் மொழிபெயர்ப்பாக வரும் தலைப்பின் பெயர் என்ன? அதன் ஆசிரியர் யார்?,unknown || 1 || நிழல்,நிழல்,பி. எல்.சாமி,"நிழல்





புத்தாண்டு



‘பொன்னி'யும், தமிழகமும் தம் வாழ்வில் ஒரு புத்தாண்டு புகுந்துள்ளன. அண்மையில் கழிந்த தமிழர் தனித்தமிழ் விழாவான பொங்கல் விழாவுடன் திருவள்ளுவர் ஆண்டு 1983 முடிவுற்று 1984 பிறந்து",0,
42,பொன்னி இதழில் தாகூர் எழுதிய கவிதையின் மொழிபெயர்ப்பாக வரும் தலைப்பின் பெயர் என்ன? அதன் ஆசிரியர் யார்?,unknown || 16 || புது எழுத்தாளர்கள்,புது எழுத்தாளர்கள்,நா.வேத்தரசன்,"புது எழுத்தாளர்கள்

              நா. வேத்தரசன்

     	 4. நேரில் கொடுக்கலாமா? சில எழுத்தாளர்கள் தங்கள் கட்டுரையோ கதையோ வெளிவந்து தான் ஆக வேண்டுமென்றால் ஆசிரியரை நேரில் கண்டு கொடுத்துவிட்டு வருவதுதான்",0,
42,பொன்னி இதழில் தாகூர் எழுதிய கவிதையின் மொழிபெயர்ப்பாக வரும் தலைப்பின் பெயர் என்ன? அதன் ஆசிரியர் யார்?,unknown || 15 || நமக்குள்ளே,நமக்குள்ளே,சுகி,"நமக்குள்ளே

               சுகி

 5

  கிராமத்துப் பக்கமாகப் போனசமயம் நான் திடுக்கிட்டுப்போனேன்; அங்கே நாற்றுப்பறித்துக் கொண்டு ஏதோ பாடினார்கள்; களைவெட்டுகிறவர்கள் பாடினார்கள்; வயல் அறுவடை நாளிலும் பா",0,
42,பொன்னி இதழில் தாகூர் எழுதிய கவிதையின் மொழிபெயர்ப்பாக வரும் தலைப்பின் பெயர் என்ன? அதன் ஆசிரியர் யார்?,unknown || 17 || வளரும் இலக்கியம்,வளரும் இலக்கியம்,NA,"வளரும் இலக்கியம்

இந்நாள் இலக்கியச் சந்தையில் இடம்பெறும் புத்தகப் பட்டியலின் இடத்தை நாவல் - அதிலும் எட்டணா நாவல்களின் பெயர்கள் அதிகம் அடைத்துக் கொண்டிருக்கும் நிலையிலே, ‘சில்லறை' நாவல்களுக்குத்தான் இன",0,
42,பொன்னி இதழில் தாகூர் எழுதிய கவிதையின் மொழிபெயர்ப்பாக வரும் தலைப்பின் பெயர் என்ன? அதன் ஆசிரியர் யார்?,unknown || 5 || பாரதிதாசன் மணிவிழா மலர்,பாரதிதாசன் மணிவிழா மலர்,"வள்ளிக்கண்ணன், க. கூடலரசன், என். தங்கவேலு, ஏ. எஸ். ராகவன், வேலை - வில்லவன்","பாரதிதாசன் மணிவிழா மலர்



சிறந்த தயாரிப்பு

நீங்கள் அன்புடன் அனுப்பிய ‘பொன்னி' மலர் கிடைத்தது. அன்புக்கு நன்றி. சிறந்த தயாரிப்பு, கண்ணுக்கும் கருத்துக்கும் விருந்து. கவிஞரைப் பற்றிப் பலரது எண்ணங்கள",0,
42,பொன்னி இதழில் தாகூர் எழுதிய கவிதையின் மொழிபெயர்ப்பாக வரும் தலைப்பின் பெயர் என்ன? அதன் ஆசிரியர் யார்?,unknown || 1 || வளரும் இலக்கியம்,வளரும் இலக்கியம்,"கோவை இளஞ்சேரன், சாமி பழனியப்பன், மலையன், நாக முத்தையா","வளரும் இலக்கியம்



வரப்பெற்றோம். திராவிடநாடு (பொங்கல் மலர். )

அழகான முந்நிற அட்டையோடு இவ்வாண்டுத் திராவிட நாடு பொங்கல் மலர் திகழ்கின்றது. அண்ணாவின் `இருளில் ஒளி ' 'புதிய பாதை' என்ற கட்டுரைகளுடன் தோ",0,
42,பொன்னி இதழில் தாகூர் எழுதிய கவிதையின் மொழிபெயர்ப்பாக வரும் தலைப்பின் பெயர் என்ன? அதன் ஆசிரியர் யார்?,unknown || 5 || பொது மேடை,பொது மேடை,NA,"பொது மேடை



தமிழ் உபாத்திமைச் சங்கம்

டர்பன் 9-3-49

   இலக்கியம், கலை, அரசியல், சமயம் ஆகிய எல்லாத் துறைகளிலும், சமுதாய நலமே ஒப்பற்ற நலமாகக் கொண்டும், சமுதாய உணர்வு கொண்டு மக்களும் நாடும் உயர்வுகொ",0,
42,பொன்னி இதழில் தாகூர் எழுதிய கவிதையின் மொழிபெயர்ப்பாக வரும் தலைப்பின் பெயர் என்ன? அதன் ஆசிரியர் யார்?,unknown || 1 || அழியாதன்றோ!,அழியாதன்றோ!,பாரதிதாசன்,"அழியாதன்றோ! ”……………………………….. வெறி கொள் 

வலியாரால் வாடும் எளியாரின் சார்பில் 

புலியாகிப் போர்தொடுக்கும் போதில்- வலியோர்கள் 

எய்யும் கோற்புண்ணும் இனிதாகும் அவ்வெளியார் 

உய்ய உழைத்ததனைத் தானினைத்தால்!",0,
43,பொன்னியில் 'சீன நாட்டில் சேர்ந்த வெற்றி' என்ற தலைப்பானது எந்த இலக்கிய வடிவத்தை சார்ந்தது? அதன் ஆசிரியர் யார்? அது கூறும் கருத்து என்ன?,unknown || 1 || வாழ்த்தும் வரவேற்பும்,வாழ்த்தும் வரவேற்பும்,NA,"'வாழ்த்தும் வரவேற்பும்'





""முற்போக்குக் கருத்துகளை, கதை, கவிதை, கட்டுரை வடிவிலே நமக்கெல்லாம் வழங்கி வந்த பொன்னி இதழ் மீண்டும் மலர இருப்பது கேட்டு மகிழ்கிறேன். இதழ் திராவிட முன்னேற்றக் கழகத்துக்குத்",0,
43,பொன்னியில் 'சீன நாட்டில் சேர்ந்த வெற்றி' என்ற தலைப்பானது எந்த இலக்கிய வடிவத்தை சார்ந்தது? அதன் ஆசிரியர் யார்? அது கூறும் கருத்து என்ன?,unknown || 3 || இலக்கிய விமரிசகர்கள்,இலக்கிய விமரிசகர்கள்,மு.அண்ணாமலை,"இலக்கிய விமரிசகர்கள்

செத்த பிணம்போல் கிடக்காமல் ஏதோ கலகலப்புடன் சண்டையும் வம்புமாக இருந்தால் தான் அறிவு விரிய இடம் உண்டாகும்



ரஷ்யக் கவிதைகளைப் படித்தேன். அதில் குறிப்பிடத்தக்க ஒரு வசன கவிதை இருந்",0,
43,பொன்னியில் 'சீன நாட்டில் சேர்ந்த வெற்றி' என்ற தலைப்பானது எந்த இலக்கிய வடிவத்தை சார்ந்தது? அதன் ஆசிரியர் யார்? அது கூறும் கருத்து என்ன?,unknown || 4 || தனிமனித சுதந்திரம்,தனிமனித சுதந்திரம்,ரா.தணலன்,"தனிமனித சுதந்திரம்



ரா. தணலன்







ஏன் இதை வெறுக்கிறோம்? இந்த நூற்றாண்டு மனிதத் தன்மையின் அருணோதய காலமாக இருக்க வேண்டும் என்று சரித்திரம் தீர்மானித்து விட்டது. 'எல்லோரும் இந்நாட்டு மக்கள். எல்லோர",0,
43,பொன்னியில் 'சீன நாட்டில் சேர்ந்த வெற்றி' என்ற தலைப்பானது எந்த இலக்கிய வடிவத்தை சார்ந்தது? அதன் ஆசிரியர் யார்? அது கூறும் கருத்து என்ன?,unknown || 4 || முன்னுக்கு வாருங்கள்,முன்னுக்கு வாருங்கள்,சுகி,"முன்னுக்கு வாருங்கள்



சுகி



என்னய்யா தமிழ்! பிரமாத தமிழாம். பாருங்கள் ஆங்கிலத்திலே முன்னுக்கு வரும் வழிகளைப் பற்றி எத்தனை எத்தனை புத்தகங்கள். உங்கள் தமிழ் மொழியில் இத்தனையுண்டா? இல்லை, எழுதத்தான",0,
43,பொன்னியில் 'சீன நாட்டில் சேர்ந்த வெற்றி' என்ற தலைப்பானது எந்த இலக்கிய வடிவத்தை சார்ந்தது? அதன் ஆசிரியர் யார்? அது கூறும் கருத்து என்ன?,unknown || 4 || ஏழை நாய்,ஏழை நாய்,ரா.நீலமேகம்,"ஏழை நாய்



- ரா. நீலமேகம்-





தெருவில் அதிக ஜன நடமாட்டம் இல்லாத நேரம், தனியாகப் போய்க் கொண்டிருந்த என் காலில் திடீரென்று ஒரு சிறு கல் வந்து பட்டுச் சிதறியது. வலி தாங்க முடியாமல் திரும்பினேன். பின்ன",0,
43,பொன்னியில் 'சீன நாட்டில் சேர்ந்த வெற்றி' என்ற தலைப்பானது எந்த இலக்கிய வடிவத்தை சார்ந்தது? அதன் ஆசிரியர் யார்? அது கூறும் கருத்து என்ன?,unknown || 8 || இலக்கியத்தில் காதல்,இலக்கியத்தில் காதல்,அகிலன்,"இலக்கியத்தில் காதல்

அகிலன்

மறுமலர்ச்சி பெற்று சிறுகதை, நாவல், கவிதை, நாடகம் இவற்றின் வாயிலாக இன்று வளர்ந்து வரும் தமிழ், காதல் கலப்பில்லாதிருந்தால் இவ்வளவு தூரம் வளர்ந்திருக்காது; இனியும் வளராது. உ",0,
43,பொன்னியில் 'சீன நாட்டில் சேர்ந்த வெற்றி' என்ற தலைப்பானது எந்த இலக்கிய வடிவத்தை சார்ந்தது? அதன் ஆசிரியர் யார்? அது கூறும் கருத்து என்ன?,unknown || 2 || பாட்டாளி மக்களே!,பாட்டாளி மக்களே!,சிலம்பின் செல்வன்,"பாட்டாளி மக்களே! ""சிலம்பீன் செல்வன்""



மண்ணினின்றெழுந்து விண்ணை முட்டும் மாட மாளிகைகளை, கண்ணுக்குத் துணையாய் கலத்திற்கு வழிகாட்டும் கலங்கரை விளக்கங்களை, மன்னவன் வாழ்ந்திட்ட மதில் சூழ்ந்த மாப்பேராலயத",0,
43,பொன்னியில் 'சீன நாட்டில் சேர்ந்த வெற்றி' என்ற தலைப்பானது எந்த இலக்கிய வடிவத்தை சார்ந்தது? அதன் ஆசிரியர் யார்? அது கூறும் கருத்து என்ன?,unknown || 9 || இந்திக் குழப்பம்,இந்திக் குழப்பம்,NA,"இந்திக் குழப்பம்



இந்துப் பேச்சு வகையில், தமிழ்நாட்டின், குழப்ப அமைச்சர்' மட்டுமல்ல குழப்பமடைவது; இந்தி பற்றிய வரலாறு, இந்தி பற்றிய செய்திகள் ஆகியவை என்றைக்குமே எல்லாம் குழப்ப மயம்தான். ’சுவரும் கூர",0,
43,பொன்னியில் 'சீன நாட்டில் சேர்ந்த வெற்றி' என்ற தலைப்பானது எந்த இலக்கிய வடிவத்தை சார்ந்தது? அதன் ஆசிரியர் யார்? அது கூறும் கருத்து என்ன?,unknown || 2 || பொது மேடை,பொது மேடை,NA,"பொது மேடை



	சிதம்பரம் 16-2-49. 'பொன்னி' யின் பொங்கல் மலர் ஒரு தங்க மலர் - பகுத்தறிவு மணம் இருக்கிறது அதில்! பொன் மலர் நாற்றமுடைத்து…. என்று பாடியது இன்று உண்மையாகி விட்டது. கதைகளுக்கேற்ற பட அமைப்பு",0,
43,பொன்னியில் 'சீன நாட்டில் சேர்ந்த வெற்றி' என்ற தலைப்பானது எந்த இலக்கிய வடிவத்தை சார்ந்தது? அதன் ஆசிரியர் யார்? அது கூறும் கருத்து என்ன?,unknown || 13 || சீன நாட்டில் சேர்ந்த வெற்றி,சீன நாட்டில் சேர்ந்த வெற்றி,அம்மான்,"சீன நாட்டில் சேர்ந்த வெற்றி



வெற்றி வெற்றி வெற்றி வெற்றி



செங் கொடிக்கு வெற்றியே! சொந்த நாட்டில் மக்கள் ஆட்சி



துலங்கச் செய்த ரஷியா



எந்தநாட்டின் செல்வரு மஞ்ச



ஏற்றங்கொண்டு வாழுவதே! செங்",3,
43,பொன்னியில் 'சீன நாட்டில் சேர்ந்த வெற்றி' என்ற தலைப்பானது எந்த இலக்கிய வடிவத்தை சார்ந்தது? அதன் ஆசிரியர் யார்? அது கூறும் கருத்து என்ன?,unknown || 21 || பொதுமேடை,பொதுமேடை,NA,"பொதுமேடை….. போத்தனூர்

 1-12-49

 வரிக்காக மதுவிலக்கா? மதுவிலக்கு வெற்றியளிக்கவில்லை என்பது மாநில மக்களும், நாடாளும் அமைச்சர்களும் நன்கறிந்ததொன்றாகும். அதைக் குறித்து முதலமைச்சர் முதல் கடைசிக் கதர்க",0,
43,பொன்னியில் 'சீன நாட்டில் சேர்ந்த வெற்றி' என்ற தலைப்பானது எந்த இலக்கிய வடிவத்தை சார்ந்தது? அதன் ஆசிரியர் யார்? அது கூறும் கருத்து என்ன?,unknown || பொங்கல் மலர் || நந்தன்,நந்தன்,தில்லை வில்லாளன்,"நந்தன்

தில்லை வில்லாளன்



`டைரக்டர்' ஜீனதத்தன் சுழல் நாற்காலியில் சுற்றிவிட்டுத் திருபினார். அவர் எதிரில் 'பித்தன்' நின்றார். ""நல்ல கதை யொன்று எழுத வேண்டும்""

""ஆகா, அழகாய், கவர்ச்சியாய்- '

அற்புத",0,
43,பொன்னியில் 'சீன நாட்டில் சேர்ந்த வெற்றி' என்ற தலைப்பானது எந்த இலக்கிய வடிவத்தை சார்ந்தது? அதன் ஆசிரியர் யார்? அது கூறும் கருத்து என்ன?,unknown || 2 || மக்கள் மன்றம்,மக்கள் மன்றம்,NA,"மக்கள் மன்றம்



இன்றைய அரசியல், வாழ்க்கை நிலை ஆகிய அன்றாட நிலவரங்கள் பற்றி 'பொன்னி'யின் வாசகராகிய நீங்கள் என்ன நினைக்கிறீர்கள்? உங்கள் கருத்துரையைப் பொன்னி, மக்கள் மன்றத்தில் அரைப் பக்கத்துக்கு மேற",0,
43,பொன்னியில் 'சீன நாட்டில் சேர்ந்த வெற்றி' என்ற தலைப்பானது எந்த இலக்கிய வடிவத்தை சார்ந்தது? அதன் ஆசிரியர் யார்? அது கூறும் கருத்து என்ன?,unknown || 17 || விமர்சனம் கண்ட பயன்,விமர்சனம் கண்ட பயன்,மு.அண்ணாமலை,"விமரிசனம் கண்ட பயன்



புத்தகச் சந்தையிலே மலை மலையாகக் குவியும் புத்தகங்களைக் கண்டு வாசகர்கள் மயங்கி நிற்பதாகவும் அவர்கள் முன்நின்று ‘நல்ல புத்தகம் இது’ ‘கெட்ட புத்தகம் இது’ என்று தெரிந்துகூறாவிட்டால்",0,
43,பொன்னியில் 'சீன நாட்டில் சேர்ந்த வெற்றி' என்ற தலைப்பானது எந்த இலக்கிய வடிவத்தை சார்ந்தது? அதன் ஆசிரியர் யார்? அது கூறும் கருத்து என்ன?,unknown || 14 || தமிழ் விருந்து,தமிழ் விருந்து,தமிழ்த்தும்பி,"தமிழ் விருந்து



தமிழ்த்தும்பி



9. பேசும் கிளியும் பேசாப் பாவையும்



‘கொக்கரக்கோ' என்று கோழியின் குரல் காற்று வெளியில் தவழ்ந்தது. அதைத் தொடர்ந்து சில பறவைகளின் 'கிரீச்' என்ற ஒலியும் கேட்டது. காலை ",0,
43,பொன்னியில் 'சீன நாட்டில் சேர்ந்த வெற்றி' என்ற தலைப்பானது எந்த இலக்கிய வடிவத்தை சார்ந்தது? அதன் ஆசிரியர் யார்? அது கூறும் கருத்து என்ன?,unknown || 16 || புதுக்கோட்டை மாவட்டம்,புதுக்கோட்டை மாவட்டம்,NA,"புதுக்கோட்டை மாவட்டம்



புதுக்கோட்டை இந்திய யூனியனில் இணைந்ததை நாம் வரவேற்றோம்; புதுக்கோட்டை மக்களுக்கு இணைப்பினால் நன்மை கிட்டும் என்றும் எழுதியிருந்தோம். ஆனால் நடைபெறுகிற இணைப்புத் திட்டம் புதுக்க",0,
43,பொன்னியில் 'சீன நாட்டில் சேர்ந்த வெற்றி' என்ற தலைப்பானது எந்த இலக்கிய வடிவத்தை சார்ந்தது? அதன் ஆசிரியர் யார்? அது கூறும் கருத்து என்ன?,unknown || 23 || அதனால் என்ன?,அதனால் என்ன?,நா.பாண்டுரங்கன்,"'அதனால் என்ன? பாண்டுரங்கன்



''மயிலை! என்ன சொன்னாள் மனோரஞ்சிதம்? ''

""அவங்க வரமுடியாதாம் இங்கே ""

”ஏன்? ”

“நீங்க போகணுமாம் அங்கே”

""நிஜமாவா சொன்னாள்? ”

""ஆமாம் எஜமான். சுகம் யாரையும் தேடிப்போகாத",0,
44,"பொன்னியில் மலர் 3, 18 இதழில் உள்ள 'வம்பு மடம்' பகுதியிலிருந்து ஒரு உரையாடல் பற்றி கூறுக.",unknown || 1 || நான்காவது ஆண்டு,நான்காவது ஆண்டு,NA,"நான்காவது ஆண்டு

நான்காவது ஆண்டு தொடக்க இதழுடன் `பொன்னி' நல்லாள் உங்கள் முன் நிற்கிறாள்; ஆம் மூன்றாண்டு முடிந்துவிட்டது, 'பொன்னி’யின் பயணம் தொடங்கி. அன்பர்களின் ஒத்துழைப்பும் ஆர்வமுமே இந்த இன்பப் பயண",0,
44,"பொன்னியில் மலர் 3, 18 இதழில் உள்ள 'வம்பு மடம்' பகுதியிலிருந்து ஒரு உரையாடல் பற்றி கூறுக.",unknown || 5 || பொது மேடை,பொது மேடை,NA,"பொது மேடை



தமிழ் உபாத்திமைச் சங்கம்

டர்பன் 9-3-49

   இலக்கியம், கலை, அரசியல், சமயம் ஆகிய எல்லாத் துறைகளிலும், சமுதாய நலமே ஒப்பற்ற நலமாகக் கொண்டும், சமுதாய உணர்வு கொண்டு மக்களும் நாடும் உயர்வுகொ",0,
44,"பொன்னியில் மலர் 3, 18 இதழில் உள்ள 'வம்பு மடம்' பகுதியிலிருந்து ஒரு உரையாடல் பற்றி கூறுக.",unknown || 3 || இலாபத்தில் பங்கு,இலாபத்தில் பங்கு,அறிஞர் அண்ணா துரை,"இலாபத்தில் பங்கு! அஞ்சி அஞ்சிச் சாவார், அவர் அஞ்சாத பொருளில்லை என்று கூறும் அளவில்தானே நமது விவசாய மக்கள் இருக்கிறார்கள். அவர்கள் வாழ்க்கையுயர்வது எப்போது! போதிய உணவு இல்லை, வசதியில்லை, வாழ்க்கையே அவர",0,
44,"பொன்னியில் மலர் 3, 18 இதழில் உள்ள 'வம்பு மடம்' பகுதியிலிருந்து ஒரு உரையாடல் பற்றி கூறுக.",unknown || 21 || மக்கள் மன்றம்,மக்கள் மன்றம்,NA,"மக்கள் மன்றம்





நிழல்

(நாடகம்)

பி. சாமி





ஜெகசிற்பியன்

வாணிதாசன்

ஜடாதரன்

இரா. இளஞ்சேரன்

பி. ராமகிருஷ்ணன்

ரா. பாலாஜி

தன. நடராஜன்



ஆகியவர்கள் எழுதுகிறார்கள்











பொருளடக்கம்



மலர",0,
44,"பொன்னியில் மலர் 3, 18 இதழில் உள்ள 'வம்பு மடம்' பகுதியிலிருந்து ஒரு உரையாடல் பற்றி கூறுக.",unknown || 1 || பொது மேடை,பொது மேடை,NA,"பொது மேடை



சென்னை 14 - 18-1-48 

'பொன்னி'யைக் கண்டேன். பதினெட்டு வயது இளங்குமரியைப் போல் அழகாகவும் கவர்ச்சியாகவுமிருக்கிறாள். தொட்ட இடமெல்லாம் இனிக்கிறது. பொன்னி வளர்க, வாழ்க என வாழ்த்துகிறேன். -இரா",0,
44,"பொன்னியில் மலர் 3, 18 இதழில் உள்ள 'வம்பு மடம்' பகுதியிலிருந்து ஒரு உரையாடல் பற்றி கூறுக.",unknown || 2 || பொது மேடை,பொது மேடை,NA,"பொது மேடை



	சிதம்பரம் 16-2-49. 'பொன்னி' யின் பொங்கல் மலர் ஒரு தங்க மலர் - பகுத்தறிவு மணம் இருக்கிறது அதில்! பொன் மலர் நாற்றமுடைத்து…. என்று பாடியது இன்று உண்மையாகி விட்டது. கதைகளுக்கேற்ற பட அமைப்பு",0,
44,"பொன்னியில் மலர் 3, 18 இதழில் உள்ள 'வம்பு மடம்' பகுதியிலிருந்து ஒரு உரையாடல் பற்றி கூறுக.",unknown || 18 || பொது  மேடை,பொது  மேடை,NA,"வாசகர்களின் கருத்துரைகளை வெளியிடுவதற்கென்றே இப்பகுதி ஒவ்வொரு இதழிலும் இடம் பெறுகிறது. `பொன்'னியைப் பற்றி மட்டுமல்ல, உள்நாட்டு, வெளிநாட்டு நடப்புகளில் எதைப் பற்றியும் அன்பர்கள் தந்தம் எண்ணங்களை, எழுதிய",0,
44,"பொன்னியில் மலர் 3, 18 இதழில் உள்ள 'வம்பு மடம்' பகுதியிலிருந்து ஒரு உரையாடல் பற்றி கூறுக.",unknown || 7 || உள்களுக்குப் பரிசு!,உள்களுக்குப் பரிசு!,NA,"உள்களுக்குப் பரிசு! …	3

யாரோ அவன்! …	4

ஒரே வழி 						…	5

இரண்டு காட்சிகள் 				…	8

இலக்கியத்தென்றல் 				…	12

பொழுதுபோக்கு 					…	15

யாரோ! …	17

முக்கோணம் 					…	26

உதகையிலே! …	36

காப்பிக் கொட்ட",0,
44,"பொன்னியில் மலர் 3, 18 இதழில் உள்ள 'வம்பு மடம்' பகுதியிலிருந்து ஒரு உரையாடல் பற்றி கூறுக.",unknown || 2 || அந்தநாள்,அந்தநாள்,சிலம்பின் செல்வன்,"அந்த நாள்

""சிலம்பீன் செல்வன்""



காட்சி 3

[இடம் : செங்குட்டுவன் தனியறை. நிமித்திகன் மொழியும். அரசவை நிகழ்ச்சியும், செங்குட்டுவன் உள்ளத்தே ஒரு பெரும் புயலை உண்டாக்கிவிட்டன. ]



செங்கு:- பெற்ற தா",1,
44,"பொன்னியில் மலர் 3, 18 இதழில் உள்ள 'வம்பு மடம்' பகுதியிலிருந்து ஒரு உரையாடல் பற்றி கூறுக.",unknown || 1 || மூன்றவது ஆண்டு,மூன்றவது ஆண்டு,NA,"மூன்றவது ஆண்டு



உங்கள் அருமைப் 'பொன்னி’க்கு இன்று மூன்றாம் ஆண்டு தொடங்குகிறது; அன்பர்களின் ஆர்வம், ஒத்துழைப்பு என்னும் துணை கொண்டு இரண்டு ஆண்டுப் பயணத்தை வெற்றிகரமாக முடித்திருக்கிறள் 'பொன்னி' நல்லா",1,
44,"பொன்னியில் மலர் 3, 18 இதழில் உள்ள 'வம்பு மடம்' பகுதியிலிருந்து ஒரு உரையாடல் பற்றி கூறுக.",unknown || 2 || மக்கள் மன்றம்,மக்கள் மன்றம்,NA,"மக்கள் மன்றம்



இன்றைய அரசியல், வாழ்க்கை நிலை ஆகிய அன்றாட நிலவரங்கள் பற்றி 'பொன்னி'யின் வாசகராகிய நீங்கள் என்ன நினைக்கிறீர்கள்? உங்கள் கருத்துரையைப் பொன்னி, மக்கள் மன்றத்தில் அரைப் பக்கத்துக்கு மேற",0,
44,"பொன்னியில் மலர் 3, 18 இதழில் உள்ள 'வம்பு மடம்' பகுதியிலிருந்து ஒரு உரையாடல் பற்றி கூறுக.",unknown || 15 || சிலப்பதிகாரக் காட்சிகள்,சிலப்பதிகாரக் காட்சிகள்,விசு.திருநாவுக்கரசு,"சிலப்பதிகாரக் காட்சிகள்

விசு. திருநாவுக்கரசு

15. அரசன் யார்? கள்வன் யார்? ஆயர்பாடியிலே மாதரி கண்ணாற் கண்ட தீயநிகழ்ச்சிகளை ஒப்ப, அரச மாதேவி கனவிலே தீயன நிகழக் காணுகிறாள். செங்கோல் வளைவதை, வெண்குடை நி",0,
44,"பொன்னியில் மலர் 3, 18 இதழில் உள்ள 'வம்பு மடம்' பகுதியிலிருந்து ஒரு உரையாடல் பற்றி கூறுக.",unknown || 4 || இலக்கியச் செல்வங்கள்,இலக்கியச் செல்வங்கள்,செங்கதிர்,"இலக்கியச் செல்வங்கள்



கெடுப்பதும் எடுப்பதும்

‘’செங்கதிர்’’



கெடுப்பது - அரியதொரு பொருளை இழத்தல்; தவறி விடுதல். எடுப்பது - அப்பொருளை மீண்டும் பெறுதல். ஒரு பொருள் கெட்டால் தோன்றும் துயரத்தின் அள",0,
44,"பொன்னியில் மலர் 3, 18 இதழில் உள்ள 'வம்பு மடம்' பகுதியிலிருந்து ஒரு உரையாடல் பற்றி கூறுக.",unknown || 1 || வளரும் இலக்கியம்,வளரும் இலக்கியம்,"கோவை இளஞ்சேரன், சாமி பழனியப்பன், மலையன், நாக முத்தையா","வளரும் இலக்கியம்



வரப்பெற்றோம். திராவிடநாடு (பொங்கல் மலர். )

அழகான முந்நிற அட்டையோடு இவ்வாண்டுத் திராவிட நாடு பொங்கல் மலர் திகழ்கின்றது. அண்ணாவின் `இருளில் ஒளி ' 'புதிய பாதை' என்ற கட்டுரைகளுடன் தோ",0,
44,"பொன்னியில் மலர் 3, 18 இதழில் உள்ள 'வம்பு மடம்' பகுதியிலிருந்து ஒரு உரையாடல் பற்றி கூறுக.",unknown || 21 || பொதுமேடை,பொதுமேடை,NA,"பொதுமேடை….. போத்தனூர்

 1-12-49

 வரிக்காக மதுவிலக்கா? மதுவிலக்கு வெற்றியளிக்கவில்லை என்பது மாநில மக்களும், நாடாளும் அமைச்சர்களும் நன்கறிந்ததொன்றாகும். அதைக் குறித்து முதலமைச்சர் முதல் கடைசிக் கதர்க",0,
44,"பொன்னியில் மலர் 3, 18 இதழில் உள்ள 'வம்பு மடம்' பகுதியிலிருந்து ஒரு உரையாடல் பற்றி கூறுக.",unknown || 6 || வளரும் இலக்கியம்,வளரும் இலக்கியம்,நா. வேத்தரசன்,"வளரும் இலக்கியம்

ஓடாதே**

 ஒரு சிறு பையனின் பரிதாபகரமான கதை. அவன் துன்பத்தைத் தாங்கமுடியாமல் கடலில் விழப் போகும்போது `தமிழ்வாணன்' அண்ணா தடுத்து விடுகிறார். அவன் அன்புக்குரிய தங்கச்சியும் ஓடி வருகிறாள",0,
45,பொன்னி இதழில் நாவலர் பாரதியார் எழுதிய 'இந்தி மொழி' என்னும் கட்டுரையில் இந்தி மொழியைக் கற்பது தமிழ் மாணவர்களுக்கு ஏன் கடினம் என்று குறிப்பிடப்படுகிறது?,unknown || 6 || இந்தி வந்தது இந்தி!,இந்தி வந்தது இந்தி!,NA,"இந்தி வந்தது, இந்தி! இந்தி தமிழ்நாட்டில் மட்டும் விருப்ப பாடம் என்று வேடிக்கை காட்டினார் கல்வி அமைச்சர் “தமிழ் வாழ்வதா, தமிழ் நாட்டில் "" என்றெண்ணிய ஏடுகளும், வடநாடு நோக்கித் தண்டனிடும் 'பெரிய மனிதர் '",0,
45,பொன்னி இதழில் நாவலர் பாரதியார் எழுதிய 'இந்தி மொழி' என்னும் கட்டுரையில் இந்தி மொழியைக் கற்பது தமிழ் மாணவர்களுக்கு ஏன் கடினம் என்று குறிப்பிடப்படுகிறது?,unknown || 18 || இந்தி மொழி,இந்தி மொழி,நாவலர் பாரதியார்,"இந்தி மொழி

-நாவலர் பாரதியார்

ஆரிய மொழியாலும், அதன் கலையாலும், தேசியம் என்ற போர்வை போர்த்துத் தமிழ் நாடில், தமிழ்மொழிக்குரிய இடமும், உரிமையும் நிலை தளரச் செய்தது போதாததுபோல, நமது தமிழ்மொழி, இதுபோது",3,
45,பொன்னி இதழில் நாவலர் பாரதியார் எழுதிய 'இந்தி மொழி' என்னும் கட்டுரையில் இந்தி மொழியைக் கற்பது தமிழ் மாணவர்களுக்கு ஏன் கடினம் என்று குறிப்பிடப்படுகிறது?,unknown || 11 || இந்தி வந்தது இந்தி!,இந்தி வந்தது இந்தி!,NA,"இந்தி வந்தது,இந்தி! அறப்போர் நடைபெறுகிறது, சென்னையில்! ஆனால் மக்களின் ஆதரவு நாடெங்கும் அதற்குண்டு என்பதற்குச் சான்று இக்கடிதங்கள், மீந்துள்ளவை அடுத்த இதழில் வெளிவரும். புதுக்கோட்டை

24-8-48

இரத்தத்",0,
45,பொன்னி இதழில் நாவலர் பாரதியார் எழுதிய 'இந்தி மொழி' என்னும் கட்டுரையில் இந்தி மொழியைக் கற்பது தமிழ் மாணவர்களுக்கு ஏன் கடினம் என்று குறிப்பிடப்படுகிறது?,unknown || 5 || பாரதிதாசன் பரம்பரை,பாரதிதாசன் பரம்பரை,கு.திரவியம்,"பாரதிதாசன் பரம்பரை

       ------------தமிழ்த்தாய்------------



சிலம்பொலிக்க   என்னருகில்   ஒருத்தி  வந்தாள்

சிற்றிடையில்   மேகலைதான்   மின்னக்  கண்டேன்! சிலிர்த்திடநல்   ஒளிகாலும்   அணியாம்  சிந்",0,
45,பொன்னி இதழில் நாவலர் பாரதியார் எழுதிய 'இந்தி மொழி' என்னும் கட்டுரையில் இந்தி மொழியைக் கற்பது தமிழ் மாணவர்களுக்கு ஏன் கடினம் என்று குறிப்பிடப்படுகிறது?,unknown || 19 || பொது மேடை,பொது மேடை,NA,"`பொன்னி'யின் அன்பர்கள் நாட்டு நடப்பு, உலக நிகழ்ச்சி எதைப் பற்றியும் தத்தம் கருத்துரையை இப்பகுதிக்கு எழுதி அனுப்பலாம். ஒரே ஒரு நிபந்தனைதான். உங்கள் கருத்துரை ஒரு ‘கார்டுக்குள்' அடங்கி விட

- வேண்டுமென",0,
45,பொன்னி இதழில் நாவலர் பாரதியார் எழுதிய 'இந்தி மொழி' என்னும் கட்டுரையில் இந்தி மொழியைக் கற்பது தமிழ் மாணவர்களுக்கு ஏன் கடினம் என்று குறிப்பிடப்படுகிறது?,unknown || 5 || வளரும் இலக்கியம்,வளரும் இலக்கியம்,அரசன்,"வளரும் இலக்கியம்



இன்பத் திராவிடம்

 	இன்பத் திராவிடம் கிடைத்தது. ""அதற்காகப் போராடிக் கொண்டிருக்கும் எங்களுக்குத் தெரியாமல் எப்படிக் கிடைத்தது, என்று கிடைத்தது? என்று கேள்விகளை அடுக்கிவிடாதீர்கள். ",0,
45,பொன்னி இதழில் நாவலர் பாரதியார் எழுதிய 'இந்தி மொழி' என்னும் கட்டுரையில் இந்தி மொழியைக் கற்பது தமிழ் மாணவர்களுக்கு ஏன் கடினம் என்று குறிப்பிடப்படுகிறது?,unknown || 8 || இலக்கியத்தில் காதல்,இலக்கியத்தில் காதல்,அகிலன்,"இலக்கியத்தில் காதல்

அகிலன்

மறுமலர்ச்சி பெற்று சிறுகதை, நாவல், கவிதை, நாடகம் இவற்றின் வாயிலாக இன்று வளர்ந்து வரும் தமிழ், காதல் கலப்பில்லாதிருந்தால் இவ்வளவு தூரம் வளர்ந்திருக்காது; இனியும் வளராது. உ",0,
45,பொன்னி இதழில் நாவலர் பாரதியார் எழுதிய 'இந்தி மொழி' என்னும் கட்டுரையில் இந்தி மொழியைக் கற்பது தமிழ் மாணவர்களுக்கு ஏன் கடினம் என்று குறிப்பிடப்படுகிறது?,unknown || 11 || வளரும் இலக்கியம்,வளரும் இலக்கியம்,நா. வேத்தரசன்,"வளரும் இலக்கியம்



போதும் முதலாளித்வம் ***

 	தமிழ் நாட்டில் பொதுவுடைமைக் கருத்துக்கள் இன்னும் சரியாக விளக்கப்படவில்லை. பொதுவுடைமை பற்றிப் பேசும் கட்சிகளும் சரி, பத்திரிக்கைகளும் சரி முதலாளிகளை முழு ",0,
45,பொன்னி இதழில் நாவலர் பாரதியார் எழுதிய 'இந்தி மொழி' என்னும் கட்டுரையில் இந்தி மொழியைக் கற்பது தமிழ் மாணவர்களுக்கு ஏன் கடினம் என்று குறிப்பிடப்படுகிறது?,unknown || 13 || இந்தி ஏகாதிபத்தியம்,இந்தி ஏகாதிபத்தியம்,NA,"இந்தி ஏகாதிபத்தியம்



இந்தி மொழியின் ஆதிக்கம் நாளொரு மேனியும் பொழுதொரு வண்ணமுமாக வளர்ந்து வருகிறது; இந்தியாவின் தேசீய மொழி என்றும், நாட்டின் பொது மொழி என்றும், இந்திய அரசினர் மொழி என்றும் இந்திக்கு ",1,
45,பொன்னி இதழில் நாவலர் பாரதியார் எழுதிய 'இந்தி மொழி' என்னும் கட்டுரையில் இந்தி மொழியைக் கற்பது தமிழ் மாணவர்களுக்கு ஏன் கடினம் என்று குறிப்பிடப்படுகிறது?,unknown || 10 || இந்தி வந்தது இந்தி!,இந்தி வந்தது இந்தி!,NA,"இந்தி வந்தது, இந்தி! தமிழகம் மட்டுமல்ல. திருவாங்கூர்த் தமிழகம், இலங்கை, மலாயா நாடுகளில் வாழும் தமிழரும் கட்டாய இந்தியைக் கண்டு போர் முரசு கொட்டுகின்றனர். அலுவலகத்தில் மலைபோல் குவிந்திருக்கும் கடிதங்கள",0,
45,பொன்னி இதழில் நாவலர் பாரதியார் எழுதிய 'இந்தி மொழி' என்னும் கட்டுரையில் இந்தி மொழியைக் கற்பது தமிழ் மாணவர்களுக்கு ஏன் கடினம் என்று குறிப்பிடப்படுகிறது?,unknown || 11 || கற்றது ஒழுகு,கற்றது ஒழுகு,வாழ்நன்,"”கற்றது ஒழுகு”

“வாழ்நன்”



கல்வியின் பெருமை குறித்து, கற்றலின் இன்றியமையாமை குறித்து, நாடாளும் தலைவர்களும் ஏடாளும் எழுத்தாளர்களும், நாட்டு முன்னேற்றத்திலே நாட்டங் கொண்டோரும், கல்வி அமைச்சர்களும் கண்",0,
45,பொன்னி இதழில் நாவலர் பாரதியார் எழுதிய 'இந்தி மொழி' என்னும் கட்டுரையில் இந்தி மொழியைக் கற்பது தமிழ் மாணவர்களுக்கு ஏன் கடினம் என்று குறிப்பிடப்படுகிறது?,unknown || 8 || இந்தி வந்தது இந்தி,இந்தி வந்தது இந்தி,NA,"இந்தி வந்தது, இந்தி! நம் அலுவலகத்தில் குவிந்திருக்கும் இந்தி எதிர்ப்புத் கடிதங்களில் சிலவற்றை இங்கு வெளியிட்டிருக்கிறோம். மற்றவை அடுத்த இதழ்களில் தொடர்ந்து வெளியிடப்படும். சென்னிமலை

 6-7-48

        ",0,
45,பொன்னி இதழில் நாவலர் பாரதியார் எழுதிய 'இந்தி மொழி' என்னும் கட்டுரையில் இந்தி மொழியைக் கற்பது தமிழ் மாணவர்களுக்கு ஏன் கடினம் என்று குறிப்பிடப்படுகிறது?,unknown || 11 || காதலிக்கு.!,காதலிக்கு.!,வா.செ.குலோத்துங்கன்,"காதலிக்கு...! குலோத்துங்கன்



அன்பே!..... எவ்வளவு அழகான ஆழமான சொல்! உனக்கென்றே செந்தமிழ்க்காவில் யான் கொய்து வந்த தேன் சிந்தும் மணமலர்! எழில் நிறைந்த இளமையுள்ளத்தின் காதல் உணர்ச்சியை, அதன் மாற்றுக் க",0,
45,பொன்னி இதழில் நாவலர் பாரதியார் எழுதிய 'இந்தி மொழி' என்னும் கட்டுரையில் இந்தி மொழியைக் கற்பது தமிழ் மாணவர்களுக்கு ஏன் கடினம் என்று குறிப்பிடப்படுகிறது?,unknown || 7 || இந்தி வந்தது இந்தி!,இந்தி வந்தது இந்தி!,NA,"இந்தி வந்தது, இந்தி! இங்கே கல்வியமைச்சருக்குத் தமிழ்ப் பெருமக்களின் கருத்துரைகள் திரட்டித் தரப்படுகின்றன. கட்டாய இந்தியைக் கண்டு தமிழ்ப் பொது மக்கள், குறிப்பாக மாணவர்கள் எவ்வனவு கொதிப்படைகிறார்கள்! வர",0,
45,பொன்னி இதழில் நாவலர் பாரதியார் எழுதிய 'இந்தி மொழி' என்னும் கட்டுரையில் இந்தி மொழியைக் கற்பது தமிழ் மாணவர்களுக்கு ஏன் கடினம் என்று குறிப்பிடப்படுகிறது?,unknown || 11 || இந்தி கட்டாயமில்லை,இந்தி கட்டாயமில்லை,NA,"இந்தி கட்டாயமில்லை





கல்வியமைச்சர் மாதவமேனன் ஒருவாறு தெளிவடைந்து மொழிக் கல்வி பற்றிக் தம் திட்டத்தை அறிவித்து விட்டார். கல்வியமைச்சராக இருந்த தோழர் அவினாசிலிங்கம் செய்த சீர்திருத்தங்களை அடுத்து, இவ",0,
45,பொன்னி இதழில் நாவலர் பாரதியார் எழுதிய 'இந்தி மொழி' என்னும் கட்டுரையில் இந்தி மொழியைக் கற்பது தமிழ் மாணவர்களுக்கு ஏன் கடினம் என்று குறிப்பிடப்படுகிறது?,unknown || 9 || இந்தி வந்தது இந்தி!,இந்தி வந்தது இந்தி!,NA,"இந்தி வந்தது. இந்திப் போர் துவங்கிவிட்டது. கொதிக்கும் உள்ளத்துடன் தோழர்கள் எழுதிக் குவித்த போர்க் கடிதங்களில் ஒரு சிலவற்றை இங்கு வெளியிட்டிருக்கிறோம். மற்றவை பின்னர்:



திருச்சி,

24-7-48

அவமானச்",0,
45,பொன்னி இதழில் நாவலர் பாரதியார் எழுதிய 'இந்தி மொழி' என்னும் கட்டுரையில் இந்தி மொழியைக் கற்பது தமிழ் மாணவர்களுக்கு ஏன் கடினம் என்று குறிப்பிடப்படுகிறது?,unknown || 4 || பொது மேடை,பொது மேடை,NA,"பொது மேடை

நாகபட்டணம் 14-3-49

தங்களின் பொன்னி இதழும். பரிசளிப்பு நூல்களும் கிடைக்கப் பெற்று மகிழ்ந்தேன். மாணவர் மன்றம் தோற்றுவித்து மாணவர்களாகிய எங்களை ஊக்குவிக்கும் தங்களுக்கு எனது நன்றி உரித் தாக",0,
45,பொன்னி இதழில் நாவலர் பாரதியார் எழுதிய 'இந்தி மொழி' என்னும் கட்டுரையில் இந்தி மொழியைக் கற்பது தமிழ் மாணவர்களுக்கு ஏன் கடினம் என்று குறிப்பிடப்படுகிறது?,unknown || 11 || அந்த நாள்,அந்த நாள்,சிலம்பின் செல்வன்,"அந்தநாள்

சிலம்பீன் செல்வன்



காட்சி 31

[மாதவி மேன்மாட நிலா முற்றத்தில் நின்று மனப் போராட்டத்தால் புலம்புகின்றாள்]



மனம்: ஆம்! நான் நடித்தேன்! வாழ்க்கையை நாசமாக்கிக் கொண்டேன். சோலை வனத்தைப் பால",0,
46,பொன்னியில் 'தூத்துக்குடி நோக்கி' என்னும் கட்டுரையின் சுருக்கம் தருக.,unknown || 12 || காதலின் முடிவு,காதலின் முடிவு,,,0,
46,பொன்னியில் 'தூத்துக்குடி நோக்கி' என்னும் கட்டுரையின் சுருக்கம் தருக.,unknown || 2 || அந்தநாள்,அந்தநாள்,சிலம்பின் செல்வன்,"அந்த நாள்

""சிலம்பீன் செல்வன்""



காட்சி 3

[இடம் : செங்குட்டுவன் தனியறை. நிமித்திகன் மொழியும். அரசவை நிகழ்ச்சியும், செங்குட்டுவன் உள்ளத்தே ஒரு பெரும் புயலை உண்டாக்கிவிட்டன. ]



செங்கு:- பெற்ற தா",0,
46,பொன்னியில் 'தூத்துக்குடி நோக்கி' என்னும் கட்டுரையின் சுருக்கம் தருக.,unknown || 17 || பொழுது போக்கு,பொழுது போக்கு,விநோதன்,"பொழுது போக்கு

சிங்காரி



நல்ல பொழுதுபோக்குப் படம். அன்றாட வாழ்க்கை வளத்திற்கு ஓடியாடி அலைந்து விட்டு, ஒரு சில மணி நேரங்கள் நிம்மதியாக ஓய்வுபெற விரும்புபவர்களுக்கு ' சிங்காரி' சந்தேகமில்லாமல் உகந்",0,
46,பொன்னியில் 'தூத்துக்குடி நோக்கி' என்னும் கட்டுரையின் சுருக்கம் தருக.,unknown || 1 || மாட்டு வண்டியில்...,மாட்டு வண்டியில்...,லேனா,"மாட்டு வண்டியில். …



‘லேனா’



""உணவை உண்டாக்கிய பஞ்சைகள் நாங்கள் பட்டினியால் இறக்க, நீங்கள் மட்டும் உண்டு உண்டு கொழுப்பது நியாயமா? ""



“பார் முழுதும் ஏர் முனையிலே - உழவன் பாட்டினில் கொண்டாட்டம் ப",0,
46,பொன்னியில் 'தூத்துக்குடி நோக்கி' என்னும் கட்டுரையின் சுருக்கம் தருக.,unknown || 2 || பாட்டாளி மக்களே!,பாட்டாளி மக்களே!,சிலம்பின் செல்வன்,"பாட்டாளி மக்களே! ""சிலம்பீன் செல்வன்""



மண்ணினின்றெழுந்து விண்ணை முட்டும் மாட மாளிகைகளை, கண்ணுக்குத் துணையாய் கலத்திற்கு வழிகாட்டும் கலங்கரை விளக்கங்களை, மன்னவன் வாழ்ந்திட்ட மதில் சூழ்ந்த மாப்பேராலயத",0,
46,பொன்னியில் 'தூத்துக்குடி நோக்கி' என்னும் கட்டுரையின் சுருக்கம் தருக.,unknown || 15 || களங்கம்,களங்கம்,ஏ.எஸ்.ராகவன்,"களங்கம்

ஏ. ராகவன்

 மேல்வானத்தில் கருமை படர்ந்து இருளின் வாவையும் மழையின் வாவையும் ஒருங்கே அறிவுறுத்திக் கொண்டிருந்தது. வெளிரிய சில மேகங்கள் வானத்தின் மற்றொரு கோடியில் தலைகீழாகத் தவஞ்செய்தன! வாய்க்",0,
46,பொன்னியில் 'தூத்துக்குடி நோக்கி' என்னும் கட்டுரையின் சுருக்கம் தருக.,unknown || 2 || பொது மேடை,பொது மேடை,NA,"பொது மேடை



	சிதம்பரம் 16-2-49. 'பொன்னி' யின் பொங்கல் மலர் ஒரு தங்க மலர் - பகுத்தறிவு மணம் இருக்கிறது அதில்! பொன் மலர் நாற்றமுடைத்து…. என்று பாடியது இன்று உண்மையாகி விட்டது. கதைகளுக்கேற்ற பட அமைப்பு",0,
46,பொன்னியில் 'தூத்துக்குடி நோக்கி' என்னும் கட்டுரையின் சுருக்கம் தருக.,unknown || 8 || செய்தித் திரட்டு,செய்தித் திரட்டு,NA,"செய்தித் திரட்டு



ஆந்திரப் பாதையில்

ஐதராபாத் - சென்னை! அரசாங்க தரிசு நிலங்களை சட்ட விரோதமாக அனுபவித்து வருபவர்களுக்குத் தண்டனை எதுவும் விதிக்காமல் அவர்களுக்கே அந்த நிலங்களை பட்டா செய்து கொடுக்கும",1,
46,பொன்னியில் 'தூத்துக்குடி நோக்கி' என்னும் கட்டுரையின் சுருக்கம் தருக.,unknown || 12 || வெறுங்கலாட்டா!,வெறுங்கலாட்டா!,NA,"வெறுங்கலாட்டா						…. 7



இனிதே! 11



காதலின் முடிவு						…. 14



ஒற்றை ரோஜா (தொடர்கதை).... 17



ஆஸ்கார் ஒயில்டு						…. 28



தம்பி (சிறுவர் தொடர்கதை).... 35



துறவு								…. 89



மனச்சாட்சி		",0,
46,பொன்னியில் 'தூத்துக்குடி நோக்கி' என்னும் கட்டுரையின் சுருக்கம் தருக.,unknown || 12 || தன் வினை,தன் வினை,தே.நாராயணன்,"தன்வினை

உயர்திரு மெய்கண்ட பிள்ளை ஞானோதய அச்சகத்தை நடத்திவந்தபோது, தமிழ்நாடு அவ்வளவாக அவரைக் கவனிக்கவில்லை. ""மழைக்க்கூடப் பள்ளிக்கூடத்தில் ஒண்டாத இந்தப் பேர்வழி. ‘தராசு' என்ற பத்திரிகை நடத்தப் போகிறா",0,
46,பொன்னியில் 'தூத்துக்குடி நோக்கி' என்னும் கட்டுரையின் சுருக்கம் தருக.,unknown || 4 || நற்குடிப்பிறந்த நல்லோர்?,நற்குடிப்பிறந்த நல்லோர்?,வாழ்நன்,"நற்குடிப்பிறந்த நல்லோர்? ' வாழ்நன்'



கல் தோன்றி மண் தோன்றாக் காலத்தே முன் தோன்றி மூத்த முது குடியிற் பிறந்த தமிழரும், பிறரும் வாழும் இப்பூவுலகில் நற் குடியிற் பிறந்த நல்லோர் யார்? என்று அறிந்து கொள்",0,
46,பொன்னியில் 'தூத்துக்குடி நோக்கி' என்னும் கட்டுரையின் சுருக்கம் தருக.,unknown || 4 || எங்களுர்க் கவிராய கேசரி,எங்களுர்க் கவிராய கேசரி,சுகி,"எங்களுர்க் கவிராய கேசரி 		……சுகி				85

இருட்டறையில் உள்ளதடா உலகம் 	….. ஜெகசிற்பியன்			92





விலை அணா 8





தமிழ்நாட்டு வால்ட் விட்மன்

பாரதிதாசனார் ஈடும் எடுப்புமில்லாத புரட்சிக் கவிஞர். தமிழ் ந",0,
46,பொன்னியில் 'தூத்துக்குடி நோக்கி' என்னும் கட்டுரையின் சுருக்கம் தருக.,unknown || 2 || வேண்டாத வேலைக்காரன்,வேண்டாத வேலைக்காரன்,நா.பாண்டுரங்கன்,"வேண்டாத வேலைக்காரன்



நா. பாண்டுரங்கன்



காலை பிறந்ததும் கழுத்தில் மாலை விழப்போகும் மணப்பெண் தன் முகத்தைக் கண்ணாடியில் அடிக்கொரு தடவை பார்த்து அகமகிழ்வதைப்போல, மனிதனின் உள்ளே இருக்கும் மனம் என்ற 'ப",0,
46,பொன்னியில் 'தூத்துக்குடி நோக்கி' என்னும் கட்டுரையின் சுருக்கம் தருக.,unknown || 19 || தாம்பத்தியம்,தாம்பத்தியம்,மாயாவி,"தாம்பத்தியம்

எழுதியவர்: 									'மாயாவி'

சுதர்சனது தாயின் சாவின் அடிவாரத்தில் சுதர்சன் - உமா இருவரின் தாம்பத்தியம் வாழ்வு கொண்டு பிறந்தது. புதிர்கள் பலவற்றை உள்ளடக்கிக் கடைசியில் முடிவு சொல்லுகிறத",0,
46,பொன்னியில் 'தூத்துக்குடி நோக்கி' என்னும் கட்டுரையின் சுருக்கம் தருக.,unknown || 21 || பொதுமேடை,பொதுமேடை,NA,"பொதுமேடை….. போத்தனூர்

 1-12-49

 வரிக்காக மதுவிலக்கா? மதுவிலக்கு வெற்றியளிக்கவில்லை என்பது மாநில மக்களும், நாடாளும் அமைச்சர்களும் நன்கறிந்ததொன்றாகும். அதைக் குறித்து முதலமைச்சர் முதல் கடைசிக் கதர்க",0,
46,பொன்னியில் 'தூத்துக்குடி நோக்கி' என்னும் கட்டுரையின் சுருக்கம் தருக.,unknown || 11 || வடமொழியும் மாதரும்,வடமொழியும் மாதரும்,ச. பொருட்செல்வி,"வடமொழியும் மாதரும்



                                                                    ச. பொருட்செல்வி



[சேலத்தில் மாநாடு கூடிய மாதர் தங்களை பற்றிக் கவலைப்படாமல் சமஸ்கிருதத்தைப் பற்றிக் கவலைப் ப",0,
46,பொன்னியில் 'தூத்துக்குடி நோக்கி' என்னும் கட்டுரையின் சுருக்கம் தருக.,unknown || 18 || பொது  மேடை,பொது  மேடை,NA,"வாசகர்களின் கருத்துரைகளை வெளியிடுவதற்கென்றே இப்பகுதி ஒவ்வொரு இதழிலும் இடம் பெறுகிறது. `பொன்'னியைப் பற்றி மட்டுமல்ல, உள்நாட்டு, வெளிநாட்டு நடப்புகளில் எதைப் பற்றியும் அன்பர்கள் தந்தம் எண்ணங்களை, எழுதிய",0,
46,பொன்னியில் 'தூத்துக்குடி நோக்கி' என்னும் கட்டுரையின் சுருக்கம் தருக.,unknown || 1 || வானம்படி,வானம்படி,கவிஞர் ஷெல்லி. கா.அப்பாத்துரை,"வானம்பாடி

முதலாசிரியர்: கவிஞர் ஷெல்லி. தமிழாக்கம்: கா. அப்பாத்துரை



வாழி வானம்பாடி, வான்

அணங்குநீ! புள் அல்லவே! சூழ் ஒளித்தடத்தில்நின்று

பண் இசைப்பாய் மெல்லவே;

தூய நெஞ்சுருக்கி மஞ்சுருக்கி வ",0,
46,பொன்னியில் 'தூத்துக்குடி நோக்கி' என்னும் கட்டுரையின் சுருக்கம் தருக.,unknown || 14 || விளக்கவுரைப் பரிசு,விளக்கவுரைப் பரிசு,,,0,
46,பொன்னியில் 'தூத்துக்குடி நோக்கி' என்னும் கட்டுரையின் சுருக்கம் தருக.,unknown || 14 || சுந்தரி போனால் சுகுண..!,சுந்தரி போனால் சுகுண..!,நா.பாண்டுரங்கன்,"""சுந்தரி போனால் சுகுணா..! ""

-நா பாண்டுரங்கன்



இணைபிரியாமல் பறந்து வந்த இரண்டு புறாக்கள் ஒவ்வொன்றும் ஒவ்வொரு திசை நோக்கித் திரும்பி விட்டன! அவன் அந்தக் காட்சியைப் பார்த்துக் கொண்டிருந்தான் புறாக்கள்",0,
47,பொன்னி இதழில் 'பம்பாய் புயல்' என்னும் செய்திப்பாட்டு உணர்த்தும் பொருள் யாது?,unknown || 12 || காலமும் சுருத்தும்,காலமும் சுருத்தும்,NA,"காலமும் கருத்தும்



பொங்கல் விழா! விழாக்கொண்டாட வேண்டுமென்று யாரும் விரும்புவது இயற்கை. வீணரின் பேச்சை நம்பி, அவசியமும், காரணமுமின்றி விழாக்கள் நடைபெறுவதும் நம் நாட்டில் இயற்கையாகி விட்டது. ஏதோ கதை க",0,
47,பொன்னி இதழில் 'பம்பாய் புயல்' என்னும் செய்திப்பாட்டு உணர்த்தும் பொருள் யாது?,unknown || பொங்கல் மலர் || கல்கி,கல்கி,எஸ்.ஆறுமுகம்,"கல்கி

பேட்டிக்கட்டுரை

       பூவை. ஆறுமுகம்



""அகில உலகச் சிறுகதைப் போட்டியில், தமிழ்க் கதை ஒன்று கூடப் பரிசு பெறவில்லையே. இது பற்றிய தங்களின கருத்து யாது? ""



"" பெயர்பெற்ற புதுமைப்பித்தன், கு",0,
47,பொன்னி இதழில் 'பம்பாய் புயல்' என்னும் செய்திப்பாட்டு உணர்த்தும் பொருள் யாது?,unknown || 5 || பொது மேடை,பொது மேடை,NA,"பொது மேடை



தமிழ் உபாத்திமைச் சங்கம்

டர்பன் 9-3-49

   இலக்கியம், கலை, அரசியல், சமயம் ஆகிய எல்லாத் துறைகளிலும், சமுதாய நலமே ஒப்பற்ற நலமாகக் கொண்டும், சமுதாய உணர்வு கொண்டு மக்களும் நாடும் உயர்வுகொ",0,
47,பொன்னி இதழில் 'பம்பாய் புயல்' என்னும் செய்திப்பாட்டு உணர்த்தும் பொருள் யாது?,unknown || 10 || காலமும் கருத்தும்,காலமும் கருத்தும்,NA,"காலமும் கருத்தும்



பெங்களூர்

நோய்வாய்ப்பட்டிருந்த காங்கிரஸ் பெங்களூர்க் காற்றால் குணமாகிவிட்டதாகக் காங்கிரஸ் பத்திரிகைகள் பறைசாற்றுகின்றன. `காங்கிரஸ் பிளவுபட்டுவிடும்; சின்னாபின்னமாகி விடும்' என்",0,
47,பொன்னி இதழில் 'பம்பாய் புயல்' என்னும் செய்திப்பாட்டு உணர்த்தும் பொருள் யாது?,unknown || 4 || தனிமனித சுதந்திரம்,தனிமனித சுதந்திரம்,ரா.தணலன்,"தனிமனித சுதந்திரம்



ரா. தணலன்







ஏன் இதை வெறுக்கிறோம்? இந்த நூற்றாண்டு மனிதத் தன்மையின் அருணோதய காலமாக இருக்க வேண்டும் என்று சரித்திரம் தீர்மானித்து விட்டது. 'எல்லோரும் இந்நாட்டு மக்கள். எல்லோர",0,
47,பொன்னி இதழில் 'பம்பாய் புயல்' என்னும் செய்திப்பாட்டு உணர்த்தும் பொருள் யாது?,unknown || 2 || உணர்வு பெறுவோம்,உணர்வு பெறுவோம்,சுப.நாராயணன்,"உணர்வு பெறுவோம்



       சுப நாராயணன்







அத்தை மகள் வள்ளியம்மையிடம் முத்தையாவுக்கு மெத்த விருப்பந்தான். சொந்தத்துக்குச் சொந்தம், பணத்துக்குப் பணம், அழகுக்கு அழகு,படிப்பும் ஓரளவு உண்டு. அவன் தாயா",0,
47,பொன்னி இதழில் 'பம்பாய் புயல்' என்னும் செய்திப்பாட்டு உணர்த்தும் பொருள் யாது?,unknown || 4 || ஏழை நாய்,ஏழை நாய்,ரா.நீலமேகம்,"ஏழை நாய்



- ரா. நீலமேகம்-





தெருவில் அதிக ஜன நடமாட்டம் இல்லாத நேரம், தனியாகப் போய்க் கொண்டிருந்த என் காலில் திடீரென்று ஒரு சிறு கல் வந்து பட்டுச் சிதறியது. வலி தாங்க முடியாமல் திரும்பினேன். பின்ன",0,
47,பொன்னி இதழில் 'பம்பாய் புயல்' என்னும் செய்திப்பாட்டு உணர்த்தும் பொருள் யாது?,unknown || 8 || ஆடும் மாடும்,ஆடும் மாடும்,டி.கே.சீனிவாசன்,"ஆடும் மாடும்



  	டி. சீனிவாசன்



பதினேழாவது அத்தியாயம்



எண்ணற்ற பல நூற்றாண்டுகளாகவே எரிதழலாக இருக்கும் கதிரவன் ஏதோ ஒரு வேதனையால்தான் வெந்துகொண்டிருக்க வேண்டும்! உலக முழுமைக்கும் ஒரே நோத்தில் ",0,
47,பொன்னி இதழில் 'பம்பாய் புயல்' என்னும் செய்திப்பாட்டு உணர்த்தும் பொருள் யாது?,unknown || 18 || பொது  மேடை,பொது  மேடை,NA,"வாசகர்களின் கருத்துரைகளை வெளியிடுவதற்கென்றே இப்பகுதி ஒவ்வொரு இதழிலும் இடம் பெறுகிறது. `பொன்'னியைப் பற்றி மட்டுமல்ல, உள்நாட்டு, வெளிநாட்டு நடப்புகளில் எதைப் பற்றியும் அன்பர்கள் தந்தம் எண்ணங்களை, எழுதிய",0,
47,பொன்னி இதழில் 'பம்பாய் புயல்' என்னும் செய்திப்பாட்டு உணர்த்தும் பொருள் யாது?,unknown || 21 || பிரஞ்சு நாவலாசிரியர் பிளாபர்ட்,பிரஞ்சு நாவலாசிரியர் பிளாபர்ட்,மு.அண்ணாமலை,"பிரெஞ்சு நாவலாசிரியர்



பிளாபர்ட்



இரண்டாவது கட்டுரை : மு. அண்ணாமலை



பிளாபர்ட், மாடம் போவரி (Madame Bovary) என்னும் நாவலை முதன்முதலில் எழுதி வெளியிட்டபோது நகரெங்கணும் ஒரு பரபரப்புண்டாயிற்று. கத",0,
47,பொன்னி இதழில் 'பம்பாய் புயல்' என்னும் செய்திப்பாட்டு உணர்த்தும் பொருள் யாது?,unknown || 20 || பொது மேடை,பொது மேடை,NA,"சென்னை

14-11-49



 *பூவையர் விரும்பும் பொன்னி

 ""என்ன கண்டுவிட்டு அப்படி வைத்த விழி வாங்காமல் பார்க்கின் றீர்கள்? '' என்று கேட்டுக்கொண்டே என் வாழ்க்கைத் துணை நலம் மெதுவாகப் 'பொன்னி'யை இழுப்பாள",0,
47,பொன்னி இதழில் 'பம்பாய் புயல்' என்னும் செய்திப்பாட்டு உணர்த்தும் பொருள் யாது?,unknown || 12 || இலங்கைத் திருமுகம்,இலங்கைத் திருமுகம்,துரைசாமி,"இலங்கைத் திருமுகம்                   துரைசாமி                                            16

கள்வனா? பூபதி                                           17

நம் கருத்து                                  ",0,
47,பொன்னி இதழில் 'பம்பாய் புயல்' என்னும் செய்திப்பாட்டு உணர்த்தும் பொருள் யாது?,unknown || 4 || காலமும் கருத்தும்,காலமும் கருத்தும்,NA,"காலமும் கருத்தும்

புதுமைப்பித்தன் பரிசு

புதுமைப்பித்தன் நினைவாகச் சிறுகதைப் பரிசுத் திட்டம் ஒன்று வெளியிட்டிருக்கிறோம். சென்ற இதழிலும் இந்த இதழிலும் அப்போட்டி பற்றிய விவரங்களைத் தனியே காணலாம். தமிழ",0,
47,பொன்னி இதழில் 'பம்பாய் புயல்' என்னும் செய்திப்பாட்டு உணர்த்தும் பொருள் யாது?,unknown || 11 || எந்நாளோ!,எந்நாளோ!,வாணிதாசன்,"வாணிதாசன்



பெட்டியிலே சுருண்டகருஞ் சாரைப் பாம்பாய்ச்

சடையிருக்கு மவளுக்கு; பின்னல் மீதோ

எட்டிப்பார்த்தே சிரிக்கும் சீய்த்து வானில்

எழுமதியாய்க் கொண்டைமலர்; கருப்புச் சாந்துப்

பொட்டிருக்கும்",0,
47,பொன்னி இதழில் 'பம்பாய் புயல்' என்னும் செய்திப்பாட்டு உணர்த்தும் பொருள் யாது?,unknown || 5 || வளரும் இலக்கியம்,வளரும் இலக்கியம்,அரசன்,"வளரும் இலக்கியம்



இன்பத் திராவிடம்

 	இன்பத் திராவிடம் கிடைத்தது. ""அதற்காகப் போராடிக் கொண்டிருக்கும் எங்களுக்குத் தெரியாமல் எப்படிக் கிடைத்தது, என்று கிடைத்தது? என்று கேள்விகளை அடுக்கிவிடாதீர்கள். ",0,
47,பொன்னி இதழில் 'பம்பாய் புயல்' என்னும் செய்திப்பாட்டு உணர்த்தும் பொருள் யாது?,unknown || 11 || சிலப்பதிகாரக் காட்சிகள்,சிலப்பதிகாரக் காட்சிகள்,விசு.திருநாவுக்கரசு,"சிலப்பதிகாரக் காட்சிகள்

விசு. திருநாவுக்கரசு



11 ஆயர் பாடியில்



அந்தி புகுந்த நேரத்திலே ஆயர்பாடிக்கு வந்த கண்ணகியும் கோவலனும் மாதரியின் செம்மண் பூசிய சிறுமனை ஒன்றிலே குடி புகுந்தனர். வேலி சூழ்",0,
47,பொன்னி இதழில் 'பம்பாய் புயல்' என்னும் செய்திப்பாட்டு உணர்த்தும் பொருள் யாது?,unknown || 14 || ஆசிரியர் வெங்கு,ஆசிரியர் வெங்கு,மு.செங்கல்வராயன்,"ஆசிரியர் ‘வெங்கு’

மு. செங்கல்வராயன்



அவன் கண்ட செல்வம் ஒரே குழந்தை. அது மடிந்துவிட்டது. அன்று முதல் இன்று வரை அவன் ஒரு பைத்தியக்காரன்- அப்படித்தானே ஊரார் சொல்லி வருகிறார்கள் - சொல்லுகிறார்கள்! அட ப",0,
47,பொன்னி இதழில் 'பம்பாய் புயல்' என்னும் செய்திப்பாட்டு உணர்த்தும் பொருள் யாது?,unknown || 10 || அலுவலக அறிவிப்பு,அலுவலக அறிவிப்பு,NA,"அலுவலக அறிவிப்பு



பொன்னி உரிய நாளில் சரிவர வெளிவருவதில்லை என விற்பனையாளர்கள், எழுத்தாளர்கள், பொன்னி அன்பர்கள் ஆகியோரிடை ஒரு பெருங் குறைபாடு எழுந்துள்ளது. உரிய காலத்தில் உங்கள் கையில் தவழத் தவறமாட்ட",0,
47,பொன்னி இதழில் 'பம்பாய் புயல்' என்னும் செய்திப்பாட்டு உணர்த்தும் பொருள் யாது?,unknown || 1 || பொதுமேடை,பொதுமேடை,NA,"பொது மேடை

சென்னை

5-2-50

தமிழிலக்கிய நறுமலர்

… பொங்கல் மலர் தமிழிலக்கிய நறுமலராக அனைவரையும் மகிழ்வித்து வருவது கண்டு களிப்புறுகின்றேன். வரதராசன்





திருச்சி

4 2-50

கதிரவன் உதித்தான்

மலர",0,
47,பொன்னி இதழில் 'பம்பாய் புயல்' என்னும் செய்திப்பாட்டு உணர்த்தும் பொருள் யாது?,unknown || 10 || ஒளி மாடம்,ஒளி மாடம்,இளங்கோ,"ஒளி மாடம்



2

இளங்கோ



அடடா! என்ன அழகாக அந்த மரம் வளர்ந்திருக்கிறது. எட்டி நின்று பார்த்தால் அதன் அமைப்பே ஒரு தனி அழகுதான். எத்தனை உயரம்; எத்தனை பருமன்! எவ்வளவு மணம் கமழும் பூக்கள்; காய்களைச் சும",0,
48,பொன்னி இதழில் 'குழந்தை வளர்ப்பு முறை' என்னும் பகுதியின் பயன்கள் யாவை?,unknown || 1 || அழியாதன்றோ!,அழியாதன்றோ!,பாரதிதாசன்,"அழியாதன்றோ! ”……………………………….. வெறி கொள் 

வலியாரால் வாடும் எளியாரின் சார்பில் 

புலியாகிப் போர்தொடுக்கும் போதில்- வலியோர்கள் 

எய்யும் கோற்புண்ணும் இனிதாகும் அவ்வெளியார் 

உய்ய உழைத்ததனைத் தானினைத்தால்!",0,
48,பொன்னி இதழில் 'குழந்தை வளர்ப்பு முறை' என்னும் பகுதியின் பயன்கள் யாவை?,unknown || 22 || காலமும் கருத்தும்,காலமும் கருத்தும்,NA,"காலமும் கருத்தும்



பொங்கல் விழா





சாதி சமய வேறுபாடின்றித் தமிழர்கள் கொண்டாடும் விழா பொங்கல் ஒன்றுதான். தமிழகத்தின் ’தேசீய விழா' வாகப் பொங்கல் சிறப்புற்று வருகிறது. தமிழ்த் திருநாள் நிகழ்ச்சிகள் ",0,
48,பொன்னி இதழில் 'குழந்தை வளர்ப்பு முறை' என்னும் பகுதியின் பயன்கள் யாவை?,unknown || 1 || குழந்தை வளர்ப்பு முறை,குழந்தை வளர்ப்பு முறை,தமிழரசி,"குழந்தை வளர்ப்பு முறை 

தமிழரசி



1. தூயகாற்று



""ஈன்று புறந்தருத லென்றலைக்கடனே 

சான்றோ னாக்குதல் தந்தைக்குக்கடனே"" 



என்றார் பொன் முடியார். ஈன்று தரும் தாய்க்கு அதன் வளர்ப்பும் சரியானபடி தெரிந்தி",3,
48,பொன்னி இதழில் 'குழந்தை வளர்ப்பு முறை' என்னும் பகுதியின் பயன்கள் யாவை?,unknown || 15 || வளரும் இலக்கியம்,வளரும் இலக்கியம்,நானா,"வளரும் இலக்கியம்

முதல் இரவு**

சென்னை ஸ்டார் பிரசுர வெளியீடு இந்நூல், புதிய முயற்சி. தோழர் ரகுநாதன் இந்நாவலைத் துணிந்து எழுதி, வெளியிட்டோரும் துணிந்து வெளியிட்டிருக்கிறார்கள். படிக்கின்றவர்களும் துணி",0,
48,பொன்னி இதழில் 'குழந்தை வளர்ப்பு முறை' என்னும் பகுதியின் பயன்கள் யாவை?,unknown || 21 || பொதுமேடை,பொதுமேடை,NA,"பொதுமேடை….. போத்தனூர்

 1-12-49

 வரிக்காக மதுவிலக்கா? மதுவிலக்கு வெற்றியளிக்கவில்லை என்பது மாநில மக்களும், நாடாளும் அமைச்சர்களும் நன்கறிந்ததொன்றாகும். அதைக் குறித்து முதலமைச்சர் முதல் கடைசிக் கதர்க",0,
48,பொன்னி இதழில் 'குழந்தை வளர்ப்பு முறை' என்னும் பகுதியின் பயன்கள் யாவை?,unknown || 9 || பொழுதுபோக்கு,பொழுதுபோக்கு,பாலா,"பொழுதுபோக்கு

பாலா



காஞ்சனா

சாதாரணமாகச் சமூகப் படங்கள் என்றால் அவை பெரும்பாலும் வெற்றிபெற முடியும்; வெற்றிபெற்றும் இருக்கின்றன. வெற்றியின் அளவு படத்தை உருவாக்கும் டைரக்ஷனைப் பொறுத்தது. அடுத்ததாகப் ",0,
48,பொன்னி இதழில் 'குழந்தை வளர்ப்பு முறை' என்னும் பகுதியின் பயன்கள் யாவை?,unknown || 17 || டாக்டர் மு. வரதராசனார்,டாக்டர் மு. வரதராசனார்,பூவை எஸ்.ஆறுமுகம்,"டாக்டர் மு. வரதராசனார்



பேட்டிக்கட்டுரை: 						பூவை: எஸ். ஆறுமுகம்



“சினிமா பார்ப்பது தவறு என்ற சென்னை முதல்வர் சி. இராஜகோபாலாச்சாரியார், பெரியார் ஈ. ராமசாமி ஆகியவர்கள் கருத்துக்களைக் குறித்து நீ",0,
48,பொன்னி இதழில் 'குழந்தை வளர்ப்பு முறை' என்னும் பகுதியின் பயன்கள் யாவை?,unknown || 1 || இரண்டாம் ஆண்டு,இரண்டாம் ஆண்டு,NA,"இரண்டாம் ஆண்டு

உங்கள் அருமைப் 'பொன்னி`க்கு ஓராண்டு முற்றுப்பெற்றது. இரண்டாம் ஆண்டு முதலிதழ் உங்கள் கையிலே தவழ்கிறது. தமிழகம் அளித்து வரும் ஊக்கமும் ஆதரவுமே 'பொன்னி'யின் வளர்ச்சிக்கு ஊன்று கோலாகிறது. ",0,
48,பொன்னி இதழில் 'குழந்தை வளர்ப்பு முறை' என்னும் பகுதியின் பயன்கள் யாவை?,unknown || 2 || பொது மேடை,பொது மேடை,NA,"பொது மேடை



	சிதம்பரம் 16-2-49. 'பொன்னி' யின் பொங்கல் மலர் ஒரு தங்க மலர் - பகுத்தறிவு மணம் இருக்கிறது அதில்! பொன் மலர் நாற்றமுடைத்து…. என்று பாடியது இன்று உண்மையாகி விட்டது. கதைகளுக்கேற்ற பட அமைப்பு",0,
48,பொன்னி இதழில் 'குழந்தை வளர்ப்பு முறை' என்னும் பகுதியின் பயன்கள் யாவை?,unknown || 12 || காலமும் சுருத்தும்,காலமும் சுருத்தும்,NA,"காலமும் கருத்தும்



பொங்கல் விழா! விழாக்கொண்டாட வேண்டுமென்று யாரும் விரும்புவது இயற்கை. வீணரின் பேச்சை நம்பி, அவசியமும், காரணமுமின்றி விழாக்கள் நடைபெறுவதும் நம் நாட்டில் இயற்கையாகி விட்டது. ஏதோ கதை க",0,
48,பொன்னி இதழில் 'குழந்தை வளர்ப்பு முறை' என்னும் பகுதியின் பயன்கள் யாவை?,unknown || 2 || பாட்டாளி மக்களே!,பாட்டாளி மக்களே!,சிலம்பின் செல்வன்,"பாட்டாளி மக்களே! ""சிலம்பீன் செல்வன்""



மண்ணினின்றெழுந்து விண்ணை முட்டும் மாட மாளிகைகளை, கண்ணுக்குத் துணையாய் கலத்திற்கு வழிகாட்டும் கலங்கரை விளக்கங்களை, மன்னவன் வாழ்ந்திட்ட மதில் சூழ்ந்த மாப்பேராலயத",0,
48,பொன்னி இதழில் 'குழந்தை வளர்ப்பு முறை' என்னும் பகுதியின் பயன்கள் யாவை?,unknown || 18 || சின்ன மேட்டுத் தென்னை,சின்ன மேட்டுத் தென்னை,அம்மான்,"சின்ன மேட்டுத் தென்னை

 அம்மான்



வீட்டில் வெயில்மழை தடுத்திடவே

வேண்டுங் கூரை தருகின்றாய்

நாட்டில் மக்கள் களைப்பாற

நன்னீர்ப் பந்தல் வைக்கின்றாய்

கூட்டம் கூடிக் காற்றினிலே

கூத்த டிப்பார் உன",0,
48,பொன்னி இதழில் 'குழந்தை வளர்ப்பு முறை' என்னும் பகுதியின் பயன்கள் யாவை?,unknown || 5 || பொது மேடை,பொது மேடை,NA,"பொது மேடை



தமிழ் உபாத்திமைச் சங்கம்

டர்பன் 9-3-49

   இலக்கியம், கலை, அரசியல், சமயம் ஆகிய எல்லாத் துறைகளிலும், சமுதாய நலமே ஒப்பற்ற நலமாகக் கொண்டும், சமுதாய உணர்வு கொண்டு மக்களும் நாடும் உயர்வுகொ",0,
48,பொன்னி இதழில் 'குழந்தை வளர்ப்பு முறை' என்னும் பகுதியின் பயன்கள் யாவை?,unknown || 19 || மனப் பாம்பு,மனப் பாம்பு,இளமைப்பித்தன்,"மனப் பாம்பு

இளமைப்பித்தன்



ராமலிங்கம் கையில் ஏதோ ஒரு புத்தகத்தை வைத்துப் படித்துக் கொண்டிருந்தான். பார்வை எழுத்துக்களின்மேல் அழுந்தாமல் மேலோட்டமாக விழுந்து புரண்டு கொண்டிருந்தது. கவனம் முழுவதும் அ",0,
48,பொன்னி இதழில் 'குழந்தை வளர்ப்பு முறை' என்னும் பகுதியின் பயன்கள் யாவை?,unknown || 5 || காலமும் கருத்தும்,காலமும் கருத்தும்,NA,"காலமும் கருத்தும்

அமெரிக்க உதவி

""இலவசமாகக் கோதுமை அளிக்கப் போகிறோம் இந்தியாவுக்கு” என்று பிரமாதமாக விளம்பரப் படுத்தினார்கள் அமெரிக்கர்கள். ஆனால் அந்தக் கோதுமை நமக்கு வந்து சேருவதற்குள் ஒன்று நம் ப",0,
48,பொன்னி இதழில் 'குழந்தை வளர்ப்பு முறை' என்னும் பகுதியின் பயன்கள் யாவை?,unknown || 10 || அலுவலக அறிவிப்பு,அலுவலக அறிவிப்பு,NA,"அலுவலக அறிவிப்பு



பொன்னி உரிய நாளில் சரிவர வெளிவருவதில்லை என விற்பனையாளர்கள், எழுத்தாளர்கள், பொன்னி அன்பர்கள் ஆகியோரிடை ஒரு பெருங் குறைபாடு எழுந்துள்ளது. உரிய காலத்தில் உங்கள் கையில் தவழத் தவறமாட்ட",0,
48,பொன்னி இதழில் 'குழந்தை வளர்ப்பு முறை' என்னும் பகுதியின் பயன்கள் யாவை?,unknown || 6 || பெண்கள் முன்னேற்றம்,பெண்கள் முன்னேற்றம்,மங்கை,"பெண்கள் முன்னேற்றம்

 மங்கை

2

  நேரம் வளர்ந்து கொண்டிருந்தது ; பார்வதி, சரசா பேச்சும் வளர்ந்து கொண்டிருந்தது! ""சத்துள்ள உணவுகளில் ஒன்று பால். பிள்ளைகளுக்கு மட்டுமின்றிப் பெரியவர்களுக்கும் பால் ஒரு ம",1,
49,மலர் 2 இதழ் 16ல் 'இலக்கியத்தில் காதல்' என்னும் பகுதியின் ஆசிரியர் யார்? அப்பகுதி எவ்வாறு இலக்கியத்தையும் காதலையும் ஒப்புமைப்படுத்தி கூறுகிறது?,unknown || 17 || வளரும் இலக்கியம்,வளரும் இலக்கியம்,NA,"வளரும் இலக்கியம்

இந்நாள் இலக்கியச் சந்தையில் இடம்பெறும் புத்தகப் பட்டியலின் இடத்தை நாவல் - அதிலும் எட்டணா நாவல்களின் பெயர்கள் அதிகம் அடைத்துக் கொண்டிருக்கும் நிலையிலே, ‘சில்லறை' நாவல்களுக்குத்தான் இன",0,
49,மலர் 2 இதழ் 16ல் 'இலக்கியத்தில் காதல்' என்னும் பகுதியின் ஆசிரியர் யார்? அப்பகுதி எவ்வாறு இலக்கியத்தையும் காதலையும் ஒப்புமைப்படுத்தி கூறுகிறது?,unknown || 11 || இலக்கியத்தில் காதல்,இலக்கியத்தில் காதல்,கோவை இளஞ்சேரன்,"இலக்கியத்தில் காதல்

கோவை இளஞ்சேரன்



உலகத்தையே உருட்டிப் பார்க்கும் அறிவு; எந்த அறிவையும் அடகு பெறும் செல்வம்; தனது பற்றுக் கோட்டிலே இமைப்போதில் பரவும் மின்சாரம்; கொடுமைகளையும் குழைய வைக்கும் அழகு; ",1,
49,மலர் 2 இதழ் 16ல் 'இலக்கியத்தில் காதல்' என்னும் பகுதியின் ஆசிரியர் யார்? அப்பகுதி எவ்வாறு இலக்கியத்தையும் காதலையும் ஒப்புமைப்படுத்தி கூறுகிறது?,unknown || 8 || இலக்கியத்தில் காதல்,இலக்கியத்தில் காதல்,அகிலன்,"இலக்கியத்தில் காதல்

அகிலன்

மறுமலர்ச்சி பெற்று சிறுகதை, நாவல், கவிதை, நாடகம் இவற்றின் வாயிலாக இன்று வளர்ந்து வரும் தமிழ், காதல் கலப்பில்லாதிருந்தால் இவ்வளவு தூரம் வளர்ந்திருக்காது; இனியும் வளராது. உ",1,
49,மலர் 2 இதழ் 16ல் 'இலக்கியத்தில் காதல்' என்னும் பகுதியின் ஆசிரியர் யார்? அப்பகுதி எவ்வாறு இலக்கியத்தையும் காதலையும் ஒப்புமைப்படுத்தி கூறுகிறது?,unknown || 3 || பொது மேடை,பொது மேடை,NA,"பொது மேடை



வேலூர்-21-2-49

கலைக் களஞ்சியம்

‘பொன்னி' பொங்கல் மலர் அழகு வாய்ந்தது. அறிஞர் பலரின் கருத்து மணம் கமழ்வது. தமிழர் திருநாளில் தமிழர்க்கு இன்பம் தரும் பொருள்களில் கரும்பும், புதுச்சோறும்",0,
49,மலர் 2 இதழ் 16ல் 'இலக்கியத்தில் காதல்' என்னும் பகுதியின் ஆசிரியர் யார்? அப்பகுதி எவ்வாறு இலக்கியத்தையும் காதலையும் ஒப்புமைப்படுத்தி கூறுகிறது?,unknown || 23 || பொது மேடை,பொது மேடை,NA,"பொது மேடை.. 'பொன்னி' தந்த மலர் பற்றி நமக்குக் கிடைத்து வரும் கருத்துரைகள் உண்மையிலேயே உற்சாகத்தை ஊட்டுவனவாய் அமைந்துள்ளன. சில கடிதங்களை மட்டும் வெளியிட்டுள்ளளோம். திருச்சி

25-1-50

முழு வெற்றி

பொ",0,
49,மலர் 2 இதழ் 16ல் 'இலக்கியத்தில் காதல்' என்னும் பகுதியின் ஆசிரியர் யார்? அப்பகுதி எவ்வாறு இலக்கியத்தையும் காதலையும் ஒப்புமைப்படுத்தி கூறுகிறது?,unknown || 5 || பாரதிதாசன் பரம்பரை,பாரதிதாசன் பரம்பரை,கு.திரவியம்,"பாரதிதாசன் பரம்பரை

       ------------தமிழ்த்தாய்------------



சிலம்பொலிக்க   என்னருகில்   ஒருத்தி  வந்தாள்

சிற்றிடையில்   மேகலைதான்   மின்னக்  கண்டேன்! சிலிர்த்திடநல்   ஒளிகாலும்   அணியாம்  சிந்",0,
49,மலர் 2 இதழ் 16ல் 'இலக்கியத்தில் காதல்' என்னும் பகுதியின் ஆசிரியர் யார்? அப்பகுதி எவ்வாறு இலக்கியத்தையும் காதலையும் ஒப்புமைப்படுத்தி கூறுகிறது?,unknown || 10 || இலக்கியத்தில் காதல்,இலக்கியத்தில் காதல்,ரகுநாதன்,"இலக்கியத்தில் காதல்

                                                                          ரகுநாதன்

‘ஒண்டொடி கண்ணே உள'

என்று பாடி வைத்தான் வள்ளுவன். உலகத்தின் பேரிலக்கியங்களையும் நாம் இப்படியே",1,
49,மலர் 2 இதழ் 16ல் 'இலக்கியத்தில் காதல்' என்னும் பகுதியின் ஆசிரியர் யார்? அப்பகுதி எவ்வாறு இலக்கியத்தையும் காதலையும் ஒப்புமைப்படுத்தி கூறுகிறது?,unknown || 5 || வளரும் இலக்கியம்,வளரும் இலக்கியம்,அரசன்,"வளரும் இலக்கியம்



இன்பத் திராவிடம்

 	இன்பத் திராவிடம் கிடைத்தது. ""அதற்காகப் போராடிக் கொண்டிருக்கும் எங்களுக்குத் தெரியாமல் எப்படிக் கிடைத்தது, என்று கிடைத்தது? என்று கேள்விகளை அடுக்கிவிடாதீர்கள். ",0,
49,மலர் 2 இதழ் 16ல் 'இலக்கியத்தில் காதல்' என்னும் பகுதியின் ஆசிரியர் யார்? அப்பகுதி எவ்வாறு இலக்கியத்தையும் காதலையும் ஒப்புமைப்படுத்தி கூறுகிறது?,unknown || 16 || இலக்கியத்தில் காதல்,இலக்கியத்தில் காதல்,கா.அப்பாத்துரை,"இலக்கியத்தில் காதல்

கா. அப்பாத்துரை



இலக்கியத்தில் காதல் உண்டு; காதலில் இலக்கியம் உண்டு. ஆனால் இலக்கியத்தில் வரும் காதல் எல்லாம் காதலுமன்று; காதல் கூறும் இலக்கியம் எல்லாம் இலக்கியமுமன்று. இலக்கிய",2,
49,மலர் 2 இதழ் 16ல் 'இலக்கியத்தில் காதல்' என்னும் பகுதியின் ஆசிரியர் யார்? அப்பகுதி எவ்வாறு இலக்கியத்தையும் காதலையும் ஒப்புமைப்படுத்தி கூறுகிறது?,unknown || 7 || வளரும் இலக்கியம்,வளரும் இலக்கியம்,அரசன்,"வளரும் இலக்கியம்



வர்ணாஸ்ரமம் ***

குமரிக்கோட்டம் ***

இவையிரண்டும் திருச்சி திராவிடப்பண்ணை வெளியீடுகள். ஆசிரியர் C. அண்ணாத்துரை M. விலை முறையே ரூ. க்கும் வர்ணாஸ்ரமம் - ஸர் ஆர். சண்முகம் அவர்களுக்",0,
49,மலர் 2 இதழ் 16ல் 'இலக்கியத்தில் காதல்' என்னும் பகுதியின் ஆசிரியர் யார்? அப்பகுதி எவ்வாறு இலக்கியத்தையும் காதலையும் ஒப்புமைப்படுத்தி கூறுகிறது?,unknown || 1 || வளரும் இலக்கியம்,வளரும் இலக்கியம்,"கோவை இளஞ்சேரன், சாமி பழனியப்பன், மலையன், நாக முத்தையா","வளரும் இலக்கியம்



வரப்பெற்றோம். திராவிடநாடு (பொங்கல் மலர். )

அழகான முந்நிற அட்டையோடு இவ்வாண்டுத் திராவிட நாடு பொங்கல் மலர் திகழ்கின்றது. அண்ணாவின் `இருளில் ஒளி ' 'புதிய பாதை' என்ற கட்டுரைகளுடன் தோ",0,
49,மலர் 2 இதழ் 16ல் 'இலக்கியத்தில் காதல்' என்னும் பகுதியின் ஆசிரியர் யார்? அப்பகுதி எவ்வாறு இலக்கியத்தையும் காதலையும் ஒப்புமைப்படுத்தி கூறுகிறது?,unknown || 8 || வெள்ளி முளைத்தது,வெள்ளி முளைத்தது,வீர.பழனியப்பன்,"வெள்ளி முளைத்தது

வீர. பழனியப்பன்



 ”ஏய்...... ”

……………………….. ”

'பட்' 'பட்’ என்று கதவைத் தட்டும் சப்தம். எருமை மாடு""

`படார்'... கதவைப் பலமாகத் தட்டும் சப்தம். ம்' என்ற முனகல் வீட்டினுள்ளிருந்து ",0,
49,மலர் 2 இதழ் 16ல் 'இலக்கியத்தில் காதல்' என்னும் பகுதியின் ஆசிரியர் யார்? அப்பகுதி எவ்வாறு இலக்கியத்தையும் காதலையும் ஒப்புமைப்படுத்தி கூறுகிறது?,unknown || 6 || பொதுமேடை,பொதுமேடை,NA,"பொதுமேடை                                                                                          27

வளரும் இலக்கியம்             தே. நாராயணன்                                 30

கலையும் ரசிகர்களும",0,
49,மலர் 2 இதழ் 16ல் 'இலக்கியத்தில் காதல்' என்னும் பகுதியின் ஆசிரியர் யார்? அப்பகுதி எவ்வாறு இலக்கியத்தையும் காதலையும் ஒப்புமைப்படுத்தி கூறுகிறது?,unknown || 6 || சொல்லாராய்ச்சி அரங்கு,சொல்லாராய்ச்சி அரங்கு,கா.அப்பாத்துரை,"சொல்லாராய்ச்சி அரங்கு அப்பாத்துரை			           57

அனுபவம்                               ஜெகசிற்பியன் 			           60



மலர் 4]                            மே 10, 1950                    [இதழ் 6
",0,
49,மலர் 2 இதழ் 16ல் 'இலக்கியத்தில் காதல்' என்னும் பகுதியின் ஆசிரியர் யார்? அப்பகுதி எவ்வாறு இலக்கியத்தையும் காதலையும் ஒப்புமைப்படுத்தி கூறுகிறது?,unknown || 6 || பார் பார் பட்டணம் பார்,பார் பார் பட்டணம் பார்,மெரீனா,"3 பட்டணம்பார்

""மெரீனா எழுதுகிறது பட்டணத்திலே வெய்யில் கடு மையாகக் கொளுத்துகிறது. ஒரு நாளுக்கொருநாள வெப் பம் கூடிககொண்டே போகி றது. அப்பப்பா தாங்க முடிய வில்லை. விஷ ஏறுவது போலல்லவா ஏறுகிறது! இப் படியே ",0,
50,பொன்னி இதழில் சிறுவர் அரங்க பகுதியான 'நல்ல நண்பன்' என்னும் கதையின் மையக்கருத்து யாது?,unknown || 1 || மூன்றவது ஆண்டு,மூன்றவது ஆண்டு,NA,"மூன்றவது ஆண்டு



உங்கள் அருமைப் 'பொன்னி’க்கு இன்று மூன்றாம் ஆண்டு தொடங்குகிறது; அன்பர்களின் ஆர்வம், ஒத்துழைப்பு என்னும் துணை கொண்டு இரண்டு ஆண்டுப் பயணத்தை வெற்றிகரமாக முடித்திருக்கிறள் 'பொன்னி' நல்லா",0,
50,பொன்னி இதழில் சிறுவர் அரங்க பகுதியான 'நல்ல நண்பன்' என்னும் கதையின் மையக்கருத்து யாது?,unknown || 1 || நான்காவது ஆண்டு,நான்காவது ஆண்டு,NA,"நான்காவது ஆண்டு

நான்காவது ஆண்டு தொடக்க இதழுடன் `பொன்னி' நல்லாள் உங்கள் முன் நிற்கிறாள்; ஆம் மூன்றாண்டு முடிந்துவிட்டது, 'பொன்னி’யின் பயணம் தொடங்கி. அன்பர்களின் ஒத்துழைப்பும் ஆர்வமுமே இந்த இன்பப் பயண",0,
50,பொன்னி இதழில் சிறுவர் அரங்க பகுதியான 'நல்ல நண்பன்' என்னும் கதையின் மையக்கருத்து யாது?,unknown || 21 || பொதுமேடை,பொதுமேடை,NA,"பொதுமேடை….. போத்தனூர்

 1-12-49

 வரிக்காக மதுவிலக்கா? மதுவிலக்கு வெற்றியளிக்கவில்லை என்பது மாநில மக்களும், நாடாளும் அமைச்சர்களும் நன்கறிந்ததொன்றாகும். அதைக் குறித்து முதலமைச்சர் முதல் கடைசிக் கதர்க",0,
50,பொன்னி இதழில் சிறுவர் அரங்க பகுதியான 'நல்ல நண்பன்' என்னும் கதையின் மையக்கருத்து யாது?,unknown || 9 || நல்ல மருந்து,நல்ல மருந்து,பக்தவத்சலம்,"நல்ல மருந்து

படிக்கும்போது மாத்திரம் சுவையளித்துப் பிறகு மனதிலிருந்து மறைந்துவிடுகின்ற கதைகள் எத்தனையோ வெளிவருகின்றன. ஆனால் புதுமைப்பித்தனின் கதைகள் அத்தகையவையல்ல. அவை சிரஞ்சீவியானவை. தனி மனிதரின் ந",0,
50,பொன்னி இதழில் சிறுவர் அரங்க பகுதியான 'நல்ல நண்பன்' என்னும் கதையின் மையக்கருத்து யாது?,unknown || 2 || பொது மேடை,பொது மேடை,NA,"பொது மேடை



	சிதம்பரம் 16-2-49. 'பொன்னி' யின் பொங்கல் மலர் ஒரு தங்க மலர் - பகுத்தறிவு மணம் இருக்கிறது அதில்! பொன் மலர் நாற்றமுடைத்து…. என்று பாடியது இன்று உண்மையாகி விட்டது. கதைகளுக்கேற்ற பட அமைப்பு",0,
50,பொன்னி இதழில் சிறுவர் அரங்க பகுதியான 'நல்ல நண்பன்' என்னும் கதையின் மையக்கருத்து யாது?,unknown || 9 || சிமோனின் தகப்பன்,சிமோனின் தகப்பன்,வாணிதாசன்,"சிமோனின் தகப்பன்

தமிழாக்கம் : வாணிதாசன்

மணி அடித்தது. பள்ளிச் சிறுவர்கள் மிக விரைவாக ஒருவரையொருவர் தள்ளிக்கொண்டு வெளியே வந்தனர். கட்டவிழ்த்து விடப்பட்ட கன்றுக் குட்டிகள் துள்ளிக் குதிப்பதைப் பார்த",0,
50,பொன்னி இதழில் சிறுவர் அரங்க பகுதியான 'நல்ல நண்பன்' என்னும் கதையின் மையக்கருத்து யாது?,unknown || 2 || சாயம் வெளுத்தது,சாயம் வெளுத்தது,க.கண்ணுச்சாமி,"சாயம் வெளுத்தது

	க. கண்ணுச்சாமி



	            சந்திரகிரியிலுள்ள காளிகோயில் அவ்வட்டாரத்திலேயே பெயர் பெற்றது. அக்கோவிலைக் கட்டியவர் கனகவேல் செட்டியார் ஆவர். அவர்தான் அவ்வூரிலேயே பெரிய செல்வந்தர்.",0,
50,பொன்னி இதழில் சிறுவர் அரங்க பகுதியான 'நல்ல நண்பன்' என்னும் கதையின் மையக்கருத்து யாது?,unknown || 4 || காலமும் கருத்தும்,காலமும் கருத்தும்,NA,"காலமும் கருத்தும்

புதுமைப்பித்தன் பரிசு

புதுமைப்பித்தன் நினைவாகச் சிறுகதைப் பரிசுத் திட்டம் ஒன்று வெளியிட்டிருக்கிறோம். சென்ற இதழிலும் இந்த இதழிலும் அப்போட்டி பற்றிய விவரங்களைத் தனியே காணலாம். தமிழ",0,
50,பொன்னி இதழில் சிறுவர் அரங்க பகுதியான 'நல்ல நண்பன்' என்னும் கதையின் மையக்கருத்து யாது?,unknown || 1 || காலமும் கருத்தும்,காலமும் கருத்தும்,NA,"காலமும் கருத்தும் 



அகில தமிழர் மாநாடு 

சென்னையில் பிப்ரவரி 14, 15, தேதிகளில் கூடிய அகில தமிழர் மாநாடு சில தீர்மானங்களை நிறைவேற்றியிருக்கிறது. குறிப்பாக திரு ஜி.. நாயுடு அவர்கள் கொண்டுவந்த தமிழ் நா",0,
50,பொன்னி இதழில் சிறுவர் அரங்க பகுதியான 'நல்ல நண்பன்' என்னும் கதையின் மையக்கருத்து யாது?,unknown || 8 || அரங்கேற்றம்,அரங்கேற்றம்,ஜெயசிற்பியன்,"அரங்கேற்றம்

அம்பலத்தில் மட்டுமென்ன, அறையிலும் அரங்கேற்றம் செய்துவிடுகிறார்கள் நாட்டியம் கற்றுக்கொண்ட குழந்தைகள். அற்புதம் - அபூர்வம் ‘’

''குழந்தை எவ்வளவு அர்த்த புஷ்டியுடன் ஆடுகிறது! உடம்பின் நெளிவு",0,
50,பொன்னி இதழில் சிறுவர் அரங்க பகுதியான 'நல்ல நண்பன்' என்னும் கதையின் மையக்கருத்து யாது?,unknown || 1 || மாறுதல்,மாறுதல்,திருநாவுக்கரசன்,"மாறுதல்



சொ. திருநாவுக்கரசன்





எட்டடுக்கு மாளிகையிலே ஏற்ற வாழ்வு பெற்றிருக்கும் ஏகாம்பரர் வெளி உலகிற்கு ஏதும் தெரியாதவராக—கள்ளச் சந்தையை மறைக்கக் கடவுள் பக்தராகக் காட்சியளிப்பது—காரிய உலகவாதிகளை",0,
50,பொன்னி இதழில் சிறுவர் அரங்க பகுதியான 'நல்ல நண்பன்' என்னும் கதையின் மையக்கருத்து யாது?,unknown || 10 || வளரும் இலக்கியம்,வளரும் இலக்கியம்,நா. வேத்தரசன்,"வளரும் இலக்கியம்



புரட்சி இலக்கியம்

இன்றைய இலக்கியங்களைப் பற்றிய ஒரு தெளிவான ஆராய்ச்சியாக இருக்கும் இந்நூல். இலக்கிய உலகில் நாறிக்கிடக்கும் அழுகிய கற்பனைகளை அகற்றி, புரட்சி இலக்கியங்களை அரியணையேற்",0,
50,பொன்னி இதழில் சிறுவர் அரங்க பகுதியான 'நல்ல நண்பன்' என்னும் கதையின் மையக்கருத்து யாது?,unknown || 1 || ஜப்பானிலே!,ஜப்பானிலே!,வீர.பழனியப்பன்,"பிள்ளையோ பிள்ளை





காங்கிரஸ் ஆட்சியில் தமிழ் நாட்டிலே பிள்ளைகள் விலைபேசப்படும் கதையைப் பார்த்தோம். தஞ்சை விவசாயிகளின் குழந்தைகளும், கோவை சேலம் நெசவாளிகளின் குழந்தைகளும் நாலணா எட்டணா என்று விலை கூறப்",0,
50,பொன்னி இதழில் சிறுவர் அரங்க பகுதியான 'நல்ல நண்பன்' என்னும் கதையின் மையக்கருத்து யாது?,unknown || 6 || வளரும் இலக்கியம்,வளரும் இலக்கியம்,நா. வேத்தரசன்,"வளரும் இலக்கியம்

ஓடாதே**

 ஒரு சிறு பையனின் பரிதாபகரமான கதை. அவன் துன்பத்தைத் தாங்கமுடியாமல் கடலில் விழப் போகும்போது `தமிழ்வாணன்' அண்ணா தடுத்து விடுகிறார். அவன் அன்புக்குரிய தங்கச்சியும் ஓடி வருகிறாள",0,
50,பொன்னி இதழில் சிறுவர் அரங்க பகுதியான 'நல்ல நண்பன்' என்னும் கதையின் மையக்கருத்து யாது?,unknown || 14 || ஆசிரியர் வெங்கு,ஆசிரியர் வெங்கு,மு.செங்கல்வராயன்,"ஆசிரியர் ‘வெங்கு’

மு. செங்கல்வராயன்



அவன் கண்ட செல்வம் ஒரே குழந்தை. அது மடிந்துவிட்டது. அன்று முதல் இன்று வரை அவன் ஒரு பைத்தியக்காரன்- அப்படித்தானே ஊரார் சொல்லி வருகிறார்கள் - சொல்லுகிறார்கள்! அட ப",0,
50,பொன்னி இதழில் சிறுவர் அரங்க பகுதியான 'நல்ல நண்பன்' என்னும் கதையின் மையக்கருத்து யாது?,unknown || 12 || பொய்யும் மெய்யும்,பொய்யும் மெய்யும்,புதுமைச்சித்தன்,"பொய்யும்   மெய்யும்

புதுமைச்சித்தன்



கவிபாடின கம்பனுக்கு அள்ளிக் கொடுத்தார்களாம். அதெல்லாம் அந்தக் காலத்திலே! இப்பொழுது கவிபாடுகிறவனுக்கோ, கதை எழுதுகிறவனுக்கோ ஒரு பிடி புழுதி மண்ணை அள்ளிக் கொடுக்கக",0,
